Strategy,Date,From State,To State,From Asset,To Asset,Trade,Whipsaw,Duration Days,Exit Timing,Re-entry Timing,Downside Avoided,Transition Quality
A-RVol v3 (NASDAQ),1993-02-16,AGGRESSIVE,MODERATE,TQQQ,QLD,True,True,1,,,,
A-RVol v3 (NASDAQ),1993-02-17,MODERATE,DEFENSIVE,QLD,TLT,True,False,6,-0.08781860830044708,,-0.024671807257025224,71.43551158450836
A-RVol v3 (NASDAQ),1993-02-25,DEFENSIVE,MODERATE,TLT,QLD,True,True,3,,0.015184821303071194,,
A-RVol v3 (NASDAQ),1993-03-02,MODERATE,DEFENSIVE,QLD,TLT,True,False,200,-0.09379031228544765,,0.0,68.74516252574628
A-RVol v3 (NASDAQ),1993-12-14,DEFENSIVE,MODERATE,TLT,QLD,True,False,6,,0.0,,82.31037709797546
A-RVol v3 (NASDAQ),1993-12-22,MODERATE,AGGRESSIVE,QLD,TQQQ,True,False,70,,,,94.30340808567678
A-RVol v3 (NASDAQ),1994-04-04,AGGRESSIVE,MODERATE,TQQQ,QLD,True,True,1,,,,
A-RVol v3 (NASDAQ),1994-04-05,MODERATE,DEFENSIVE,QLD,TLT,True,False,29,-0.09381007427041488,,0.0,68.74279108755022
A-RVol v3 (NASDAQ),1994-05-17,DEFENSIVE,MODERATE,TLT,QLD,True,False,27,,0.0,,88.24065963433918
A-RVol v3 (NASDAQ),1994-06-24,MODERATE,DEFENSIVE,QLD,TLT,True,False,14,-0.010735273767944253,,-0.0424954599917331,82.11140394718534
A-RVol v3 (NASDAQ),1994-07-15,DEFENSIVE,MODERATE,TLT,QLD,True,False,28,,0.044381471017741925,,78.47178306478813
A-RVol v3 (NASDAQ),1994-08-24,MODERATE,AGGRESSIVE,QLD,TQQQ,True,False,15,,,,87.17306922519268
A-RVol v3 (NASDAQ),1994-09-15,AGGRESSIVE,MODERATE,TQQQ,QLD,True,False,31,,,,60.231627215743586
A-RVol v3 (NASDAQ),1994-10-28,MODERATE,AGGRESSIVE,QLD,TQQQ,True,False,17,,,,64.1344808792965
A-RVol v3 (NASDAQ),1994-11-22,AGGRESSIVE,MODERATE,TQQQ,QLD,True,False,35,,,,74.70372250423489
A-RVol v3 (NASDAQ),1995-01-13,MODERATE,AGGRESSIVE,QLD,TQQQ,True,False,94,,,,81.91720937910526
A-RVol v3 (NASDAQ),1995-05-30,AGGRESSIVE,MODERATE,TQQQ,QLD,True,False,15,,,,87.5766590473333
A-RVol v3 (NASDAQ),1995-06-20,MODERATE,AGGRESSIVE,QLD,TQQQ,True,True,5,,,,
A-RVol v3 (NASDAQ),1995-06-27,AGGRESSIVE,MODERATE,TQQQ,QLD,True,False,9,,,,84.64145175527874
A-RVol v3 (NASDAQ),1995-07-11,MODERATE,DEFENSIVE,QLD,TLT,True,False,54,-0.09033388916654617,,-0.11948373001110812,78.7186317009031
A-RVol v3 (NASDAQ),1995-09-26,DEFENSIVE,MODERATE,TLT,QLD,True,False,6,,0.0301276371106336,,74.0449628344334
A-RVol v3 (NASDAQ),1995-10-04,MODERATE,DEFENSIVE,QLD,TLT,True,True,5,-0.1077331158311351,,0.0,67.07202610026378
A-RVol v3 (NASDAQ),1995-10-11,DEFENSIVE,MODERATE,TLT,QLD,True,True,1,,0.0,,
A-RVol v3 (NASDAQ),1995-10-12,MODERATE,DEFENSIVE,QLD,TLT,True,False,79,0.04457894931583262,,-0.0522396968896538,84.17917575117231
A-RVol v3 (NASDAQ),1996-02-05,DEFENSIVE,MODERATE,TLT,QLD,True,False,47,,0.05511910207487514,,75.82703058871758
A-RVol v3 (NASDAQ),1996-04-12,MODERATE,AGGRESSIVE,QLD,TQQQ,True,False,14,,,,100.0
A-RVol v3 (NASDAQ),1996-05-02,AGGRESSIVE,MODERATE,TQQQ,QLD,True,False,15,,,,89.32991102829375
A-RVol v3 (NASDAQ),1996-05-23,MODERATE,AGGRESSIVE,QLD,TQQQ,True,False,26,,,,62.1380081365852
A-RVol v3 (NASDAQ),1996-07-01,AGGRESSIVE,MODERATE,TQQQ,QLD,True,True,3,,,,
A-RVol v3 (NASDAQ),1996-07-05,MODERATE,DEFENSIVE,QLD,TLT,True,False,8,-0.14512203174755345,,-0.10510697874066932,70.99391448954714
A-RVol v3 (NASDAQ),1996-07-17,DEFENSIVE,MODERATE,TLT,QLD,True,True,4,,0.025148611166915247,,
A-RVol v3 (NASDAQ),1996-07-23,MODERATE,DEFENSIVE,QLD,TLT,True,True,3,-0.03683284678224663,,-0.04093632963066185,78.85496475658334
A-RVol v3 (NASDAQ),1996-07-26,DEFENSIVE,MODERATE,TLT,QLD,True,True,1,,0.0,,
A-RVol v3 (NASDAQ),1996-07-29,MODERATE,DEFENSIVE,QLD,TLT,True,False,11,-0.03980859603692766,,-0.05547701437778918,79.66112962579183
A-RVol v3 (NASDAQ),1996-08-13,DEFENSIVE,MODERATE,TLT,QLD,True,False,143,,0.058735483648651776,,75.05301856680839
A-RVol v3 (NASDAQ),1997-03-07,MODERATE,DEFENSIVE,QLD,TLT,True,False,13,-0.01888170903411146,,-0.11960092235481279,87.30226870429165
A-RVol v3 (NASDAQ),1997-03-26,DEFENSIVE,MODERATE,TLT,QLD,True,True,2,,0.0392516056577592,,
A-RVol v3 (NASDAQ),1997-03-31,MODERATE,DEFENSIVE,QLD,TLT,True,True,4,-0.032652052400978016,,-0.08011789193334062,82.49118506654989
A-RVol v3 (NASDAQ),1997-04-04,DEFENSIVE,MODERATE,TLT,QLD,True,True,5,,0.024090019505665694,,
A-RVol v3 (NASDAQ),1997-04-11,MODERATE,DEFENSIVE,QLD,TLT,True,False,30,0.017303886824553638,,-0.07957898478440051,86.36631878275205
A-RVol v3 (NASDAQ),1997-05-23,DEFENSIVE,MODERATE,TLT,QLD,True,False,107,,0.08645933053338628,,70.53283168180887
A-RVol v3 (NASDAQ),1997-10-24,MODERATE,DEFENSIVE,QLD,TLT,True,True,2,-0.15758496893904883,,-0.12948209962426172,71.44837169725508
A-RVol v3 (NASDAQ),1997-10-28,DEFENSIVE,MODERATE,TLT,QLD,True,True,1,,0.0,,
A-RVol v3 (NASDAQ),1997-10-29,MODERATE,DEFENSIVE,QLD,TLT,True,False,46,-0.02215507052402521,,-0.09952370772954477,85.30328815548056
A-RVol v3 (NASDAQ),1998-01-06,DEFENSIVE,MODERATE,TLT,QLD,True,False,58,,0.11052340698343799,,85.55629478653836
A-RVol v3 (NASDAQ),1998-03-31,MODERATE,AGGRESSIVE,QLD,TQQQ,True,True,5,,,,
A-RVol v3 (NASDAQ),1998-04-07,AGGRESSIVE,MODERATE,TQQQ,QLD,True,False,99,,,,95.03193466249132
A-RVol v3 (NASDAQ),1998-08-27,MODERATE,DEFENSIVE,QLD,TLT,True,True,3,-0.2650937730382533,,-0.016791240249493522,49.532046455369084
A-RVol v3 (NASDAQ),1998-09-01,DEFENSIVE,MODERATE,TLT,QLD,True,True,1,,0.0,,
A-RVol v3 (NASDAQ),1998-09-02,MODERATE,DEFENSIVE,QLD,TLT,True,False,48,0.013169000140285325,,-0.017375945156442252,81.39007561251537
A-RVol v3 (NASDAQ),1998-11-10,DEFENSIVE,MODERATE,TLT,QLD,True,False,17,,0.017683207601923323,,89.09787435570321
A-RVol v3 (NASDAQ),1998-12-04,MODERATE,DEFENSIVE,QLD,TLT,True,False,21,0.06381900276661101,,-0.06101782611914519,84.88142608953162
A-RVol v3 (NASDAQ),1999-01-06,DEFENSIVE,MODERATE,TLT,QLD,True,False,13,,0.06498294410314087,,71.42034521929642
A-RVol v3 (NASDAQ),1999-01-26,MODERATE,DEFENSIVE,QLD,TLT,True,False,113,0.021819943720168267,,-0.1489165900310231,91.91332720248184
A-RVol v3 (NASDAQ),1999-07-08,DEFENSIVE,MODERATE,TLT,QLD,True,False,70,,0.1749729677335048,,62.58843326180888
A-RVol v3 (NASDAQ),1999-10-15,MODERATE,DEFENSIVE,QLD,TLT,True,False,15,0.03864409418303172,,0.0,80.0
A-RVol v3 (NASDAQ),1999-11-05,DEFENSIVE,MODERATE,TLT,QLD,True,False,40,,0.0,,100.0
A-RVol v3 (NASDAQ),2000-01-04,MODERATE,DEFENSIVE,QLD,TLT,True,False,162,0.026705781604760448,,-0.18628239793648915,94.90259183491914
A-RVol v3 (NASDAQ),2000-08-24,DEFENSIVE,MODERATE,TLT,QLD,True,False,17,,0.22892757568976574,,57.598624945558754
A-RVol v3 (NASDAQ),2000-09-19,MODERATE,DEFENSIVE,QLD,TLT,True,False,647,0.03453560371228104,,-0.03554658142770206,82.84372651421617
A-RVol v3 (NASDAQ),2003-04-22,DEFENSIVE,MODERATE,TLT,QLD,True,False,89,,0.03685671152508574,,82.7874337378728
A-RVol v3 (NASDAQ),2003-08-27,MODERATE,AGGRESSIVE,QLD,TQQQ,True,False,13,,,,90.1047862084346
A-RVol v3 (NASDAQ),2003-09-16,AGGRESSIVE,MODERATE,TQQQ,QLD,True,False,78,,,,68.22372276575152
A-RVol v3 (NASDAQ),2004-01-07,MODERATE,AGGRESSIVE,QLD,TQQQ,True,False,24,,,,68.491073122024
A-RVol v3 (NASDAQ),2004-02-11,AGGRESSIVE,MODERATE,TQQQ,QLD,True,False,12,,,,67.92170532686468
A-RVol v3 (NASDAQ),2004-03-01,MODERATE,AGGRESSIVE,QLD,TQQQ,True,False,10,,,,47.71556964481869
A-RVol v3 (NASDAQ),2004-03-15,AGGRESSIVE,MODERATE,TQQQ,QLD,True,True,4,,,,
A-RVol v3 (NASDAQ),2004-03-19,MODERATE,DEFENSIVE,QLD,TLT,True,True,4,-0.010839326104754576,,-0.01478454273233687,79.8820442860164
A-RVol v3 (NASDAQ),2004-03-25,DEFENSIVE,MODERATE,TLT,QLD,True,False,45,,0.015006405576846626,,85.8995091881182
A-RVol v3 (NASDAQ),2004-05-28,MODERATE,AGGRESSIVE,QLD,TQQQ,True,False,16,,,,78.48241438708914
A-RVol v3 (NASDAQ),2004-06-23,AGGRESSIVE,MODERATE,TQQQ,QLD,True,False,19,,,,63.839238049601114
A-RVol v3 (NASDAQ),2004-07-21,MODERATE,DEFENSIVE,QLD,TLT,True,False,20,-0.02618544852037963,,-0.015495809987457254,78.09741097655102
A-RVol v3 (NASDAQ),2004-08-18,DEFENSIVE,MODERATE,TLT,QLD,True,False,61,,0.015739709535679935,,84.23011528049403
A-RVol v3 (NASDAQ),2004-11-12,MODERATE,AGGRESSIVE,QLD,TQQQ,True,False,57,,,,86.67273081576555
A-RVol v3 (NASDAQ),2005-02-04,AGGRESSIVE,MODERATE,TQQQ,QLD,True,False,26,,,,73.77894370590462
A-RVol v3 (NASDAQ),2005-03-15,MODERATE,AGGRESSIVE,QLD,TQQQ,True,False,26,,,,66.3379841639309
A-RVol v3 (NASDAQ),2005-04-21,AGGRESSIVE,MODERATE,TQQQ,QLD,True,False,20,,,,73.31515824742803
A-RVol v3 (NASDAQ),2005-05-19,MODERATE,AGGRESSIVE,QLD,TQQQ,True,False,109,,,,83.19837692779936
A-RVol v3 (NASDAQ),2005-10-24,AGGRESSIVE,MODERATE,TQQQ,QLD,True,False,18,,,,76.05449725219368
A-RVol v3 (NASDAQ),2005-11-17,MODERATE,AGGRESSIVE,QLD,TQQQ,True,False,33,,,,83.01948199110237
A-RVol v3 (NASDAQ),2006-01-06,AGGRESSIVE,MODERATE,TQQQ,QLD,True,False,9,,,,78.17671666139007
A-RVol v3 (NASDAQ),2006-01-20,MODERATE,DEFENSIVE,QLD,TLT,True,False,15,-0.05985279503853147,,-0.027938530093447933,75.05274700285206
A-RVol v3 (NASDAQ),2006-02-10,DEFENSIVE,MODERATE,TLT,QLD,True,False,30,,0.028741526084902658,,79.38323155941912
A-RVol v3 (NASDAQ),2006-03-27,MODERATE,AGGRESSIVE,QLD,TQQQ,True,False,44,,,,83.33035428615125
A-RVol v3 (NASDAQ),2006-05-30,AGGRESSIVE,MODERATE,TQQQ,QLD,True,True,2,,,,
A-RVol v3 (NASDAQ),2006-06-01,MODERATE,DEFENSIVE,QLD,TLT,True,False,51,-0.022357404149853766,,0.0,77.31711150201755
A-RVol v3 (NASDAQ),2006-08-14,DEFENSIVE,MODERATE,TLT,QLD,True,False,22,,0.0,,92.83137885367282
A-RVol v3 (NASDAQ),2006-09-14,MODERATE,AGGRESSIVE,QLD,TQQQ,True,False,112,,,,92.07146925743224
A-RVol v3 (NASDAQ),2007-02-27,AGGRESSIVE,MODERATE,TQQQ,QLD,True,True,1,,,,
A-RVol v3 (NASDAQ),2007-02-28,MODERATE,DEFENSIVE,QLD,TLT,True,False,14,0.013386734975686654,,-0.0038066774945944015,80.30453419956756
A-RVol v3 (NASDAQ),2007-03-20,DEFENSIVE,MODERATE,TLT,QLD,True,False,10,,0.003821223660705364,,81.04458616163804
A-RVol v3 (NASDAQ),2007-04-03,MODERATE,AGGRESSIVE,QLD,TQQQ,True,False,82,,,,91.97419557271196
A-RVol v3 (NASDAQ),2007-07-31,AGGRESSIVE,MODERATE,TQQQ,QLD,True,True,1,,,,
A-RVol v3 (NASDAQ),2007-08-01,MODERATE,DEFENSIVE,QLD,TLT,True,False,39,0.008929585492648773,,0.0,80.0
A-RVol v3 (NASDAQ),2007-09-26,DEFENSIVE,MODERATE,TLT,QLD,True,True,2,,0.0,,
A-RVol v3 (NASDAQ),2007-09-28,MODERATE,AGGRESSIVE,QLD,TQQQ,True,False,15,,,,89.64544136894102
A-RVol v3 (NASDAQ),2007-10-19,AGGRESSIVE,MODERATE,TQQQ,QLD,True,True,2,,,,
A-RVol v3 (NASDAQ),2007-10-23,MODERATE,DEFENSIVE,QLD,TLT,True,False,132,0.010941681646995827,,-0.03258453412673046,82.60676273013844
A-RVol v3 (NASDAQ),2008-05-02,DEFENSIVE,MODERATE,TLT,QLD,True,False,24,,0.03368204796820873,,79.41240104946554
A-RVol v3 (NASDAQ),2008-06-06,MODERATE,DEFENSIVE,QLD,TLT,True,False,250,0.017503070786970776,,-0.09191363556691612,87.3530908453533
A-RVol v3 (NASDAQ),2009-06-04,DEFENSIVE,MODERATE,TLT,QLD,True,False,21,,0.10121684364713213,,68.05931645581428
A-RVol v3 (NASDAQ),2009-07-06,MODERATE,DEFENSIVE,QLD,TLT,True,True,1,-0.10167390563955436,,0.0,67.79913132325348
A-RVol v3 (NASDAQ),2009-07-07,DEFENSIVE,MODERATE,TLT,QLD,True,True,1,,0.0,,
A-RVol v3 (NASDAQ),2009-07-08,MODERATE,DEFENSIVE,QLD,TLT,True,True,1,-0.09174093900586489,,0.0,68.99108731929621
A-RVol v3 (NASDAQ),2009-07-09,DEFENSIVE,MODERATE,TLT,QLD,True,True,1,,0.0,,
A-RVol v3 (NASDAQ),2009-07-10,MODERATE,DEFENSIVE,QLD,TLT,True,True,1,-0.048615466184594,,0.0,74.16614405784873
A-RVol v3 (NASDAQ),2009-07-13,DEFENSIVE,MODERATE,TLT,QLD,True,False,17,,0.0,,97.69227477392386
A-RVol v3 (NASDAQ),2009-08-05,MODERATE,AGGRESSIVE,QLD,TQQQ,True,False,8,,,,75.89247322847228
A-RVol v3 (NASDAQ),2009-08-17,AGGRESSIVE,MODERATE,TQQQ,QLD,True,False,10,,,,87.40492962966499
A-RVol v3 (NASDAQ),2009-08-31,MODERATE,DEFENSIVE,QLD,TLT,True,True,1,-0.05752774508233083,,-0.002041830008446266,73.260016990796
A-RVol v3 (NASDAQ),2009-09-01,DEFENSIVE,MODERATE,TLT,QLD,True,True,1,,0.0,,
A-RVol v3 (NASDAQ),2009-09-02,MODERATE,DEFENSIVE,QLD,TLT,True,True,1,-0.046620654600777245,,0.0,74.40552144790672
A-RVol v3 (NASDAQ),2009-09-03,DEFENSIVE,MODERATE,TLT,QLD,True,True,1,,0.0,,
A-RVol v3 (NASDAQ),2009-09-04,MODERATE,DEFENSIVE,QLD,TLT,True,True,1,0.013473165129331388,,0.0,80.0
A-RVol v3 (NASDAQ),2009-09-08,DEFENSIVE,MODERATE,TLT,QLD,True,False,10,,0.0,,84.20338991986797
A-RVol v3 (NASDAQ),2009-09-22,MODERATE,AGGRESSIVE,QLD,TQQQ,True,False,10,,,,60.67152013013809
A-RVol v3 (NASDAQ),2009-10-06,AGGRESSIVE,MODERATE,TQQQ,QLD,True,False,12,,,,84.9142516240434
A-RVol v3 (NASDAQ),2009-10-22,MODERATE,AGGRESSIVE,QLD,TQQQ,True,False,6,,,,54.257531401488244
A-RVol v3 (NASDAQ),2009-10-30,AGGRESSIVE,MODERATE,TQQQ,QLD,True,False,26,,,,92.25989583749305
A-RVol v3 (NASDAQ),2009-12-08,MODERATE,AGGRESSIVE,QLD,TQQQ,True,False,30,,,,94.8147915030896
A-RVol v3 (NASDAQ),2010-01-22,AGGRESSIVE,MODERATE,TQQQ,QLD,True,True,5,,,,
A-RVol v3 (NASDAQ),2010-01-29,MODERATE,DEFENSIVE,QLD,TLT,True,False,11,0.01782850112063805,,-0.007764869148803255,80.62118953190426
A-RVol v3 (NASDAQ),2010-02-16,DEFENSIVE,MODERATE,TLT,QLD,True,False,8,,0.007825634174172036,,78.4397343671951
A-RVol v3 (NASDAQ),2010-02-26,MODERATE,AGGRESSIVE,QLD,TQQQ,True,False,46,,,,98.62707989396185
A-RVol v3 (NASDAQ),2010-05-04,AGGRESSIVE,MODERATE,TQQQ,QLD,True,True,2,,,,
A-RVol v3 (NASDAQ),2010-05-06,MODERATE,DEFENSIVE,QLD,TLT,True,True,2,-0.10846705858298356,,-0.1492935525913922,78.92743717735334
A-RVol v3 (NASDAQ),2010-05-10,DEFENSIVE,MODERATE,TLT,QLD,True,True,1,,0.0,,
A-RVol v3 (NASDAQ),2010-05-11,MODERATE,DEFENSIVE,QLD,TLT,True,False,54,-0.015972105900326716,,-0.10370671463644399,86.3798844628763
A-RVol v3 (NASDAQ),2010-07-28,DEFENSIVE,MODERATE,TLT,QLD,True,False,17,,0.06302111757978635,,75.54018296231605
A-RVol v3 (NASDAQ),2010-08-20,MODERATE,DEFENSIVE,QLD,TLT,True,False,16,0.007995890088543511,,0.0,80.0
A-RVol v3 (NASDAQ),2010-09-14,DEFENSIVE,MODERATE,TLT,QLD,True,False,8,,0.0,,84.84379730275306
A-RVol v3 (NASDAQ),2010-09-24,MODERATE,AGGRESSIVE,QLD,TQQQ,True,False,47,,,,81.21777354066963
A-RVol v3 (NASDAQ),2010-12-01,AGGRESSIVE,MODERATE,TQQQ,QLD,True,False,11,,,,82.93579751440205
A-RVol v3 (NASDAQ),2010-12-16,MODERATE,AGGRESSIVE,QLD,TQQQ,True,False,52,,,,91.56393345563737
A-RVol v3 (NASDAQ),2011-03-03,AGGRESSIVE,MODERATE,TQQQ,QLD,True,False,24,,,,58.588588139906236
A-RVol v3 (NASDAQ),2011-04-06,MODERATE,AGGRESSIVE,QLD,TQQQ,True,False,48,,,,77.85712839167243
A-RVol v3 (NASDAQ),2011-06-15,AGGRESSIVE,MODERATE,TQQQ,QLD,True,True,1,,,,
A-RVol v3 (NASDAQ),2011-06-16,MODERATE,DEFENSIVE,QLD,TLT,True,True,4,-0.01952817770806936,,-0.016984250583682803,79.0153587217263
A-RVol v3 (NASDAQ),2011-06-22,DEFENSIVE,MODERATE,TLT,QLD,True,False,28,,0.0172776993591075,,90.98631410341362
A-RVol v3 (NASDAQ),2011-08-02,MODERATE,DEFENSIVE,QLD,TLT,True,False,99,-0.06580360289613085,,0.0,72.1035676524643
A-RVol v3 (NASDAQ),2011-12-21,DEFENSIVE,MODERATE,TLT,QLD,True,False,14,,0.0,,87.86291734919158
A-RVol v3 (NASDAQ),2012-01-12,MODERATE,AGGRESSIVE,QLD,TQQQ,True,False,71,,,,96.2321018437408
A-RVol v3 (NASDAQ),2012-04-25,AGGRESSIVE,MODERATE,TQQQ,QLD,True,False,15,,,,69.1587713672788
A-RVol v3 (NASDAQ),2012-05-16,MODERATE,AGGRESSIVE,QLD,TQQQ,True,True,3,,,,
A-RVol v3 (NASDAQ),2012-05-21,AGGRESSIVE,MODERATE,TQQQ,QLD,True,False,7,,,,79.30600602852662
A-RVol v3 (NASDAQ),2012-05-31,MODERATE,DEFENSIVE,QLD,TLT,True,True,1,-0.07705827728483217,,0.0,70.75300672582014
A-RVol v3 (NASDAQ),2012-06-01,DEFENSIVE,MODERATE,TLT,QLD,True,True,1,,0.0,,
A-RVol v3 (NASDAQ),2012-06-04,MODERATE,DEFENSIVE,QLD,TLT,True,True,1,-0.05515354053747845,,0.0,73.38157513550259
A-RVol v3 (NASDAQ),2012-06-05,DEFENSIVE,MODERATE,TLT,QLD,True,False,49,,0.0,,90.18419621632219
A-RVol v3 (NASDAQ),2012-08-14,MODERATE,AGGRESSIVE,QLD,TQQQ,True,False,58,,,,85.53428697745065
A-RVol v3 (NASDAQ),2012-11-07,AGGRESSIVE,MODERATE,TQQQ,QLD,True,False,16,,,,70.7471167336066
A-RVol v3 (NASDAQ),2012-11-30,MODERATE,AGGRESSIVE,QLD,TQQQ,True,False,21,,,,68.10857997630409
A-RVol v3 (NASDAQ),2013-01-02,AGGRESSIVE,MODERATE,TQQQ,QLD,True,False,15,,,,77.18699410053955
A-RVol v3 (NASDAQ),2013-01-24,MODERATE,AGGRESSIVE,QLD,TQQQ,True,False,58,,,,80.50790528075268
A-RVol v3 (NASDAQ),2013-04-18,AGGRESSIVE,MODERATE,TQQQ,QLD,True,False,14,,,,89.99311194221617
A-RVol v3 (NASDAQ),2013-05-08,MODERATE,AGGRESSIVE,QLD,TQQQ,True,False,33,,,,79.58374388420378
A-RVol v3 (NASDAQ),2013-06-25,AGGRESSIVE,MODERATE,TQQQ,QLD,True,False,12,,,,87.62447150864433
A-RVol v3 (NASDAQ),2013-07-12,MODERATE,AGGRESSIVE,QLD,TQQQ,True,False,67,,,,78.45990355388236
A-RVol v3 (NASDAQ),2013-10-16,AGGRESSIVE,MODERATE,TQQQ,QLD,True,False,9,,,,83.13990690947206
A-RVol v3 (NASDAQ),2013-10-29,MODERATE,AGGRESSIVE,QLD,TQQQ,True,False,59,,,,76.92469418090411
A-RVol v3 (NASDAQ),2014-01-24,AGGRESSIVE,MODERATE,TQQQ,QLD,True,True,4,,,,
A-RVol v3 (NASDAQ),2014-01-30,MODERATE,DEFENSIVE,QLD,TLT,True,False,17,-0.0030550864766667463,,-0.03447614601881399,82.3914813043051
A-RVol v3 (NASDAQ),2014-02-25,DEFENSIVE,MODERATE,TLT,QLD,True,True,1,,0.0,,
A-RVol v3 (NASDAQ),2014-02-26,MODERATE,AGGRESSIVE,QLD,TQQQ,True,False,24,,,,73.09490347318054
A-RVol v3 (NASDAQ),2014-04-01,AGGRESSIVE,MODERATE,TQQQ,QLD,True,True,3,,,,
A-RVol v3 (NASDAQ),2014-04-04,MODERATE,DEFENSIVE,QLD,TLT,True,False,19,-0.003838069503916741,,-0.023727455978152068,81.43762813778216
A-RVol v3 (NASDAQ),2014-05-02,DEFENSIVE,MODERATE,TLT,QLD,True,False,10,,0.024304131180832522,,75.7855845313108
A-RVol v3 (NASDAQ),2014-05-16,MODERATE,AGGRESSIVE,QLD,TQQQ,True,False,97,,,,93.29377361088314
A-RVol v3 (NASDAQ),2014-10-03,AGGRESSIVE,MODERATE,TQQQ,QLD,True,True,3,,,,
A-RVol v3 (NASDAQ),2014-10-08,MODERATE,DEFENSIVE,QLD,TLT,True,False,23,0.005210928709026064,,0.0,80.0
A-RVol v3 (NASDAQ),2014-11-10,DEFENSIVE,MODERATE,TLT,QLD,True,True,1,,0.0,,
A-RVol v3 (NASDAQ),2014-11-11,MODERATE,AGGRESSIVE,QLD,TQQQ,True,False,26,,,,86.09199975296242
A-RVol v3 (NASDAQ),2014-12-18,AGGRESSIVE,MODERATE,TQQQ,QLD,True,True,1,,,,
A-RVol v3 (NASDAQ),2014-12-19,MODERATE,DEFENSIVE,QLD,TLT,True,False,39,0.0029396736967919335,,-0.03933185395892269,83.14654831671382
A-RVol v3 (NASDAQ),2015-02-18,DEFENSIVE,MODERATE,TLT,QLD,True,True,1,,0.0,,
A-RVol v3 (NASDAQ),2015-02-19,MODERATE,AGGRESSIVE,QLD,TQQQ,True,False,52,,,,73.13683701636717
A-RVol v3 (NASDAQ),2015-05-05,AGGRESSIVE,MODERATE,TQQQ,QLD,True,False,19,,,,81.95300219381201
A-RVol v3 (NASDAQ),2015-06-02,MODERATE,AGGRESSIVE,QLD,TQQQ,True,False,28,,,,65.72410187894825
A-RVol v3 (NASDAQ),2015-07-13,AGGRESSIVE,MODERATE,TQQQ,QLD,True,False,29,,,,86.61079183741586
A-RVol v3 (NASDAQ),2015-08-21,MODERATE,DEFENSIVE,QLD,TLT,True,True,3,-0.15116142246565423,,-0.037529940104035764,64.86302451244435
A-RVol v3 (NASDAQ),2015-08-26,DEFENSIVE,MODERATE,TLT,QLD,True,True,1,,0.0,,
A-RVol v3 (NASDAQ),2015-08-27,MODERATE,DEFENSIVE,QLD,TLT,True,False,36,0.011302016945657689,,-0.022889593363161653,81.83116746905293
A-RVol v3 (NASDAQ),2015-10-19,DEFENSIVE,MODERATE,TLT,QLD,True,False,35,,0.023425800408723996,,85.92458829263559
A-RVol v3 (NASDAQ),2015-12-08,MODERATE,DEFENSIVE,QLD,TLT,True,True,1,-0.040270199736111234,,-0.15062547654349911,87.21761415514658
A-RVol v3 (NASDAQ),2015-12-09,DEFENSIVE,MODERATE,TLT,QLD,True,True,2,,0.0,,
A-RVol v3 (NASDAQ),2015-12-11,MODERATE,DEFENSIVE,QLD,TLT,True,True,1,-0.0617313698661659,,-0.16707079411720505,85.95789914543649
A-RVol v3 (NASDAQ),2015-12-14,DEFENSIVE,MODERATE,TLT,QLD,True,False,13,,0.027055646859947657,,80.84341252430868
A-RVol v3 (NASDAQ),2016-01-04,MODERATE,DEFENSIVE,QLD,TLT,True,False,18,-0.0026665478187629654,,-0.14705904710465822,91.4447380301211
A-RVol v3 (NASDAQ),2016-01-29,DEFENSIVE,MODERATE,TLT,QLD,True,True,1,,0.0,,
A-RVol v3 (NASDAQ),2016-02-01,MODERATE,DEFENSIVE,QLD,TLT,True,False,26,-0.01910821305234478,,-0.002509047768410211,77.90773825519145
A-RVol v3 (NASDAQ),2016-03-09,DEFENSIVE,MODERATE,TLT,QLD,True,False,14,,0.002515358924105593,,83.90120042109348
A-RVol v3 (NASDAQ),2016-03-30,MODERATE,AGGRESSIVE,QLD,TQQQ,True,False,61,,,,76.4285384211422
A-RVol v3 (NASDAQ),2016-06-24,AGGRESSIVE,MODERATE,TQQQ,QLD,True,True,1,,,,
A-RVol v3 (NASDAQ),2016-06-27,MODERATE,DEFENSIVE,QLD,TLT,True,True,4,-0.015614407598772528,,-0.012522477091847617,79.1280692554951
A-RVol v3 (NASDAQ),2016-07-01,DEFENSIVE,MODERATE,TLT,QLD,True,False,11,,0.012681278106430716,,85.13472400261864
A-RVol v3 (NASDAQ),2016-07-19,MODERATE,AGGRESSIVE,QLD,TQQQ,True,False,220,,,,90.81159030545629
A-RVol v3 (NASDAQ),2017-06-02,AGGRESSIVE,MODERATE,TQQQ,QLD,True,True,4,,,,
A-RVol v3 (NASDAQ),2017-06-08,MODERATE,AGGRESSIVE,QLD,TQQQ,True,True,1,,,,
A-RVol v3 (NASDAQ),2017-06-09,AGGRESSIVE,MODERATE,TQQQ,QLD,True,False,6,,,,75.8557828767005
A-RVol v3 (NASDAQ),2017-06-19,MODERATE,DEFENSIVE,QLD,TLT,True,False,23,-0.0014223687697766385,,-0.044152378813917204,83.36150605274017
A-RVol v3 (NASDAQ),2017-07-21,DEFENSIVE,MODERATE,TLT,QLD,True,True,2,,0.0,,
A-RVol v3 (NASDAQ),2017-07-25,MODERATE,AGGRESSIVE,QLD,TQQQ,True,False,17,,,,70.25384722123432
A-RVol v3 (NASDAQ),2017-08-17,AGGRESSIVE,MODERATE,TQQQ,QLD,True,True,1,,,,
A-RVol v3 (NASDAQ),2017-08-18,MODERATE,DEFENSIVE,QLD,TLT,True,False,14,-0.02491500692834092,,-0.016346695374569342,78.31793479856464
A-RVol v3 (NASDAQ),2017-09-08,DEFENSIVE,MODERATE,TLT,QLD,True,False,10,,0.0,,81.94254825347046
A-RVol v3 (NASDAQ),2017-09-22,MODERATE,AGGRESSIVE,QLD,TQQQ,True,False,25,,,,83.18518408904244
A-RVol v3 (NASDAQ),2017-10-27,AGGRESSIVE,MODERATE,TQQQ,QLD,True,False,15,,,,82.58960699589429
A-RVol v3 (NASDAQ),2017-11-17,MODERATE,AGGRESSIVE,QLD,TQQQ,True,False,10,,,,83.03520160684181
A-RVol v3 (NASDAQ),2017-12-04,AGGRESSIVE,MODERATE,TQQQ,QLD,True,False,15,,,,86.52271145381853
A-RVol v3 (NASDAQ),2017-12-26,MODERATE,AGGRESSIVE,QLD,TQQQ,True,False,26,,,,96.85456230398574
A-RVol v3 (NASDAQ),2018-02-02,AGGRESSIVE,MODERATE,TQQQ,QLD,True,True,1,,,,
A-RVol v3 (NASDAQ),2018-02-05,MODERATE,DEFENSIVE,QLD,TLT,True,False,69,-0.02204400257707484,,-0.005544908202717691,77.79831234696843
A-RVol v3 (NASDAQ),2018-05-15,DEFENSIVE,MODERATE,TLT,QLD,True,True,2,,0.0,,
A-RVol v3 (NASDAQ),2018-05-17,MODERATE,AGGRESSIVE,QLD,TQQQ,True,False,38,,,,90.45290892120013
A-RVol v3 (NASDAQ),2018-07-12,AGGRESSIVE,MODERATE,TQQQ,QLD,True,True,5,,,,
A-RVol v3 (NASDAQ),2018-07-19,MODERATE,AGGRESSIVE,QLD,TQQQ,True,False,58,,,,72.53327149430721
A-RVol v3 (NASDAQ),2018-10-10,AGGRESSIVE,MODERATE,TQQQ,QLD,True,True,1,,,,
A-RVol v3 (NASDAQ),2018-10-11,MODERATE,DEFENSIVE,QLD,TLT,True,False,10,-0.07476955592912138,,-0.14085664529233777,82.29618491189245
A-RVol v3 (NASDAQ),2018-10-25,DEFENSIVE,MODERATE,TLT,QLD,True,True,1,,0.0,,
A-RVol v3 (NASDAQ),2018-10-26,MODERATE,DEFENSIVE,QLD,TLT,True,False,63,0.0049620370916891865,,0.0,80.0
A-RVol v3 (NASDAQ),2019-01-30,DEFENSIVE,MODERATE,TLT,QLD,True,False,31,,0.0,,86.92307932055567
A-RVol v3 (NASDAQ),2019-03-15,MODERATE,AGGRESSIVE,QLD,TQQQ,True,False,40,,,,89.84801223972926
A-RVol v3 (NASDAQ),2019-05-13,AGGRESSIVE,MODERATE,TQQQ,QLD,True,False,9,,,,80.4540868701881
A-RVol v3 (NASDAQ),2019-05-24,MODERATE,DEFENSIVE,QLD,TLT,True,False,7,-0.06402783309197513,,0.0,72.31666002896299
A-RVol v3 (NASDAQ),2019-06-05,DEFENSIVE,MODERATE,TLT,QLD,True,False,17,,0.0,,90.01754599862046
A-RVol v3 (NASDAQ),2019-06-28,MODERATE,AGGRESSIVE,QLD,TQQQ,True,False,25,,,,89.9076885175291
A-RVol v3 (NASDAQ),2019-08-05,AGGRESSIVE,MODERATE,TQQQ,QLD,True,False,9,,,,83.22082075878626
A-RVol v3 (NASDAQ),2019-08-16,MODERATE,DEFENSIVE,QLD,TLT,True,False,13,0.03025303438789062,,-0.07927450120089974,86.34196009607197
A-RVol v3 (NASDAQ),2019-09-05,DEFENSIVE,MODERATE,TLT,QLD,True,False,7,,0.011865121555763247,,79.65856268010175
A-RVol v3 (NASDAQ),2019-09-16,MODERATE,AGGRESSIVE,QLD,TQQQ,True,False,19,,,,63.48733784007507
A-RVol v3 (NASDAQ),2019-10-11,AGGRESSIVE,MODERATE,TQQQ,QLD,True,False,10,,,,80.50197296941644
A-RVol v3 (NASDAQ),2019-10-25,MODERATE,AGGRESSIVE,QLD,TQQQ,True,False,68,,,,87.52579782497813
A-RVol v3 (NASDAQ),2020-02-04,AGGRESSIVE,MODERATE,TQQQ,QLD,True,False,13,,,,86.76714580621325
A-RVol v3 (NASDAQ),2020-02-24,MODERATE,DEFENSIVE,QLD,TLT,True,False,61,0.033999509817325135,,-0.022023719953043752,81.7618975962435
A-RVol v3 (NASDAQ),2020-05-20,DEFENSIVE,MODERATE,TLT,QLD,True,False,14,,0.022519687238208075,,79.70021521247348
A-RVol v3 (NASDAQ),2020-06-10,MODERATE,AGGRESSIVE,QLD,TQQQ,True,True,1,,,,
A-RVol v3 (NASDAQ),2020-06-11,AGGRESSIVE,MODERATE,TQQQ,QLD,True,False,12,,,,88.6006096468688
A-RVol v3 (NASDAQ),2020-06-29,MODERATE,DEFENSIVE,QLD,TLT,True,True,3,0.013535700720441524,,0.0,80.0
A-RVol v3 (NASDAQ),2020-07-02,DEFENSIVE,MODERATE,TLT,QLD,True,True,1,,0.0,,
A-RVol v3 (NASDAQ),2020-07-06,MODERATE,DEFENSIVE,QLD,TLT,True,True,1,-0.0141536412571458,,-0.011775027487504919,79.2435652481429
A-RVol v3 (NASDAQ),2020-07-07,DEFENSIVE,MODERATE,TLT,QLD,True,False,40,,0.011915330835617022,,86.98776750051547
A-RVol v3 (NASDAQ),2020-09-01,MODERATE,AGGRESSIVE,QLD,TQQQ,True,True,2,,,,
A-RVol v3 (NASDAQ),2020-09-03,AGGRESSIVE,MODERATE,TQQQ,QLD,True,True,3,,,,
A-RVol v3 (NASDAQ),2020-09-09,MODERATE,DEFENSIVE,QLD,TLT,True,False,32,-0.06503272713655905,,-0.10704957275853666,80.76003856429585
A-RVol v3 (NASDAQ),2020-10-23,DEFENSIVE,MODERATE,TLT,QLD,True,False,27,,0.11988299629268151,,70.66051576329275
A-RVol v3 (NASDAQ),2020-12-02,MODERATE,AGGRESSIVE,QLD,TQQQ,True,False,31,,,,84.89892698272382
A-RVol v3 (NASDAQ),2021-01-19,AGGRESSIVE,MODERATE,TQQQ,QLD,True,False,31,,,,87.08433496271061
A-RVol v3 (NASDAQ),2021-03-04,MODERATE,DEFENSIVE,QLD,TLT,True,True,3,-0.08066903641373091,,-0.005974610846309014,70.79768449805701
A-RVol v3 (NASDAQ),2021-03-09,DEFENSIVE,MODERATE,TLT,QLD,True,True,2,,0.006010521372493027,,
A-RVol v3 (NASDAQ),2021-03-11,MODERATE,DEFENSIVE,QLD,TLT,True,False,13,-0.046486224337209614,,0.0,74.42165307953485
A-RVol v3 (NASDAQ),2021-03-30,DEFENSIVE,MODERATE,TLT,QLD,True,False,26,,0.0,,92.60015117363142
A-RVol v3 (NASDAQ),2021-05-06,MODERATE,AGGRESSIVE,QLD,TQQQ,True,True,4,,,,
A-RVol v3 (NASDAQ),2021-05-12,AGGRESSIVE,MODERATE,TQQQ,QLD,True,False,18,,,,88.73434740372585
A-RVol v3 (NASDAQ),2021-06-08,MODERATE,AGGRESSIVE,QLD,TQQQ,True,False,82,,,,98.44981327380545
A-RVol v3 (NASDAQ),2021-10-04,AGGRESSIVE,MODERATE,TQQQ,QLD,True,False,15,,,,89.20074609011249
A-RVol v3 (NASDAQ),2021-10-25,MODERATE,AGGRESSIVE,QLD,TQQQ,True,False,26,,,,94.00771065072868
A-RVol v3 (NASDAQ),2021-12-01,AGGRESSIVE,MODERATE,TQQQ,QLD,True,True,4,,,,
A-RVol v3 (NASDAQ),2021-12-07,MODERATE,DEFENSIVE,QLD,TLT,True,False,173,-0.004675138495389031,,-0.22842737753874864,97.7131735836532
A-RVol v3 (NASDAQ),2022-08-16,DEFENSIVE,MODERATE,TLT,QLD,True,True,4,,0.06012533439111323,,
A-RVol v3 (NASDAQ),2022-08-22,MODERATE,DEFENSIVE,QLD,TLT,True,False,72,-0.007910696428408248,,-0.2132206422717301,96.10836781032941
A-RVol v3 (NASDAQ),2022-12-02,DEFENSIVE,MODERATE,TLT,QLD,True,True,1,,0.0,,
A-RVol v3 (NASDAQ),2022-12-05,MODERATE,DEFENSIVE,QLD,TLT,True,False,24,0.016911842892923357,,0.0,80.0
A-RVol v3 (NASDAQ),2023-01-10,DEFENSIVE,MODERATE,TLT,QLD,True,False,69,,0.0,,98.40783456308176
A-RVol v3 (NASDAQ),2023-04-20,MODERATE,AGGRESSIVE,QLD,TQQQ,True,False,13,,,,74.8808256881843
A-RVol v3 (NASDAQ),2023-05-09,AGGRESSIVE,MODERATE,TQQQ,QLD,True,False,28,,,,93.37385718440012
A-RVol v3 (NASDAQ),2023-06-20,MODERATE,AGGRESSIVE,QLD,TQQQ,True,True,5,,,,
A-RVol v3 (NASDAQ),2023-06-27,AGGRESSIVE,MODERATE,TQQQ,QLD,True,False,14,,,,83.61411383182691
A-RVol v3 (NASDAQ),2023-07-18,MODERATE,AGGRESSIVE,QLD,TQQQ,True,False,11,,,,67.44734211136422
A-RVol v3 (NASDAQ),2023-08-02,AGGRESSIVE,MODERATE,TQQQ,QLD,True,False,12,,,,65.74676821632514
A-RVol v3 (NASDAQ),2023-08-18,MODERATE,AGGRESSIVE,QLD,TQQQ,True,False,7,,,,83.60440266783124
A-RVol v3 (NASDAQ),2023-08-29,AGGRESSIVE,MODERATE,TQQQ,QLD,True,False,15,,,,76.47251098032484
A-RVol v3 (NASDAQ),2023-09-20,MODERATE,AGGRESSIVE,QLD,TQQQ,True,False,25,,,,66.39002399432106
A-RVol v3 (NASDAQ),2023-10-25,AGGRESSIVE,MODERATE,TQQQ,QLD,True,False,26,,,,93.57182701619308
A-RVol v3 (NASDAQ),2023-12-01,MODERATE,AGGRESSIVE,QLD,TQQQ,True,False,55,,,,84.18739762636275
A-RVol v3 (NASDAQ),2024-02-22,AGGRESSIVE,MODERATE,TQQQ,QLD,True,False,25,,,,79.36487966823123
A-RVol v3 (NASDAQ),2024-03-28,MODERATE,AGGRESSIVE,QLD,TQQQ,True,False,16,,,,48.49407776486892
A-RVol v3 (NASDAQ),2024-04-22,AGGRESSIVE,MODERATE,TQQQ,QLD,True,False,21,,,,93.741769416214
A-RVol v3 (NASDAQ),2024-05-21,MODERATE,AGGRESSIVE,QLD,TQQQ,True,False,38,,,,89.11899258248023
A-RVol v3 (NASDAQ),2024-07-17,AGGRESSIVE,MODERATE,TQQQ,QLD,True,True,5,,,,
A-RVol v3 (NASDAQ),2024-07-24,MODERATE,DEFENSIVE,QLD,TLT,True,False,46,-0.011736969917751638,,-0.02345300231320946,80.46780379492655
A-RVol v3 (NASDAQ),2024-09-27,DEFENSIVE,MODERATE,TLT,QLD,True,True,3,,0.02401625561162346,,
A-RVol v3 (NASDAQ),2024-10-02,MODERATE,AGGRESSIVE,QLD,TQQQ,True,False,25,,,,86.0269018621324
A-RVol v3 (NASDAQ),2024-11-06,AGGRESSIVE,MODERATE,TQQQ,QLD,True,False,15,,,,77.18827790031085
A-RVol v3 (NASDAQ),2024-11-27,MODERATE,AGGRESSIVE,QLD,TQQQ,True,False,14,,,,89.87930561129747
A-RVol v3 (NASDAQ),2024-12-18,AGGRESSIVE,MODERATE,TQQQ,QLD,True,False,39,,,,78.28175677500705
A-RVol v3 (NASDAQ),2025-02-18,MODERATE,AGGRESSIVE,QLD,TQQQ,True,False,7,,,,48.95554532264611
A-RVol v3 (NASDAQ),2025-02-27,AGGRESSIVE,MODERATE,TQQQ,QLD,True,True,2,,,,
A-RVol v3 (NASDAQ),2025-03-03,MODERATE,DEFENSIVE,QLD,TLT,True,False,10,-0.08064675991978099,,-0.2651946818995343,90.32238880962629
A-RVol v3 (NASDAQ),2025-03-17,DEFENSIVE,MODERATE,TLT,QLD,True,True,1,,0.0,,
A-RVol v3 (NASDAQ),2025-03-18,MODERATE,DEFENSIVE,QLD,TLT,True,False,36,-0.0032072053368702447,,-0.0017159857728881178,79.75241422140661
A-RVol v3 (NASDAQ),2025-05-08,DEFENSIVE,MODERATE,TLT,QLD,True,False,18,,0.001718935441650471,,90.0211046811142
A-RVol v3 (NASDAQ),2025-06-04,MODERATE,AGGRESSIVE,QLD,TQQQ,True,False,90,,,,89.24422847186922
A-RVol v3 (NASDAQ),2025-10-13,AGGRESSIVE,MODERATE,TQQQ,QLD,True,False,28,,,,85.19712101739312
A-RVol v3 (NASDAQ),2025-11-20,MODERATE,DEFENSIVE,QLD,TLT,True,True,3,-0.044338973311065066,,-0.032081859879867336,77.24587199306157
A-RVol v3 (NASDAQ),2025-11-25,DEFENSIVE,MODERATE,TLT,QLD,True,False,14,,0.0,,84.77628643701493
A-RVol v3 (NASDAQ),2025-12-16,MODERATE,AGGRESSIVE,QLD,TQQQ,True,False,35,,,,76.97964107296926
A-RVol v3 (NASDAQ),2026-02-06,AGGRESSIVE,MODERATE,TQQQ,QLD,True,False,34,,,,74.29777267957476
A-RVol v3 (NASDAQ),2026-03-27,MODERATE,DEFENSIVE,QLD,TLT,True,False,15,-0.005995166376150163,,-0.007866728273715484,79.90991829675922
A-RVol v3 (NASDAQ),2026-04-20,DEFENSIVE,MODERATE,TLT,QLD,True,False,31,,0.007929104383353147,,93.65975756614208
A-RVol v3 (NASDAQ),2026-06-03,MODERATE,AGGRESSIVE,QLD,TQQQ,True,True,2,,,,
A-RVol v3 (NASDAQ),2026-06-05,AGGRESSIVE,MODERATE,TQQQ,QLD,True,True,1,,,,
A-RVol v3 (NASDAQ),2026-06-08,MODERATE,DEFENSIVE,QLD,TLT,True,False,34,-0.12221854816547784,,-0.040682586914321694,68.5883811732884
A-RVol v3 (NASDAQ),2026-07-28,DEFENSIVE,MODERATE,TLT,QLD,True,True,1,,0.0,,
A-RVol v3 (NASDAQ),2026-07-29,MODERATE,DEFENSIVE,QLD,TLT,True,True,4,0.036198538676287306,,-0.025200106577662695,82.01600852621301
A-RVol v3 (NASDAQ),2026-08-04,DEFENSIVE,MODERATE,TLT,QLD,True,True,1,,0.0,,
A-RVol v3 (NASDAQ),2026-08-05,MODERATE,DEFENSIVE,QLD,TLT,True,False,8,,,,
A-RVol v3 (NASDAQ 2-State),1993-02-16,AGGRESSIVE,MODERATE,TQQQ,TQQQ,False,False,1,,,,
A-RVol v3 (NASDAQ 2-State),1993-02-17,MODERATE,DEFENSIVE,TQQQ,TLT,True,False,6,-0.13353979999244625,,-0.04010018437123064,67.1832387506049
A-RVol v3 (NASDAQ 2-State),1993-02-25,DEFENSIVE,MODERATE,TLT,TQQQ,True,True,3,,0.023050034808925757,,
A-RVol v3 (NASDAQ 2-State),1993-03-02,MODERATE,DEFENSIVE,TQQQ,TLT,True,False,198,-0.1385690113732324,,0.0,63.37171863521211
A-RVol v3 (NASDAQ 2-State),1993-12-14,DEFENSIVE,MODERATE,TLT,TQQQ,True,False,6,,0.0,,83.4527332999908
A-RVol v3 (NASDAQ 2-State),1993-12-22,MODERATE,AGGRESSIVE,TQQQ,TQQQ,False,False,69,,,,
A-RVol v3 (NASDAQ 2-State),1994-04-04,AGGRESSIVE,MODERATE,TQQQ,TQQQ,False,False,1,,,,
A-RVol v3 (NASDAQ 2-State),1994-04-05,MODERATE,DEFENSIVE,TQQQ,TLT,True,False,29,-0.13896270783456433,,0.0,63.32447505985228
A-RVol v3 (NASDAQ 2-State),1994-05-17,DEFENSIVE,MODERATE,TLT,TQQQ,True,False,27,,0.0,,92.46053289212571
A-RVol v3 (NASDAQ 2-State),1994-06-24,MODERATE,DEFENSIVE,TQQQ,TLT,True,False,14,-0.0162576004002154,,-0.06374475828618376,83.14866861486885
A-RVol v3 (NASDAQ 2-State),1994-07-15,DEFENSIVE,MODERATE,TLT,TQQQ,True,False,28,,0.06808480790932503,,77.27912085137703
A-RVol v3 (NASDAQ 2-State),1994-08-24,MODERATE,AGGRESSIVE,TQQQ,TQQQ,False,False,15,,,,
A-RVol v3 (NASDAQ 2-State),1994-09-15,AGGRESSIVE,MODERATE,TQQQ,TQQQ,False,False,30,,,,
A-RVol v3 (NASDAQ 2-State),1994-10-28,MODERATE,AGGRESSIVE,TQQQ,TQQQ,False,False,16,,,,
A-RVol v3 (NASDAQ 2-State),1994-11-22,AGGRESSIVE,MODERATE,TQQQ,TQQQ,False,False,35,,,,
A-RVol v3 (NASDAQ 2-State),1995-01-13,MODERATE,AGGRESSIVE,TQQQ,TQQQ,False,False,93,,,,
A-RVol v3 (NASDAQ 2-State),1995-05-30,AGGRESSIVE,MODERATE,TQQQ,TQQQ,False,False,15,,,,
A-RVol v3 (NASDAQ 2-State),1995-06-20,MODERATE,AGGRESSIVE,TQQQ,TQQQ,False,False,5,,,,
A-RVol v3 (NASDAQ 2-State),1995-06-27,AGGRESSIVE,MODERATE,TQQQ,TQQQ,False,False,9,,,,
A-RVol v3 (NASDAQ 2-State),1995-07-11,MODERATE,DEFENSIVE,TQQQ,TLT,True,False,54,-0.1351956562703236,,-0.18031976901099311,78.20210276844062
A-RVol v3 (NASDAQ 2-State),1995-09-26,DEFENSIVE,MODERATE,TLT,TQQQ,True,False,6,,0.048969561236433146,,70.38897335903064
A-RVol v3 (NASDAQ 2-State),1995-10-04,MODERATE,DEFENSIVE,TQQQ,TLT,True,True,5,-0.12473293201838676,,-0.02527327207327923,67.05390992365594
A-RVol v3 (NASDAQ 2-State),1995-10-12,DEFENSIVE,MODERATE,TLT,TQQQ,True,True,1,,0.0,,
A-RVol v3 (NASDAQ 2-State),1995-10-13,MODERATE,DEFENSIVE,TQQQ,TLT,True,False,77,0.0665901307247474,,-0.08285443401862413,86.62835472148993
A-RVol v3 (NASDAQ 2-State),1996-02-05,DEFENSIVE,MODERATE,TLT,TQQQ,True,False,47,,0.09033945874226323,,72.77064814210533
A-RVol v3 (NASDAQ 2-State),1996-04-12,MODERATE,AGGRESSIVE,TQQQ,TQQQ,False,False,14,,,,
A-RVol v3 (NASDAQ 2-State),1996-05-02,AGGRESSIVE,MODERATE,TQQQ,TQQQ,False,False,15,,,,
A-RVol v3 (NASDAQ 2-State),1996-05-23,MODERATE,AGGRESSIVE,TQQQ,TQQQ,False,False,26,,,,
A-RVol v3 (NASDAQ 2-State),1996-07-01,AGGRESSIVE,MODERATE,TQQQ,TQQQ,False,False,3,,,,
A-RVol v3 (NASDAQ 2-State),1996-07-05,MODERATE,DEFENSIVE,TQQQ,TLT,True,False,8,-0.21655175736124166,,-0.15741499912771062,66.60698904686785
A-RVol v3 (NASDAQ 2-State),1996-07-17,DEFENSIVE,MODERATE,TLT,TQQQ,True,True,4,,0.03964957938044611,,
A-RVol v3 (NASDAQ 2-State),1996-07-23,MODERATE,DEFENSIVE,TQQQ,TLT,True,True,3,-0.060421504315858576,,-0.0615090579374602,77.67014411709378
A-RVol v3 (NASDAQ 2-State),1996-07-26,DEFENSIVE,MODERATE,TLT,TQQQ,True,True,1,,0.0,,
A-RVol v3 (NASDAQ 2-State),1996-07-29,MODERATE,DEFENSIVE,TQQQ,TLT,True,False,11,-0.05993076428656641,,-0.08638379718643252,79.71901206052664
A-RVol v3 (NASDAQ 2-State),1996-08-13,DEFENSIVE,MODERATE,TLT,TQQQ,True,False,140,,0.09455151618415436,,71.62172627704312
A-RVol v3 (NASDAQ 2-State),1997-03-07,MODERATE,DEFENSIVE,TQQQ,TLT,True,False,13,-0.03200883613557992,,-0.17612639412044961,90.24905119336637
A-RVol v3 (NASDAQ 2-State),1997-03-26,DEFENSIVE,MODERATE,TLT,TQQQ,True,True,2,,0.06018137520690359,,
A-RVol v3 (NASDAQ 2-State),1997-03-31,MODERATE,DEFENSIVE,TQQQ,TLT,True,True,4,-0.052845342782327,,-0.12050136369065179,83.2986679613729
A-RVol v3 (NASDAQ 2-State),1997-04-04,DEFENSIVE,MODERATE,TLT,TQQQ,True,True,5,,0.038038681921886086,,
A-RVol v3 (NASDAQ 2-State),1997-04-11,MODERATE,DEFENSIVE,TQQQ,TLT,True,False,30,0.025537894231099756,,-0.1203713318943197,89.62970655154558
A-RVol v3 (NASDAQ 2-State),1997-05-23,DEFENSIVE,MODERATE,TLT,TQQQ,True,False,106,,0.13684334794765696,,64.29212000527441
A-RVol v3 (NASDAQ 2-State),1997-10-24,MODERATE,DEFENSIVE,TQQQ,TLT,True,True,2,-0.24354348208557064,,-0.19350102191144147,66.25486390264683
A-RVol v3 (NASDAQ 2-State),1997-10-28,DEFENSIVE,MODERATE,TLT,TQQQ,True,True,1,,0.0,,
A-RVol v3 (NASDAQ 2-State),1997-10-29,MODERATE,DEFENSIVE,TQQQ,TLT,True,False,45,-0.033342129597695225,,-0.14831228772310012,87.86392746612458
A-RVol v3 (NASDAQ 2-State),1998-01-06,DEFENSIVE,MODERATE,TLT,TQQQ,True,False,58,,0.17413928319642236,,79.10328601642931
A-RVol v3 (NASDAQ 2-State),1998-03-31,MODERATE,AGGRESSIVE,TQQQ,TQQQ,False,False,5,,,,
A-RVol v3 (NASDAQ 2-State),1998-04-07,AGGRESSIVE,MODERATE,TQQQ,TQQQ,False,False,99,,,,
A-RVol v3 (NASDAQ 2-State),1998-08-27,MODERATE,DEFENSIVE,TQQQ,TLT,True,True,3,-0.39127520679511674,,-0.025622896031407216,35.09680686709857
A-RVol v3 (NASDAQ 2-State),1998-09-01,DEFENSIVE,MODERATE,TLT,TQQQ,True,True,1,,0.0,,
A-RVol v3 (NASDAQ 2-State),1998-09-02,MODERATE,DEFENSIVE,TQQQ,TLT,True,False,47,0.019655087514817593,,-0.026389227873777843,82.11113822990222
A-RVol v3 (NASDAQ 2-State),1998-11-10,DEFENSIVE,MODERATE,TLT,TQQQ,True,False,16,,0.02710449455704733,,96.74746065315432
A-RVol v3 (NASDAQ 2-State),1998-12-04,MODERATE,DEFENSIVE,TQQQ,TLT,True,False,21,0.09563822637049757,,-0.09304945543168353,87.44395643453468
A-RVol v3 (NASDAQ 2-State),1999-01-06,DEFENSIVE,MODERATE,TLT,TQQQ,True,False,13,,0.10259595298657942,,65.83330087125866
A-RVol v3 (NASDAQ 2-State),1999-01-26,MODERATE,DEFENSIVE,TQQQ,TLT,True,False,113,0.03218928294844203,,-0.22541935639816568,98.03354851185327
A-RVol v3 (NASDAQ 2-State),1999-07-08,DEFENSIVE,MODERATE,TLT,TQQQ,True,False,69,,0.2910211586878233,,50.41872440272559
A-RVol v3 (NASDAQ 2-State),1999-10-15,MODERATE,DEFENSIVE,TQQQ,TLT,True,False,15,0.057861379373630895,,0.0,80.0
A-RVol v3 (NASDAQ 2-State),1999-11-05,DEFENSIVE,MODERATE,TLT,TQQQ,True,False,39,,0.0,,100.0
A-RVol v3 (NASDAQ 2-State),2000-01-04,MODERATE,DEFENSIVE,TQQQ,TLT,True,False,162,0.039929505738220294,,-0.27607457356038645,100.0
A-RVol v3 (NASDAQ 2-State),2000-08-24,DEFENSIVE,MODERATE,TLT,TQQQ,True,False,17,,0.38135775243890446,,41.806245798610746
A-RVol v3 (NASDAQ 2-State),2000-09-19,MODERATE,DEFENSIVE,TQQQ,TLT,True,False,642,0.051609766871538953,,-0.053846281356629055,84.30770250853033
A-RVol v3 (NASDAQ 2-State),2003-04-22,DEFENSIVE,MODERATE,TLT,TQQQ,True,False,89,,0.05691071154255534,,83.94162956274052
A-RVol v3 (NASDAQ 2-State),2003-08-27,MODERATE,AGGRESSIVE,TQQQ,TQQQ,False,False,13,,,,
A-RVol v3 (NASDAQ 2-State),2003-09-16,AGGRESSIVE,MODERATE,TQQQ,TQQQ,False,False,76,,,,
A-RVol v3 (NASDAQ 2-State),2004-01-07,MODERATE,AGGRESSIVE,TQQQ,TQQQ,False,False,24,,,,
A-RVol v3 (NASDAQ 2-State),2004-02-11,AGGRESSIVE,MODERATE,TQQQ,TQQQ,False,False,12,,,,
A-RVol v3 (NASDAQ 2-State),2004-03-01,MODERATE,AGGRESSIVE,TQQQ,TQQQ,False,False,10,,,,
A-RVol v3 (NASDAQ 2-State),2004-03-15,AGGRESSIVE,MODERATE,TQQQ,TQQQ,False,False,4,,,,
A-RVol v3 (NASDAQ 2-State),2004-03-19,MODERATE,DEFENSIVE,TQQQ,TLT,True,True,4,-0.019703676823605742,,-0.02219725060690858,79.41133882972
A-RVol v3 (NASDAQ 2-State),2004-03-25,DEFENSIVE,MODERATE,TLT,TQQQ,True,False,45,,0.022701153807029195,,88.5793199442306
A-RVol v3 (NASDAQ 2-State),2004-05-28,MODERATE,AGGRESSIVE,TQQQ,TQQQ,False,False,16,,,,
A-RVol v3 (NASDAQ 2-State),2004-06-23,AGGRESSIVE,MODERATE,TQQQ,TQQQ,False,False,19,,,,
A-RVol v3 (NASDAQ 2-State),2004-07-21,MODERATE,DEFENSIVE,TQQQ,TLT,True,False,20,-0.04340692489153519,,-0.02327149275871543,76.652888433713
A-RVol v3 (NASDAQ 2-State),2004-08-18,DEFENSIVE,MODERATE,TLT,TQQQ,True,False,59,,0.023825958376544554,,86.17639605919365
A-RVol v3 (NASDAQ 2-State),2004-11-12,MODERATE,AGGRESSIVE,TQQQ,TQQQ,False,False,57,,,,
A-RVol v3 (NASDAQ 2-State),2005-02-04,AGGRESSIVE,MODERATE,TQQQ,TQQQ,False,False,26,,,,
A-RVol v3 (NASDAQ 2-State),2005-03-15,MODERATE,AGGRESSIVE,TQQQ,TQQQ,False,False,26,,,,
A-RVol v3 (NASDAQ 2-State),2005-04-21,AGGRESSIVE,MODERATE,TQQQ,TQQQ,False,False,20,,,,
A-RVol v3 (NASDAQ 2-State),2005-05-19,MODERATE,AGGRESSIVE,TQQQ,TQQQ,False,False,108,,,,
A-RVol v3 (NASDAQ 2-State),2005-10-24,AGGRESSIVE,MODERATE,TQQQ,TQQQ,False,False,17,,,,
A-RVol v3 (NASDAQ 2-State),2005-11-17,MODERATE,AGGRESSIVE,TQQQ,TQQQ,False,False,33,,,,
A-RVol v3 (NASDAQ 2-State),2006-01-06,AGGRESSIVE,MODERATE,TQQQ,TQQQ,False,False,9,,,,
A-RVol v3 (NASDAQ 2-State),2006-01-20,MODERATE,DEFENSIVE,TQQQ,TLT,True,False,15,-0.09015906749718172,,-0.04535088734244086,72.80898288773346
A-RVol v3 (NASDAQ 2-State),2006-02-10,DEFENSIVE,MODERATE,TLT,TQQQ,True,False,30,,0.047505294606300597,,78.40280042374498
A-RVol v3 (NASDAQ 2-State),2006-03-27,MODERATE,AGGRESSIVE,TQQQ,TQQQ,False,False,44,,,,
A-RVol v3 (NASDAQ 2-State),2006-05-30,AGGRESSIVE,MODERATE,TQQQ,TQQQ,False,False,2,,,,
A-RVol v3 (NASDAQ 2-State),2006-06-01,MODERATE,DEFENSIVE,TQQQ,TLT,True,False,51,-0.036478336945075185,,0.0,75.62259956659098
A-RVol v3 (NASDAQ 2-State),2006-08-14,DEFENSIVE,MODERATE,TLT,TQQQ,True,False,22,,0.0,,99.3884519262823
A-RVol v3 (NASDAQ 2-State),2006-09-14,MODERATE,AGGRESSIVE,TQQQ,TQQQ,False,False,111,,,,
A-RVol v3 (NASDAQ 2-State),2007-02-27,AGGRESSIVE,MODERATE,TQQQ,TQQQ,False,False,1,,,,
A-RVol v3 (NASDAQ 2-State),2007-02-28,MODERATE,DEFENSIVE,TQQQ,TLT,True,False,14,0.014886213420662653,,0.0,80.0
A-RVol v3 (NASDAQ 2-State),2007-03-20,DEFENSIVE,MODERATE,TLT,TQQQ,True,False,10,,0.0,,82.77192109739684
A-RVol v3 (NASDAQ 2-State),2007-04-03,MODERATE,AGGRESSIVE,TQQQ,TQQQ,False,False,82,,,,
A-RVol v3 (NASDAQ 2-State),2007-07-31,AGGRESSIVE,MODERATE,TQQQ,TQQQ,False,False,1,,,,
A-RVol v3 (NASDAQ 2-State),2007-08-01,MODERATE,DEFENSIVE,TQQQ,TLT,True,False,39,0.01621535077113001,,0.0,80.0
A-RVol v3 (NASDAQ 2-State),2007-09-26,DEFENSIVE,MODERATE,TLT,TQQQ,True,True,2,,0.0,,
A-RVol v3 (NASDAQ 2-State),2007-09-28,MODERATE,AGGRESSIVE,TQQQ,TQQQ,False,False,14,,,,
A-RVol v3 (NASDAQ 2-State),2007-10-19,AGGRESSIVE,MODERATE,TQQQ,TQQQ,False,False,2,,,,
A-RVol v3 (NASDAQ 2-State),2007-10-23,MODERATE,DEFENSIVE,TQQQ,TLT,True,False,131,0.0019078242793071354,,-0.047426544449248986,83.79412355593992
A-RVol v3 (NASDAQ 2-State),2008-05-02,DEFENSIVE,MODERATE,TLT,TQQQ,True,False,24,,0.04978780814528183,,79.65250461752623
A-RVol v3 (NASDAQ 2-State),2008-06-06,MODERATE,DEFENSIVE,TQQQ,TLT,True,False,248,0.024749932934895247,,-0.1341940441783076,90.73552353426462
A-RVol v3 (NASDAQ 2-State),2009-06-04,DEFENSIVE,MODERATE,TLT,TQQQ,True,False,21,,0.15499320982488607,,62.02288877931933
A-RVol v3 (NASDAQ 2-State),2009-07-06,MODERATE,DEFENSIVE,TQQQ,TLT,True,True,1,-0.15524549816237576,,0.0,61.37054022051491
A-RVol v3 (NASDAQ 2-State),2009-07-07,DEFENSIVE,MODERATE,TLT,TQQQ,True,True,1,,0.0,,
A-RVol v3 (NASDAQ 2-State),2009-07-08,MODERATE,DEFENSIVE,TQQQ,TLT,True,True,1,-0.13695595406784333,,0.0,63.5652855118588
A-RVol v3 (NASDAQ 2-State),2009-07-09,DEFENSIVE,MODERATE,TLT,TQQQ,True,True,1,,0.0,,
A-RVol v3 (NASDAQ 2-State),2009-07-10,MODERATE,DEFENSIVE,TQQQ,TLT,True,True,1,-0.07691112434449099,,0.0,70.77066507866108
A-RVol v3 (NASDAQ 2-State),2009-07-13,DEFENSIVE,MODERATE,TLT,TQQQ,True,False,17,,0.0,,100.0
A-RVol v3 (NASDAQ 2-State),2009-08-05,MODERATE,AGGRESSIVE,TQQQ,TQQQ,False,False,8,,,,
A-RVol v3 (NASDAQ 2-State),2009-08-17,AGGRESSIVE,MODERATE,TQQQ,TQQQ,False,False,10,,,,
A-RVol v3 (NASDAQ 2-State),2009-08-31,MODERATE,DEFENSIVE,TQQQ,TLT,True,True,1,-0.08553318020742551,,-0.003031021249527699,69.97850007507115
A-RVol v3 (NASDAQ 2-State),2009-09-01,DEFENSIVE,MODERATE,TLT,TQQQ,True,True,1,,0.0,,
A-RVol v3 (NASDAQ 2-State),2009-09-02,MODERATE,DEFENSIVE,TQQQ,TLT,True,True,1,-0.06832342059500207,,0.0,71.80118952859975
A-RVol v3 (NASDAQ 2-State),2009-09-03,DEFENSIVE,MODERATE,TLT,TQQQ,True,True,1,,0.0,,
A-RVol v3 (NASDAQ 2-State),2009-09-04,MODERATE,DEFENSIVE,TQQQ,TLT,True,True,1,0.017609872665867332,,0.0,80.0
A-RVol v3 (NASDAQ 2-State),2009-09-08,DEFENSIVE,MODERATE,TLT,TQQQ,True,False,10,,0.0,,86.56611201287839
A-RVol v3 (NASDAQ 2-State),2009-09-22,MODERATE,AGGRESSIVE,TQQQ,TQQQ,False,False,10,,,,
A-RVol v3 (NASDAQ 2-State),2009-10-06,AGGRESSIVE,MODERATE,TQQQ,TQQQ,False,False,11,,,,
A-RVol v3 (NASDAQ 2-State),2009-10-22,MODERATE,AGGRESSIVE,TQQQ,TQQQ,False,False,6,,,,
A-RVol v3 (NASDAQ 2-State),2009-10-30,AGGRESSIVE,MODERATE,TQQQ,TQQQ,False,False,25,,,,
A-RVol v3 (NASDAQ 2-State),2009-12-08,MODERATE,AGGRESSIVE,TQQQ,TQQQ,False,False,30,,,,
A-RVol v3 (NASDAQ 2-State),2010-01-22,AGGRESSIVE,MODERATE,TQQQ,TQQQ,False,False,5,,,,
A-RVol v3 (NASDAQ 2-State),2010-01-29,MODERATE,DEFENSIVE,TQQQ,TLT,True,False,11,0.0202861540130983,,-0.011198012093240006,80.89584096745921
A-RVol v3 (NASDAQ 2-State),2010-02-16,DEFENSIVE,MODERATE,TLT,TQQQ,True,False,8,,0.011324827650220914,,77.74517971451428
A-RVol v3 (NASDAQ 2-State),2010-02-26,MODERATE,AGGRESSIVE,TQQQ,TQQQ,False,False,46,,,,
A-RVol v3 (NASDAQ 2-State),2010-05-04,AGGRESSIVE,MODERATE,TQQQ,TQQQ,False,False,2,,,,
A-RVol v3 (NASDAQ 2-State),2010-05-06,MODERATE,DEFENSIVE,TQQQ,TLT,True,True,2,-0.16560398037053037,,-0.22463599746810792,78.09840215298499
A-RVol v3 (NASDAQ 2-State),2010-05-10,DEFENSIVE,MODERATE,TLT,TQQQ,True,True,1,,0.0,,
A-RVol v3 (NASDAQ 2-State),2010-05-11,MODERATE,DEFENSIVE,TQQQ,TLT,True,False,54,-0.020650190381356515,,-0.15819832345250084,90.17784303043729
A-RVol v3 (NASDAQ 2-State),2010-07-28,DEFENSIVE,MODERATE,TLT,TQQQ,True,False,17,,0.1009146280104325,,72.26045297722372
A-RVol v3 (NASDAQ 2-State),2010-08-20,MODERATE,DEFENSIVE,TQQQ,TLT,True,False,16,0.012665149360054917,,0.0,80.0
A-RVol v3 (NASDAQ 2-State),2010-09-14,DEFENSIVE,MODERATE,TLT,TQQQ,True,False,8,,0.0,,87.4516635540654
A-RVol v3 (NASDAQ 2-State),2010-09-24,MODERATE,AGGRESSIVE,TQQQ,TQQQ,False,False,45,,,,
A-RVol v3 (NASDAQ 2-State),2010-12-01,AGGRESSIVE,MODERATE,TQQQ,TQQQ,False,False,11,,,,
A-RVol v3 (NASDAQ 2-State),2010-12-16,MODERATE,AGGRESSIVE,TQQQ,TQQQ,False,False,52,,,,
A-RVol v3 (NASDAQ 2-State),2011-03-03,AGGRESSIVE,MODERATE,TQQQ,TQQQ,False,False,24,,,,
A-RVol v3 (NASDAQ 2-State),2011-04-06,MODERATE,AGGRESSIVE,TQQQ,TQQQ,False,False,48,,,,
A-RVol v3 (NASDAQ 2-State),2011-06-15,AGGRESSIVE,MODERATE,TQQQ,TQQQ,False,False,1,,,,
A-RVol v3 (NASDAQ 2-State),2011-06-16,MODERATE,DEFENSIVE,TQQQ,TLT,True,True,4,-0.03206862668113919,,-0.026448117963195017,78.26761423531889
A-RVol v3 (NASDAQ 2-State),2011-06-22,DEFENSIVE,MODERATE,TLT,TQQQ,True,False,28,,0.027166624040479315,,96.74000511514248
A-RVol v3 (NASDAQ 2-State),2011-08-02,MODERATE,DEFENSIVE,TQQQ,TLT,True,False,97,-0.09716521977765935,,0.0,68.34017362668087
A-RVol v3 (NASDAQ 2-State),2011-12-21,DEFENSIVE,MODERATE,TLT,TQQQ,True,False,14,,0.0,,91.80469732360538
A-RVol v3 (NASDAQ 2-State),2012-01-12,MODERATE,AGGRESSIVE,TQQQ,TQQQ,False,False,71,,,,
A-RVol v3 (NASDAQ 2-State),2012-04-25,AGGRESSIVE,MODERATE,TQQQ,TQQQ,False,False,15,,,,
A-RVol v3 (NASDAQ 2-State),2012-05-16,MODERATE,AGGRESSIVE,TQQQ,TQQQ,False,False,3,,,,
A-RVol v3 (NASDAQ 2-State),2012-05-21,AGGRESSIVE,MODERATE,TQQQ,TQQQ,False,False,7,,,,
A-RVol v3 (NASDAQ 2-State),2012-05-31,MODERATE,DEFENSIVE,TQQQ,TLT,True,True,1,-0.11383365657640976,,0.0,66.33996121083082
A-RVol v3 (NASDAQ 2-State),2012-06-01,DEFENSIVE,MODERATE,TLT,TQQQ,True,True,1,,0.0,,
A-RVol v3 (NASDAQ 2-State),2012-06-04,MODERATE,DEFENSIVE,TQQQ,TLT,True,True,1,-0.0823656947571394,,0.0,70.11611662914328
A-RVol v3 (NASDAQ 2-State),2012-06-05,DEFENSIVE,MODERATE,TLT,TQQQ,True,False,49,,0.0,,95.00581188663288
A-RVol v3 (NASDAQ 2-State),2012-08-14,MODERATE,AGGRESSIVE,TQQQ,TQQQ,False,False,57,,,,
A-RVol v3 (NASDAQ 2-State),2012-11-07,AGGRESSIVE,MODERATE,TQQQ,TQQQ,False,False,15,,,,
A-RVol v3 (NASDAQ 2-State),2012-11-30,MODERATE,AGGRESSIVE,TQQQ,TQQQ,False,False,21,,,,
A-RVol v3 (NASDAQ 2-State),2013-01-02,AGGRESSIVE,MODERATE,TQQQ,TQQQ,False,False,15,,,,
A-RVol v3 (NASDAQ 2-State),2013-01-24,MODERATE,AGGRESSIVE,TQQQ,TQQQ,False,False,58,,,,
A-RVol v3 (NASDAQ 2-State),2013-04-18,AGGRESSIVE,MODERATE,TQQQ,TQQQ,False,False,14,,,,
A-RVol v3 (NASDAQ 2-State),2013-05-08,MODERATE,AGGRESSIVE,TQQQ,TQQQ,False,False,33,,,,
A-RVol v3 (NASDAQ 2-State),2013-06-25,AGGRESSIVE,MODERATE,TQQQ,TQQQ,False,False,12,,,,
A-RVol v3 (NASDAQ 2-State),2013-07-12,MODERATE,AGGRESSIVE,TQQQ,TQQQ,False,False,66,,,,
A-RVol v3 (NASDAQ 2-State),2013-10-16,AGGRESSIVE,MODERATE,TQQQ,TQQQ,False,False,9,,,,
A-RVol v3 (NASDAQ 2-State),2013-10-29,MODERATE,AGGRESSIVE,TQQQ,TQQQ,False,False,58,,,,
A-RVol v3 (NASDAQ 2-State),2014-01-24,AGGRESSIVE,MODERATE,TQQQ,TQQQ,False,False,4,,,,
A-RVol v3 (NASDAQ 2-State),2014-01-30,MODERATE,DEFENSIVE,TQQQ,TLT,True,False,17,-0.0036055774828901432,,-0.05352890565491231,83.84964315444617
A-RVol v3 (NASDAQ 2-State),2014-02-25,DEFENSIVE,MODERATE,TLT,TQQQ,True,True,1,,0.0,,
A-RVol v3 (NASDAQ 2-State),2014-02-26,MODERATE,AGGRESSIVE,TQQQ,TQQQ,False,False,24,,,,
A-RVol v3 (NASDAQ 2-State),2014-04-01,AGGRESSIVE,MODERATE,TQQQ,TQQQ,False,False,3,,,,
A-RVol v3 (NASDAQ 2-State),2014-04-04,MODERATE,DEFENSIVE,TQQQ,TLT,True,False,19,-0.0049390453706007476,,-0.03706187011095441,82.37226416440426
A-RVol v3 (NASDAQ 2-State),2014-05-02,DEFENSIVE,MODERATE,TLT,TQQQ,True,False,10,,0.038488319197854226,,73.3165461381171
A-RVol v3 (NASDAQ 2-State),2014-05-16,MODERATE,AGGRESSIVE,TQQQ,TQQQ,False,False,97,,,,
A-RVol v3 (NASDAQ 2-State),2014-10-03,AGGRESSIVE,MODERATE,TQQQ,TQQQ,False,False,3,,,,
A-RVol v3 (NASDAQ 2-State),2014-10-08,MODERATE,DEFENSIVE,TQQQ,TLT,True,False,22,0.005475170602889934,,0.0,80.0
A-RVol v3 (NASDAQ 2-State),2014-11-10,DEFENSIVE,MODERATE,TLT,TQQQ,True,True,1,,0.0,,
A-RVol v3 (NASDAQ 2-State),2014-11-12,MODERATE,AGGRESSIVE,TQQQ,TQQQ,False,False,25,,,,
A-RVol v3 (NASDAQ 2-State),2014-12-18,AGGRESSIVE,MODERATE,TQQQ,TQQQ,False,False,1,,,,
A-RVol v3 (NASDAQ 2-State),2014-12-19,MODERATE,DEFENSIVE,TQQQ,TLT,True,False,39,0.004292965342373112,,-0.05919479995669952,84.73558399653596
A-RVol v3 (NASDAQ 2-State),2015-02-18,DEFENSIVE,MODERATE,TLT,TQQQ,True,True,1,,0.0,,
A-RVol v3 (NASDAQ 2-State),2015-02-19,MODERATE,AGGRESSIVE,TQQQ,TQQQ,False,False,52,,,,
A-RVol v3 (NASDAQ 2-State),2015-05-05,AGGRESSIVE,MODERATE,TQQQ,TQQQ,False,False,19,,,,
A-RVol v3 (NASDAQ 2-State),2015-06-02,MODERATE,AGGRESSIVE,TQQQ,TQQQ,False,False,28,,,,
A-RVol v3 (NASDAQ 2-State),2015-07-13,AGGRESSIVE,MODERATE,TQQQ,TQQQ,False,False,29,,,,
A-RVol v3 (NASDAQ 2-State),2015-08-21,MODERATE,DEFENSIVE,TQQQ,TLT,True,True,3,-0.22771753984963472,,-0.056830393823458114,57.22032672392048
A-RVol v3 (NASDAQ 2-State),2015-08-26,DEFENSIVE,MODERATE,TLT,TQQQ,True,True,1,,0.0,,
A-RVol v3 (NASDAQ 2-State),2015-08-27,MODERATE,DEFENSIVE,TQQQ,TLT,True,False,35,0.017927091565181907,,-0.03239735606843319,82.59178848547465
A-RVol v3 (NASDAQ 2-State),2015-10-19,DEFENSIVE,MODERATE,TLT,TQQQ,True,False,34,,0.03348208716834011,,89.20500468792576
A-RVol v3 (NASDAQ 2-State),2015-12-08,MODERATE,DEFENSIVE,TQQQ,TLT,True,True,1,-0.062169668231645714,,-0.21928929000168484,90.0827830123373
A-RVol v3 (NASDAQ 2-State),2015-12-09,DEFENSIVE,MODERATE,TLT,TQQQ,True,True,2,,0.0,,
A-RVol v3 (NASDAQ 2-State),2015-12-11,MODERATE,DEFENSIVE,TQQQ,TLT,True,True,1,-0.09421568222860266,,-0.24526821863348813,88.31557562324673
A-RVol v3 (NASDAQ 2-State),2015-12-14,DEFENSIVE,MODERATE,TLT,TQQQ,True,False,13,,0.03972786480799306,,81.37452275535135
A-RVol v3 (NASDAQ 2-State),2016-01-04,MODERATE,DEFENSIVE,TQQQ,TLT,True,False,18,-0.008365360392361798,,-0.21567324005792476,96.25001595755056
A-RVol v3 (NASDAQ 2-State),2016-01-29,DEFENSIVE,MODERATE,TLT,TQQQ,True,True,1,,0.0,,
A-RVol v3 (NASDAQ 2-State),2016-02-01,MODERATE,DEFENSIVE,TQQQ,TLT,True,False,26,-0.030048504694468625,,-0.0037751372116485715,76.69619041359564
A-RVol v3 (NASDAQ 2-State),2016-03-09,DEFENSIVE,MODERATE,TLT,TQQQ,True,False,14,,0.0037894428784703837,,85.9587882919672
A-RVol v3 (NASDAQ 2-State),2016-03-30,MODERATE,AGGRESSIVE,TQQQ,TQQQ,False,False,61,,,,
A-RVol v3 (NASDAQ 2-State),2016-06-24,AGGRESSIVE,MODERATE,TQQQ,TQQQ,False,False,1,,,,
A-RVol v3 (NASDAQ 2-State),2016-06-27,MODERATE,DEFENSIVE,TQQQ,TLT,True,True,4,-0.02942302869322888,,-0.01771838624702471,77.88670745657451
A-RVol v3 (NASDAQ 2-State),2016-07-01,DEFENSIVE,MODERATE,TLT,TQQQ,True,False,11,,0.01803799032675424,,88.01159341898546
A-RVol v3 (NASDAQ 2-State),2016-07-19,MODERATE,AGGRESSIVE,TQQQ,TQQQ,False,False,218,,,,
A-RVol v3 (NASDAQ 2-State),2017-06-02,AGGRESSIVE,MODERATE,TQQQ,TQQQ,False,False,4,,,,
A-RVol v3 (NASDAQ 2-State),2017-06-08,MODERATE,AGGRESSIVE,TQQQ,TQQQ,False,False,1,,,,
A-RVol v3 (NASDAQ 2-State),2017-06-09,AGGRESSIVE,MODERATE,TQQQ,TQQQ,False,False,6,,,,
A-RVol v3 (NASDAQ 2-State),2017-06-19,MODERATE,DEFENSIVE,TQQQ,TLT,True,False,23,-0.0015144824794239842,,-0.06683978687700587,85.1654450526296
A-RVol v3 (NASDAQ 2-State),2017-07-21,DEFENSIVE,MODERATE,TLT,TQQQ,True,True,2,,0.0,,
A-RVol v3 (NASDAQ 2-State),2017-07-25,MODERATE,AGGRESSIVE,TQQQ,TQQQ,False,False,17,,,,
A-RVol v3 (NASDAQ 2-State),2017-08-17,AGGRESSIVE,MODERATE,TQQQ,TQQQ,False,False,1,,,,
A-RVol v3 (NASDAQ 2-State),2017-08-18,MODERATE,DEFENSIVE,TQQQ,TLT,True,False,14,-0.0373256731081999,,-0.025098827601127582,77.52882543510623
A-RVol v3 (NASDAQ 2-State),2017-09-08,DEFENSIVE,MODERATE,TLT,TQQQ,True,False,10,,0.0,,82.8427273008335
A-RVol v3 (NASDAQ 2-State),2017-09-22,MODERATE,AGGRESSIVE,TQQQ,TQQQ,False,False,24,,,,
A-RVol v3 (NASDAQ 2-State),2017-10-27,AGGRESSIVE,MODERATE,TQQQ,TQQQ,False,False,15,,,,
A-RVol v3 (NASDAQ 2-State),2017-11-17,MODERATE,AGGRESSIVE,TQQQ,TQQQ,False,False,10,,,,
A-RVol v3 (NASDAQ 2-State),2017-12-04,AGGRESSIVE,MODERATE,TQQQ,TQQQ,False,False,15,,,,
A-RVol v3 (NASDAQ 2-State),2017-12-26,MODERATE,AGGRESSIVE,TQQQ,TQQQ,False,False,26,,,,
A-RVol v3 (NASDAQ 2-State),2018-02-02,AGGRESSIVE,MODERATE,TQQQ,TQQQ,False,False,1,,,,
A-RVol v3 (NASDAQ 2-State),2018-02-05,MODERATE,DEFENSIVE,TQQQ,TLT,True,False,69,-0.03234858457965084,,-0.009207467554657067,76.85476725481448
A-RVol v3 (NASDAQ 2-State),2018-05-15,DEFENSIVE,MODERATE,TLT,TQQQ,True,True,2,,0.0,,
A-RVol v3 (NASDAQ 2-State),2018-05-17,MODERATE,AGGRESSIVE,TQQQ,TQQQ,False,False,38,,,,
A-RVol v3 (NASDAQ 2-State),2018-07-12,AGGRESSIVE,MODERATE,TQQQ,TQQQ,False,False,5,,,,
A-RVol v3 (NASDAQ 2-State),2018-07-19,MODERATE,AGGRESSIVE,TQQQ,TQQQ,False,False,57,,,,
A-RVol v3 (NASDAQ 2-State),2018-10-10,AGGRESSIVE,MODERATE,TQQQ,TQQQ,False,False,1,,,,
A-RVol v3 (NASDAQ 2-State),2018-10-11,MODERATE,DEFENSIVE,TQQQ,TLT,True,False,10,-0.11355797129217027,,-0.21412657308717165,83.50316929191331
A-RVol v3 (NASDAQ 2-State),2018-10-25,DEFENSIVE,MODERATE,TLT,TQQQ,True,True,1,,0.0,,
A-RVol v3 (NASDAQ 2-State),2018-10-26,MODERATE,DEFENSIVE,TQQQ,TLT,True,False,62,0.0026718076791503176,,0.0,80.0
A-RVol v3 (NASDAQ 2-State),2019-01-30,DEFENSIVE,MODERATE,TLT,TQQQ,True,False,31,,0.0,,90.6773492611886
A-RVol v3 (NASDAQ 2-State),2019-03-15,MODERATE,AGGRESSIVE,TQQQ,TQQQ,False,False,40,,,,
A-RVol v3 (NASDAQ 2-State),2019-05-13,AGGRESSIVE,MODERATE,TQQQ,TQQQ,False,False,9,,,,
A-RVol v3 (NASDAQ 2-State),2019-05-24,MODERATE,DEFENSIVE,TQQQ,TLT,True,False,7,-0.09779390727999848,,0.0,68.26473112640019
A-RVol v3 (NASDAQ 2-State),2019-06-05,DEFENSIVE,MODERATE,TLT,TQQQ,True,False,17,,0.0,,95.40237722617019
A-RVol v3 (NASDAQ 2-State),2019-06-28,MODERATE,AGGRESSIVE,TQQQ,TQQQ,False,False,25,,,,
A-RVol v3 (NASDAQ 2-State),2019-08-05,AGGRESSIVE,MODERATE,TQQQ,TQQQ,False,False,9,,,,
A-RVol v3 (NASDAQ 2-State),2019-08-16,MODERATE,DEFENSIVE,TQQQ,TLT,True,False,13,0.04161296854439245,,-0.11644493125841249,89.315594500673
A-RVol v3 (NASDAQ 2-State),2019-09-05,DEFENSIVE,MODERATE,TLT,TQQQ,True,False,7,,0.017648989049943165,,79.61639314340374
A-RVol v3 (NASDAQ 2-State),2019-09-16,MODERATE,AGGRESSIVE,TQQQ,TQQQ,False,False,19,,,,
A-RVol v3 (NASDAQ 2-State),2019-10-11,AGGRESSIVE,MODERATE,TQQQ,TQQQ,False,False,9,,,,
A-RVol v3 (NASDAQ 2-State),2019-10-25,MODERATE,AGGRESSIVE,TQQQ,TQQQ,False,False,67,,,,
A-RVol v3 (NASDAQ 2-State),2020-02-04,AGGRESSIVE,MODERATE,TQQQ,TQQQ,False,False,13,,,,
A-RVol v3 (NASDAQ 2-State),2020-02-24,MODERATE,DEFENSIVE,TQQQ,TLT,True,False,61,0.05044751594214092,,-0.03074086766070272,82.45926941285622
A-RVol v3 (NASDAQ 2-State),2020-05-20,DEFENSIVE,MODERATE,TLT,TQQQ,True,False,14,,0.031715840104090676,,80.00642145138715
A-RVol v3 (NASDAQ 2-State),2020-06-10,MODERATE,AGGRESSIVE,TQQQ,TQQQ,False,False,1,,,,
A-RVol v3 (NASDAQ 2-State),2020-06-11,AGGRESSIVE,MODERATE,TQQQ,TQQQ,False,False,12,,,,
A-RVol v3 (NASDAQ 2-State),2020-06-29,MODERATE,DEFENSIVE,TQQQ,TLT,True,True,3,0.021257850062920358,,0.0,80.0
A-RVol v3 (NASDAQ 2-State),2020-07-02,DEFENSIVE,MODERATE,TLT,TQQQ,True,True,1,,0.0,,
A-RVol v3 (NASDAQ 2-State),2020-07-06,MODERATE,DEFENSIVE,TQQQ,TLT,True,True,1,-0.019660843804087946,,-0.022171228983901448,79.41439706222157
A-RVol v3 (NASDAQ 2-State),2020-07-07,DEFENSIVE,MODERATE,TLT,TQQQ,True,False,40,,0.022673938056519294,,89.5992829324684
A-RVol v3 (NASDAQ 2-State),2020-09-01,MODERATE,AGGRESSIVE,TQQQ,TQQQ,False,False,2,,,,
A-RVol v3 (NASDAQ 2-State),2020-09-03,AGGRESSIVE,MODERATE,TQQQ,TQQQ,False,False,3,,,,
A-RVol v3 (NASDAQ 2-State),2020-09-09,MODERATE,DEFENSIVE,TQQQ,TLT,True,False,31,-0.09709617744259047,,-0.15685573883772197,80.8969178139069
A-RVol v3 (NASDAQ 2-State),2020-10-23,DEFENSIVE,MODERATE,TLT,TQQQ,True,False,26,,0.18603665595908314,,64.6246259413976
A-RVol v3 (NASDAQ 2-State),2020-12-02,MODERATE,AGGRESSIVE,TQQQ,TQQQ,False,False,31,,,,
A-RVol v3 (NASDAQ 2-State),2021-01-19,AGGRESSIVE,MODERATE,TQQQ,TQQQ,False,False,31,,,,
A-RVol v3 (NASDAQ 2-State),2021-03-04,MODERATE,DEFENSIVE,TQQQ,TLT,True,True,3,-0.1276618497801263,,-0.008525929148889277,65.36265235829599
A-RVol v3 (NASDAQ 2-State),2021-03-09,DEFENSIVE,MODERATE,TLT,TQQQ,True,True,2,,0.008599245708534209,,
A-RVol v3 (NASDAQ 2-State),2021-03-11,MODERATE,DEFENSIVE,TQQQ,TLT,True,False,13,-0.0710485033878957,,0.0,71.47417959345252
A-RVol v3 (NASDAQ 2-State),2021-03-30,DEFENSIVE,MODERATE,TLT,TQQQ,True,False,26,,0.0,,99.50081015411303
A-RVol v3 (NASDAQ 2-State),2021-05-06,MODERATE,AGGRESSIVE,TQQQ,TQQQ,False,False,4,,,,
A-RVol v3 (NASDAQ 2-State),2021-05-12,AGGRESSIVE,MODERATE,TQQQ,TQQQ,False,False,18,,,,
A-RVol v3 (NASDAQ 2-State),2021-06-08,MODERATE,AGGRESSIVE,TQQQ,TQQQ,False,False,82,,,,
A-RVol v3 (NASDAQ 2-State),2021-10-04,AGGRESSIVE,MODERATE,TQQQ,TQQQ,False,False,14,,,,
A-RVol v3 (NASDAQ 2-State),2021-10-25,MODERATE,AGGRESSIVE,TQQQ,TQQQ,False,False,25,,,,
A-RVol v3 (NASDAQ 2-State),2021-12-01,AGGRESSIVE,MODERATE,TQQQ,TQQQ,False,False,4,,,,
A-RVol v3 (NASDAQ 2-State),2021-12-07,MODERATE,DEFENSIVE,TQQQ,TLT,True,False,173,-0.006428331882775473,,-0.3312630257554282,99.22860017406694
A-RVol v3 (NASDAQ 2-State),2022-08-16,DEFENSIVE,MODERATE,TLT,TQQQ,True,True,4,,0.09306951121725393,,
A-RVol v3 (NASDAQ 2-State),2022-08-22,MODERATE,DEFENSIVE,TQQQ,TLT,True,False,70,-0.01181946291138658,,-0.30611382221451466,98.58166445063361
A-RVol v3 (NASDAQ 2-State),2022-12-02,DEFENSIVE,MODERATE,TLT,TQQQ,True,True,1,,0.0,,
A-RVol v3 (NASDAQ 2-State),2022-12-05,MODERATE,DEFENSIVE,TQQQ,TLT,True,False,24,0.026651792426456655,,0.0,80.0
A-RVol v3 (NASDAQ 2-State),2023-01-10,DEFENSIVE,MODERATE,TLT,TQQQ,True,False,69,,0.0,,100.0
A-RVol v3 (NASDAQ 2-State),2023-04-20,MODERATE,AGGRESSIVE,TQQQ,TQQQ,False,False,13,,,,
A-RVol v3 (NASDAQ 2-State),2023-05-09,AGGRESSIVE,MODERATE,TQQQ,TQQQ,False,False,28,,,,
A-RVol v3 (NASDAQ 2-State),2023-06-20,MODERATE,AGGRESSIVE,TQQQ,TQQQ,False,False,5,,,,
A-RVol v3 (NASDAQ 2-State),2023-06-27,AGGRESSIVE,MODERATE,TQQQ,TQQQ,False,False,14,,,,
A-RVol v3 (NASDAQ 2-State),2023-07-18,MODERATE,AGGRESSIVE,TQQQ,TQQQ,False,False,11,,,,
A-RVol v3 (NASDAQ 2-State),2023-08-02,AGGRESSIVE,MODERATE,TQQQ,TQQQ,False,False,12,,,,
A-RVol v3 (NASDAQ 2-State),2023-08-18,MODERATE,AGGRESSIVE,TQQQ,TQQQ,False,False,7,,,,
A-RVol v3 (NASDAQ 2-State),2023-08-29,AGGRESSIVE,MODERATE,TQQQ,TQQQ,False,False,15,,,,
A-RVol v3 (NASDAQ 2-State),2023-09-20,MODERATE,AGGRESSIVE,TQQQ,TQQQ,False,False,24,,,,
A-RVol v3 (NASDAQ 2-State),2023-10-25,AGGRESSIVE,MODERATE,TQQQ,TQQQ,False,False,26,,,,
A-RVol v3 (NASDAQ 2-State),2023-12-01,MODERATE,AGGRESSIVE,TQQQ,TQQQ,False,False,55,,,,
A-RVol v3 (NASDAQ 2-State),2024-02-22,AGGRESSIVE,MODERATE,TQQQ,TQQQ,False,False,25,,,,
A-RVol v3 (NASDAQ 2-State),2024-03-28,MODERATE,AGGRESSIVE,TQQQ,TQQQ,False,False,16,,,,
A-RVol v3 (NASDAQ 2-State),2024-04-22,AGGRESSIVE,MODERATE,TQQQ,TQQQ,False,False,21,,,,
A-RVol v3 (NASDAQ 2-State),2024-05-21,MODERATE,AGGRESSIVE,TQQQ,TQQQ,False,False,38,,,,
A-RVol v3 (NASDAQ 2-State),2024-07-17,AGGRESSIVE,MODERATE,TQQQ,TQQQ,False,False,5,,,,
A-RVol v3 (NASDAQ 2-State),2024-07-24,MODERATE,DEFENSIVE,TQQQ,TLT,True,False,46,-0.01721539856075116,,-0.03489516755825772,80.72576557737048
A-RVol v3 (NASDAQ 2-State),2024-09-27,DEFENSIVE,MODERATE,TLT,TQQQ,True,True,3,,0.036156867508343016,,
A-RVol v3 (NASDAQ 2-State),2024-10-02,MODERATE,AGGRESSIVE,TQQQ,TQQQ,False,False,24,,,,
A-RVol v3 (NASDAQ 2-State),2024-11-06,AGGRESSIVE,MODERATE,TQQQ,TQQQ,False,False,14,,,,
A-RVol v3 (NASDAQ 2-State),2024-11-27,MODERATE,AGGRESSIVE,TQQQ,TQQQ,False,False,14,,,,
A-RVol v3 (NASDAQ 2-State),2024-12-18,AGGRESSIVE,MODERATE,TQQQ,TQQQ,False,False,39,,,,
A-RVol v3 (NASDAQ 2-State),2025-02-18,MODERATE,AGGRESSIVE,TQQQ,TQQQ,False,False,7,,,,
A-RVol v3 (NASDAQ 2-State),2025-02-27,AGGRESSIVE,MODERATE,TQQQ,TQQQ,False,False,2,,,,
A-RVol v3 (NASDAQ 2-State),2025-03-03,MODERATE,DEFENSIVE,TQQQ,TLT,True,False,10,-0.12387162570862076,,-0.3816014499306901,85.1354049149655
A-RVol v3 (NASDAQ 2-State),2025-03-17,DEFENSIVE,MODERATE,TLT,TQQQ,True,True,1,,0.0,,
A-RVol v3 (NASDAQ 2-State),2025-03-18,MODERATE,DEFENSIVE,TQQQ,TLT,True,False,36,-0.005384467026430251,,-0.002368489768588722,79.54334313831546
A-RVol v3 (NASDAQ 2-State),2025-05-08,DEFENSIVE,MODERATE,TLT,TQQQ,True,False,18,,0.002374112830537234,,95.23869987420923
A-RVol v3 (NASDAQ 2-State),2025-06-04,MODERATE,AGGRESSIVE,TQQQ,TQQQ,False,False,90,,,,
A-RVol v3 (NASDAQ 2-State),2025-10-14,AGGRESSIVE,MODERATE,TQQQ,TQQQ,False,False,26,,,,
A-RVol v3 (NASDAQ 2-State),2025-11-20,MODERATE,DEFENSIVE,TQQQ,TLT,True,True,3,-0.06942205922739275,,-0.05018266323542908,75.6839659515472
A-RVol v3 (NASDAQ 2-State),2025-11-25,DEFENSIVE,MODERATE,TLT,TQQQ,True,False,14,,0.0,,87.1370905381449
A-RVol v3 (NASDAQ 2-State),2025-12-16,MODERATE,AGGRESSIVE,TQQQ,TQQQ,False,False,35,,,,
A-RVol v3 (NASDAQ 2-State),2026-02-06,AGGRESSIVE,MODERATE,TQQQ,TQQQ,False,False,34,,,,
A-RVol v3 (NASDAQ 2-State),2026-03-27,MODERATE,DEFENSIVE,TQQQ,TLT,True,False,15,-0.0087045358071699,,-0.011708025931563726,79.8920977776647
A-RVol v3 (NASDAQ 2-State),2026-04-20,DEFENSIVE,MODERATE,TLT,TQQQ,True,False,31,,0.011846727726995576,,98.57839267276053
A-RVol v3 (NASDAQ 2-State),2026-06-03,MODERATE,AGGRESSIVE,TQQQ,TQQQ,False,False,2,,,,
A-RVol v3 (NASDAQ 2-State),2026-06-05,AGGRESSIVE,MODERATE,TQQQ,TQQQ,False,False,1,,,,
A-RVol v3 (NASDAQ 2-State),2026-06-08,MODERATE,DEFENSIVE,TQQQ,TLT,True,False,34,-0.17941876662344525,,-0.06189085913426384,63.42101673592767
A-RVol v3 (NASDAQ 2-State),2026-07-28,DEFENSIVE,MODERATE,TLT,TQQQ,True,True,1,,0.0,,
A-RVol v3 (NASDAQ 2-State),2026-07-29,MODERATE,DEFENSIVE,TQQQ,TLT,True,True,4,0.0483395938830109,,-0.03728950717563162,82.98316057405053
A-RVol v3 (NASDAQ 2-State),2026-08-04,DEFENSIVE,MODERATE,TLT,TQQQ,True,True,1,,0.0,,
A-RVol v3 (NASDAQ 2-State),2026-08-05,MODERATE,DEFENSIVE,TQQQ,TLT,True,False,8,,,,
A-RVol v3 (NASDAQ Cash Defensive),1993-02-16,AGGRESSIVE,MODERATE,TQQQ,QLD,True,True,1,,,,
A-RVol v3 (NASDAQ Cash Defensive),1993-02-17,MODERATE,DEFENSIVE,QLD,CASH,True,False,6,-0.08781860830044708,,-0.024671807257025224,71.43551158450836
A-RVol v3 (NASDAQ Cash Defensive),1993-02-25,DEFENSIVE,MODERATE,CASH,QLD,True,True,3,,0.015184821303071194,,
A-RVol v3 (NASDAQ Cash Defensive),1993-03-02,MODERATE,DEFENSIVE,QLD,CASH,True,False,200,-0.09379031228544765,,0.0,68.74516252574628
A-RVol v3 (NASDAQ Cash Defensive),1993-12-14,DEFENSIVE,MODERATE,CASH,QLD,True,False,6,,0.0,,82.31037709797546
A-RVol v3 (NASDAQ Cash Defensive),1993-12-22,MODERATE,AGGRESSIVE,QLD,TQQQ,True,False,70,,,,94.30340808567678
A-RVol v3 (NASDAQ Cash Defensive),1994-04-04,AGGRESSIVE,MODERATE,TQQQ,QLD,True,True,1,,,,
A-RVol v3 (NASDAQ Cash Defensive),1994-04-05,MODERATE,DEFENSIVE,QLD,CASH,True,False,29,-0.09381007427041488,,0.0,68.74279108755022
A-RVol v3 (NASDAQ Cash Defensive),1994-05-17,DEFENSIVE,MODERATE,CASH,QLD,True,False,27,,0.0,,88.24065963433918
A-RVol v3 (NASDAQ Cash Defensive),1994-06-24,MODERATE,DEFENSIVE,QLD,CASH,True,False,14,-0.010735273767944253,,-0.0424954599917331,82.11140394718534
A-RVol v3 (NASDAQ Cash Defensive),1994-07-15,DEFENSIVE,MODERATE,CASH,QLD,True,False,28,,0.044381471017741925,,78.47178306478813
A-RVol v3 (NASDAQ Cash Defensive),1994-08-24,MODERATE,AGGRESSIVE,QLD,TQQQ,True,False,15,,,,87.17306922519268
A-RVol v3 (NASDAQ Cash Defensive),1994-09-15,AGGRESSIVE,MODERATE,TQQQ,QLD,True,False,31,,,,60.231627215743586
A-RVol v3 (NASDAQ Cash Defensive),1994-10-28,MODERATE,AGGRESSIVE,QLD,TQQQ,True,False,17,,,,64.1344808792965
A-RVol v3 (NASDAQ Cash Defensive),1994-11-22,AGGRESSIVE,MODERATE,TQQQ,QLD,True,False,35,,,,74.70372250423489
A-RVol v3 (NASDAQ Cash Defensive),1995-01-13,MODERATE,AGGRESSIVE,QLD,TQQQ,True,False,94,,,,81.91720937910526
A-RVol v3 (NASDAQ Cash Defensive),1995-05-30,AGGRESSIVE,MODERATE,TQQQ,QLD,True,False,15,,,,87.5766590473333
A-RVol v3 (NASDAQ Cash Defensive),1995-06-20,MODERATE,AGGRESSIVE,QLD,TQQQ,True,True,5,,,,
A-RVol v3 (NASDAQ Cash Defensive),1995-06-27,AGGRESSIVE,MODERATE,TQQQ,QLD,True,False,9,,,,84.64145175527874
A-RVol v3 (NASDAQ Cash Defensive),1995-07-11,MODERATE,DEFENSIVE,QLD,CASH,True,False,54,-0.09033388916654617,,-0.11948373001110812,78.7186317009031
A-RVol v3 (NASDAQ Cash Defensive),1995-09-26,DEFENSIVE,MODERATE,CASH,QLD,True,False,6,,0.0301276371106336,,74.0449628344334
A-RVol v3 (NASDAQ Cash Defensive),1995-10-04,MODERATE,DEFENSIVE,QLD,CASH,True,True,5,-0.1077331158311351,,0.0,67.07202610026378
A-RVol v3 (NASDAQ Cash Defensive),1995-10-11,DEFENSIVE,MODERATE,CASH,QLD,True,True,1,,0.0,,
A-RVol v3 (NASDAQ Cash Defensive),1995-10-12,MODERATE,DEFENSIVE,QLD,CASH,True,False,79,0.04457894931583262,,-0.0522396968896538,84.17917575117231
A-RVol v3 (NASDAQ Cash Defensive),1996-02-05,DEFENSIVE,MODERATE,CASH,QLD,True,False,47,,0.05511910207487514,,75.82703058871758
A-RVol v3 (NASDAQ Cash Defensive),1996-04-12,MODERATE,AGGRESSIVE,QLD,TQQQ,True,False,14,,,,100.0
A-RVol v3 (NASDAQ Cash Defensive),1996-05-02,AGGRESSIVE,MODERATE,TQQQ,QLD,True,False,15,,,,89.32991102829375
A-RVol v3 (NASDAQ Cash Defensive),1996-05-23,MODERATE,AGGRESSIVE,QLD,TQQQ,True,False,26,,,,62.1380081365852
A-RVol v3 (NASDAQ Cash Defensive),1996-07-01,AGGRESSIVE,MODERATE,TQQQ,QLD,True,True,3,,,,
A-RVol v3 (NASDAQ Cash Defensive),1996-07-05,MODERATE,DEFENSIVE,QLD,CASH,True,False,8,-0.14512203174755345,,-0.10510697874066932,70.99391448954714
A-RVol v3 (NASDAQ Cash Defensive),1996-07-17,DEFENSIVE,MODERATE,CASH,QLD,True,True,4,,0.025148611166915247,,
A-RVol v3 (NASDAQ Cash Defensive),1996-07-23,MODERATE,DEFENSIVE,QLD,CASH,True,True,3,-0.03683284678224663,,-0.04093632963066185,78.85496475658334
A-RVol v3 (NASDAQ Cash Defensive),1996-07-26,DEFENSIVE,MODERATE,CASH,QLD,True,True,1,,0.0,,
A-RVol v3 (NASDAQ Cash Defensive),1996-07-29,MODERATE,DEFENSIVE,QLD,CASH,True,False,11,-0.03980859603692766,,-0.05547701437778918,79.66112962579183
A-RVol v3 (NASDAQ Cash Defensive),1996-08-13,DEFENSIVE,MODERATE,CASH,QLD,True,False,143,,0.058735483648651776,,75.05301856680839
A-RVol v3 (NASDAQ Cash Defensive),1997-03-07,MODERATE,DEFENSIVE,QLD,CASH,True,False,13,-0.01888170903411146,,-0.11960092235481279,87.30226870429165
A-RVol v3 (NASDAQ Cash Defensive),1997-03-26,DEFENSIVE,MODERATE,CASH,QLD,True,True,2,,0.0392516056577592,,
A-RVol v3 (NASDAQ Cash Defensive),1997-03-31,MODERATE,DEFENSIVE,QLD,CASH,True,True,4,-0.032652052400978016,,-0.08011789193334062,82.49118506654989
A-RVol v3 (NASDAQ Cash Defensive),1997-04-04,DEFENSIVE,MODERATE,CASH,QLD,True,True,5,,0.024090019505665694,,
A-RVol v3 (NASDAQ Cash Defensive),1997-04-11,MODERATE,DEFENSIVE,QLD,CASH,True,False,30,0.017303886824553638,,-0.07957898478440051,86.36631878275205
A-RVol v3 (NASDAQ Cash Defensive),1997-05-23,DEFENSIVE,MODERATE,CASH,QLD,True,False,107,,0.08645933053338628,,70.53283168180887
A-RVol v3 (NASDAQ Cash Defensive),1997-10-24,MODERATE,DEFENSIVE,QLD,CASH,True,True,2,-0.15758496893904883,,-0.12948209962426172,71.44837169725508
A-RVol v3 (NASDAQ Cash Defensive),1997-10-28,DEFENSIVE,MODERATE,CASH,QLD,True,True,1,,0.0,,
A-RVol v3 (NASDAQ Cash Defensive),1997-10-29,MODERATE,DEFENSIVE,QLD,CASH,True,False,46,-0.02215507052402521,,-0.09952370772954477,85.30328815548056
A-RVol v3 (NASDAQ Cash Defensive),1998-01-06,DEFENSIVE,MODERATE,CASH,QLD,True,False,58,,0.11052340698343799,,85.55629478653836
A-RVol v3 (NASDAQ Cash Defensive),1998-03-31,MODERATE,AGGRESSIVE,QLD,TQQQ,True,True,5,,,,
A-RVol v3 (NASDAQ Cash Defensive),1998-04-07,AGGRESSIVE,MODERATE,TQQQ,QLD,True,False,99,,,,95.03193466249132
A-RVol v3 (NASDAQ Cash Defensive),1998-08-27,MODERATE,DEFENSIVE,QLD,CASH,True,True,3,-0.2650937730382533,,-0.016791240249493522,49.532046455369084
A-RVol v3 (NASDAQ Cash Defensive),1998-09-01,DEFENSIVE,MODERATE,CASH,QLD,True,True,1,,0.0,,
A-RVol v3 (NASDAQ Cash Defensive),1998-09-02,MODERATE,DEFENSIVE,QLD,CASH,True,False,48,0.013169000140285325,,-0.017375945156442252,81.39007561251537
A-RVol v3 (NASDAQ Cash Defensive),1998-11-10,DEFENSIVE,MODERATE,CASH,QLD,True,False,17,,0.017683207601923323,,89.09787435570321
A-RVol v3 (NASDAQ Cash Defensive),1998-12-04,MODERATE,DEFENSIVE,QLD,CASH,True,False,21,0.06381900276661101,,-0.06101782611914519,84.88142608953162
A-RVol v3 (NASDAQ Cash Defensive),1999-01-06,DEFENSIVE,MODERATE,CASH,QLD,True,False,13,,0.06498294410314087,,71.42034521929642
A-RVol v3 (NASDAQ Cash Defensive),1999-01-26,MODERATE,DEFENSIVE,QLD,CASH,True,False,113,0.021819943720168267,,-0.1489165900310231,91.91332720248184
A-RVol v3 (NASDAQ Cash Defensive),1999-07-08,DEFENSIVE,MODERATE,CASH,QLD,True,False,70,,0.1749729677335048,,62.58843326180888
A-RVol v3 (NASDAQ Cash Defensive),1999-10-15,MODERATE,DEFENSIVE,QLD,CASH,True,False,15,0.03864409418303172,,0.0,80.0
A-RVol v3 (NASDAQ Cash Defensive),1999-11-05,DEFENSIVE,MODERATE,CASH,QLD,True,False,40,,0.0,,100.0
A-RVol v3 (NASDAQ Cash Defensive),2000-01-04,MODERATE,DEFENSIVE,QLD,CASH,True,False,162,0.026705781604760448,,-0.18628239793648915,94.90259183491914
A-RVol v3 (NASDAQ Cash Defensive),2000-08-24,DEFENSIVE,MODERATE,CASH,QLD,True,False,17,,0.22892757568976574,,57.598624945558754
A-RVol v3 (NASDAQ Cash Defensive),2000-09-19,MODERATE,DEFENSIVE,QLD,CASH,True,False,647,0.03453560371228104,,-0.03554658142770206,82.84372651421617
A-RVol v3 (NASDAQ Cash Defensive),2003-04-22,DEFENSIVE,MODERATE,CASH,QLD,True,False,89,,0.03685671152508574,,82.7874337378728
A-RVol v3 (NASDAQ Cash Defensive),2003-08-27,MODERATE,AGGRESSIVE,QLD,TQQQ,True,False,13,,,,90.1047862084346
A-RVol v3 (NASDAQ Cash Defensive),2003-09-16,AGGRESSIVE,MODERATE,TQQQ,QLD,True,False,78,,,,68.22372276575152
A-RVol v3 (NASDAQ Cash Defensive),2004-01-07,MODERATE,AGGRESSIVE,QLD,TQQQ,True,False,24,,,,68.491073122024
A-RVol v3 (NASDAQ Cash Defensive),2004-02-11,AGGRESSIVE,MODERATE,TQQQ,QLD,True,False,12,,,,67.92170532686468
A-RVol v3 (NASDAQ Cash Defensive),2004-03-01,MODERATE,AGGRESSIVE,QLD,TQQQ,True,False,10,,,,47.71556964481869
A-RVol v3 (NASDAQ Cash Defensive),2004-03-15,AGGRESSIVE,MODERATE,TQQQ,QLD,True,True,4,,,,
A-RVol v3 (NASDAQ Cash Defensive),2004-03-19,MODERATE,DEFENSIVE,QLD,CASH,True,True,4,-0.010839326104754576,,-0.01478454273233687,79.8820442860164
A-RVol v3 (NASDAQ Cash Defensive),2004-03-25,DEFENSIVE,MODERATE,CASH,QLD,True,False,45,,0.015006405576846626,,85.8995091881182
A-RVol v3 (NASDAQ Cash Defensive),2004-05-28,MODERATE,AGGRESSIVE,QLD,TQQQ,True,False,16,,,,78.48241438708914
A-RVol v3 (NASDAQ Cash Defensive),2004-06-23,AGGRESSIVE,MODERATE,TQQQ,QLD,True,False,19,,,,63.839238049601114
A-RVol v3 (NASDAQ Cash Defensive),2004-07-21,MODERATE,DEFENSIVE,QLD,CASH,True,False,20,-0.02618544852037963,,-0.015495809987457254,78.09741097655102
A-RVol v3 (NASDAQ Cash Defensive),2004-08-18,DEFENSIVE,MODERATE,CASH,QLD,True,False,61,,0.015739709535679935,,84.23011528049403
A-RVol v3 (NASDAQ Cash Defensive),2004-11-12,MODERATE,AGGRESSIVE,QLD,TQQQ,True,False,57,,,,86.67273081576555
A-RVol v3 (NASDAQ Cash Defensive),2005-02-04,AGGRESSIVE,MODERATE,TQQQ,QLD,True,False,26,,,,73.77894370590462
A-RVol v3 (NASDAQ Cash Defensive),2005-03-15,MODERATE,AGGRESSIVE,QLD,TQQQ,True,False,26,,,,66.3379841639309
A-RVol v3 (NASDAQ Cash Defensive),2005-04-21,AGGRESSIVE,MODERATE,TQQQ,QLD,True,False,20,,,,73.31515824742803
A-RVol v3 (NASDAQ Cash Defensive),2005-05-19,MODERATE,AGGRESSIVE,QLD,TQQQ,True,False,109,,,,83.19837692779936
A-RVol v3 (NASDAQ Cash Defensive),2005-10-24,AGGRESSIVE,MODERATE,TQQQ,QLD,True,False,18,,,,76.05449725219368
A-RVol v3 (NASDAQ Cash Defensive),2005-11-17,MODERATE,AGGRESSIVE,QLD,TQQQ,True,False,33,,,,83.01948199110237
A-RVol v3 (NASDAQ Cash Defensive),2006-01-06,AGGRESSIVE,MODERATE,TQQQ,QLD,True,False,9,,,,78.17671666139007
A-RVol v3 (NASDAQ Cash Defensive),2006-01-20,MODERATE,DEFENSIVE,QLD,CASH,True,False,15,-0.05985279503853147,,-0.027938530093447933,75.05274700285206
A-RVol v3 (NASDAQ Cash Defensive),2006-02-10,DEFENSIVE,MODERATE,CASH,QLD,True,False,30,,0.028741526084902658,,79.38323155941912
A-RVol v3 (NASDAQ Cash Defensive),2006-03-27,MODERATE,AGGRESSIVE,QLD,TQQQ,True,False,44,,,,83.33035428615125
A-RVol v3 (NASDAQ Cash Defensive),2006-05-30,AGGRESSIVE,MODERATE,TQQQ,QLD,True,True,2,,,,
A-RVol v3 (NASDAQ Cash Defensive),2006-06-01,MODERATE,DEFENSIVE,QLD,CASH,True,False,51,-0.022357404149853766,,0.0,77.31711150201755
A-RVol v3 (NASDAQ Cash Defensive),2006-08-14,DEFENSIVE,MODERATE,CASH,QLD,True,False,22,,0.0,,92.83137885367282
A-RVol v3 (NASDAQ Cash Defensive),2006-09-14,MODERATE,AGGRESSIVE,QLD,TQQQ,True,False,112,,,,92.07146925743224
A-RVol v3 (NASDAQ Cash Defensive),2007-02-27,AGGRESSIVE,MODERATE,TQQQ,QLD,True,True,1,,,,
A-RVol v3 (NASDAQ Cash Defensive),2007-02-28,MODERATE,DEFENSIVE,QLD,CASH,True,False,14,0.013386734975686654,,-0.0038066774945944015,80.30453419956756
A-RVol v3 (NASDAQ Cash Defensive),2007-03-20,DEFENSIVE,MODERATE,CASH,QLD,True,False,10,,0.003821223660705364,,81.04458616163804
A-RVol v3 (NASDAQ Cash Defensive),2007-04-03,MODERATE,AGGRESSIVE,QLD,TQQQ,True,False,82,,,,91.97419557271196
A-RVol v3 (NASDAQ Cash Defensive),2007-07-31,AGGRESSIVE,MODERATE,TQQQ,QLD,True,True,1,,,,
A-RVol v3 (NASDAQ Cash Defensive),2007-08-01,MODERATE,DEFENSIVE,QLD,CASH,True,False,39,0.008929585492648773,,0.0,80.0
A-RVol v3 (NASDAQ Cash Defensive),2007-09-26,DEFENSIVE,MODERATE,CASH,QLD,True,True,2,,0.0,,
A-RVol v3 (NASDAQ Cash Defensive),2007-09-28,MODERATE,AGGRESSIVE,QLD,TQQQ,True,False,15,,,,89.64544136894102
A-RVol v3 (NASDAQ Cash Defensive),2007-10-19,AGGRESSIVE,MODERATE,TQQQ,QLD,True,True,2,,,,
A-RVol v3 (NASDAQ Cash Defensive),2007-10-23,MODERATE,DEFENSIVE,QLD,CASH,True,False,132,0.010941681646995827,,-0.03258453412673046,82.60676273013844
A-RVol v3 (NASDAQ Cash Defensive),2008-05-02,DEFENSIVE,MODERATE,CASH,QLD,True,False,24,,0.03368204796820873,,79.41240104946554
A-RVol v3 (NASDAQ Cash Defensive),2008-06-06,MODERATE,DEFENSIVE,QLD,CASH,True,False,250,0.017503070786970776,,-0.09191363556691612,87.3530908453533
A-RVol v3 (NASDAQ Cash Defensive),2009-06-04,DEFENSIVE,MODERATE,CASH,QLD,True,False,21,,0.10121684364713213,,68.05931645581428
A-RVol v3 (NASDAQ Cash Defensive),2009-07-06,MODERATE,DEFENSIVE,QLD,CASH,True,True,1,-0.10167390563955436,,0.0,67.79913132325348
A-RVol v3 (NASDAQ Cash Defensive),2009-07-07,DEFENSIVE,MODERATE,CASH,QLD,True,True,1,,0.0,,
A-RVol v3 (NASDAQ Cash Defensive),2009-07-08,MODERATE,DEFENSIVE,QLD,CASH,True,True,1,-0.09174093900586489,,0.0,68.99108731929621
A-RVol v3 (NASDAQ Cash Defensive),2009-07-09,DEFENSIVE,MODERATE,CASH,QLD,True,True,1,,0.0,,
A-RVol v3 (NASDAQ Cash Defensive),2009-07-10,MODERATE,DEFENSIVE,QLD,CASH,True,True,1,-0.048615466184594,,0.0,74.16614405784873
A-RVol v3 (NASDAQ Cash Defensive),2009-07-13,DEFENSIVE,MODERATE,CASH,QLD,True,False,17,,0.0,,97.69227477392386
A-RVol v3 (NASDAQ Cash Defensive),2009-08-05,MODERATE,AGGRESSIVE,QLD,TQQQ,True,False,8,,,,75.89247322847228
A-RVol v3 (NASDAQ Cash Defensive),2009-08-17,AGGRESSIVE,MODERATE,TQQQ,QLD,True,False,10,,,,87.40492962966499
A-RVol v3 (NASDAQ Cash Defensive),2009-08-31,MODERATE,DEFENSIVE,QLD,CASH,True,True,1,-0.05752774508233083,,-0.002041830008446266,73.260016990796
A-RVol v3 (NASDAQ Cash Defensive),2009-09-01,DEFENSIVE,MODERATE,CASH,QLD,True,True,1,,0.0,,
A-RVol v3 (NASDAQ Cash Defensive),2009-09-02,MODERATE,DEFENSIVE,QLD,CASH,True,True,1,-0.046620654600777245,,0.0,74.40552144790672
A-RVol v3 (NASDAQ Cash Defensive),2009-09-03,DEFENSIVE,MODERATE,CASH,QLD,True,True,1,,0.0,,
A-RVol v3 (NASDAQ Cash Defensive),2009-09-04,MODERATE,DEFENSIVE,QLD,CASH,True,True,1,0.013473165129331388,,0.0,80.0
A-RVol v3 (NASDAQ Cash Defensive),2009-09-08,DEFENSIVE,MODERATE,CASH,QLD,True,False,10,,0.0,,84.20338991986797
A-RVol v3 (NASDAQ Cash Defensive),2009-09-22,MODERATE,AGGRESSIVE,QLD,TQQQ,True,False,10,,,,60.67152013013809
A-RVol v3 (NASDAQ Cash Defensive),2009-10-06,AGGRESSIVE,MODERATE,TQQQ,QLD,True,False,12,,,,84.9142516240434
A-RVol v3 (NASDAQ Cash Defensive),2009-10-22,MODERATE,AGGRESSIVE,QLD,TQQQ,True,False,6,,,,54.257531401488244
A-RVol v3 (NASDAQ Cash Defensive),2009-10-30,AGGRESSIVE,MODERATE,TQQQ,QLD,True,False,26,,,,92.25989583749305
A-RVol v3 (NASDAQ Cash Defensive),2009-12-08,MODERATE,AGGRESSIVE,QLD,TQQQ,True,False,30,,,,94.8147915030896
A-RVol v3 (NASDAQ Cash Defensive),2010-01-22,AGGRESSIVE,MODERATE,TQQQ,QLD,True,True,5,,,,
A-RVol v3 (NASDAQ Cash Defensive),2010-01-29,MODERATE,DEFENSIVE,QLD,CASH,True,False,11,0.01782850112063805,,-0.007764869148803255,80.62118953190426
A-RVol v3 (NASDAQ Cash Defensive),2010-02-16,DEFENSIVE,MODERATE,CASH,QLD,True,False,8,,0.007825634174172036,,78.4397343671951
A-RVol v3 (NASDAQ Cash Defensive),2010-02-26,MODERATE,AGGRESSIVE,QLD,TQQQ,True,False,46,,,,98.62707989396185
A-RVol v3 (NASDAQ Cash Defensive),2010-05-04,AGGRESSIVE,MODERATE,TQQQ,QLD,True,True,2,,,,
A-RVol v3 (NASDAQ Cash Defensive),2010-05-06,MODERATE,DEFENSIVE,QLD,CASH,True,True,2,-0.10846705858298356,,-0.1492935525913922,78.92743717735334
A-RVol v3 (NASDAQ Cash Defensive),2010-05-10,DEFENSIVE,MODERATE,CASH,QLD,True,True,1,,0.0,,
A-RVol v3 (NASDAQ Cash Defensive),2010-05-11,MODERATE,DEFENSIVE,QLD,CASH,True,False,54,-0.015972105900326716,,-0.10370671463644399,86.3798844628763
A-RVol v3 (NASDAQ Cash Defensive),2010-07-28,DEFENSIVE,MODERATE,CASH,QLD,True,False,17,,0.06302111757978635,,75.54018296231605
A-RVol v3 (NASDAQ Cash Defensive),2010-08-20,MODERATE,DEFENSIVE,QLD,CASH,True,False,16,0.007995890088543511,,0.0,80.0
A-RVol v3 (NASDAQ Cash Defensive),2010-09-14,DEFENSIVE,MODERATE,CASH,QLD,True,False,8,,0.0,,84.84379730275306
A-RVol v3 (NASDAQ Cash Defensive),2010-09-24,MODERATE,AGGRESSIVE,QLD,TQQQ,True,False,47,,,,81.21777354066963
A-RVol v3 (NASDAQ Cash Defensive),2010-12-01,AGGRESSIVE,MODERATE,TQQQ,QLD,True,False,11,,,,82.93579751440205
A-RVol v3 (NASDAQ Cash Defensive),2010-12-16,MODERATE,AGGRESSIVE,QLD,TQQQ,True,False,52,,,,91.56393345563737
A-RVol v3 (NASDAQ Cash Defensive),2011-03-03,AGGRESSIVE,MODERATE,TQQQ,QLD,True,False,24,,,,58.588588139906236
A-RVol v3 (NASDAQ Cash Defensive),2011-04-06,MODERATE,AGGRESSIVE,QLD,TQQQ,True,False,48,,,,77.85712839167243
A-RVol v3 (NASDAQ Cash Defensive),2011-06-15,AGGRESSIVE,MODERATE,TQQQ,QLD,True,True,1,,,,
A-RVol v3 (NASDAQ Cash Defensive),2011-06-16,MODERATE,DEFENSIVE,QLD,CASH,True,True,4,-0.01952817770806936,,-0.016984250583682803,79.0153587217263
A-RVol v3 (NASDAQ Cash Defensive),2011-06-22,DEFENSIVE,MODERATE,CASH,QLD,True,False,28,,0.0172776993591075,,90.98631410341362
A-RVol v3 (NASDAQ Cash Defensive),2011-08-02,MODERATE,DEFENSIVE,QLD,CASH,True,False,99,-0.06580360289613085,,0.0,72.1035676524643
A-RVol v3 (NASDAQ Cash Defensive),2011-12-21,DEFENSIVE,MODERATE,CASH,QLD,True,False,14,,0.0,,87.86291734919158
A-RVol v3 (NASDAQ Cash Defensive),2012-01-12,MODERATE,AGGRESSIVE,QLD,TQQQ,True,False,71,,,,96.2321018437408
A-RVol v3 (NASDAQ Cash Defensive),2012-04-25,AGGRESSIVE,MODERATE,TQQQ,QLD,True,False,15,,,,69.1587713672788
A-RVol v3 (NASDAQ Cash Defensive),2012-05-16,MODERATE,AGGRESSIVE,QLD,TQQQ,True,True,3,,,,
A-RVol v3 (NASDAQ Cash Defensive),2012-05-21,AGGRESSIVE,MODERATE,TQQQ,QLD,True,False,7,,,,79.30600602852662
A-RVol v3 (NASDAQ Cash Defensive),2012-05-31,MODERATE,DEFENSIVE,QLD,CASH,True,True,1,-0.07705827728483217,,0.0,70.75300672582014
A-RVol v3 (NASDAQ Cash Defensive),2012-06-01,DEFENSIVE,MODERATE,CASH,QLD,True,True,1,,0.0,,
A-RVol v3 (NASDAQ Cash Defensive),2012-06-04,MODERATE,DEFENSIVE,QLD,CASH,True,True,1,-0.05515354053747845,,0.0,73.38157513550259
A-RVol v3 (NASDAQ Cash Defensive),2012-06-05,DEFENSIVE,MODERATE,CASH,QLD,True,False,49,,0.0,,90.18419621632219
A-RVol v3 (NASDAQ Cash Defensive),2012-08-14,MODERATE,AGGRESSIVE,QLD,TQQQ,True,False,58,,,,85.53428697745065
A-RVol v3 (NASDAQ Cash Defensive),2012-11-07,AGGRESSIVE,MODERATE,TQQQ,QLD,True,False,16,,,,70.7471167336066
A-RVol v3 (NASDAQ Cash Defensive),2012-11-30,MODERATE,AGGRESSIVE,QLD,TQQQ,True,False,21,,,,68.10857997630409
A-RVol v3 (NASDAQ Cash Defensive),2013-01-02,AGGRESSIVE,MODERATE,TQQQ,QLD,True,False,15,,,,77.18699410053955
A-RVol v3 (NASDAQ Cash Defensive),2013-01-24,MODERATE,AGGRESSIVE,QLD,TQQQ,True,False,58,,,,80.50790528075268
A-RVol v3 (NASDAQ Cash Defensive),2013-04-18,AGGRESSIVE,MODERATE,TQQQ,QLD,True,False,14,,,,89.99311194221617
A-RVol v3 (NASDAQ Cash Defensive),2013-05-08,MODERATE,AGGRESSIVE,QLD,TQQQ,True,False,33,,,,79.58374388420378
A-RVol v3 (NASDAQ Cash Defensive),2013-06-25,AGGRESSIVE,MODERATE,TQQQ,QLD,True,False,12,,,,87.62447150864433
A-RVol v3 (NASDAQ Cash Defensive),2013-07-12,MODERATE,AGGRESSIVE,QLD,TQQQ,True,False,67,,,,78.45990355388236
A-RVol v3 (NASDAQ Cash Defensive),2013-10-16,AGGRESSIVE,MODERATE,TQQQ,QLD,True,False,9,,,,83.13990690947206
A-RVol v3 (NASDAQ Cash Defensive),2013-10-29,MODERATE,AGGRESSIVE,QLD,TQQQ,True,False,59,,,,76.92469418090411
A-RVol v3 (NASDAQ Cash Defensive),2014-01-24,AGGRESSIVE,MODERATE,TQQQ,QLD,True,True,4,,,,
A-RVol v3 (NASDAQ Cash Defensive),2014-01-30,MODERATE,DEFENSIVE,QLD,CASH,True,False,17,-0.0030550864766667463,,-0.03447614601881399,82.3914813043051
A-RVol v3 (NASDAQ Cash Defensive),2014-02-25,DEFENSIVE,MODERATE,CASH,QLD,True,True,1,,0.0,,
A-RVol v3 (NASDAQ Cash Defensive),2014-02-26,MODERATE,AGGRESSIVE,QLD,TQQQ,True,False,24,,,,73.09490347318054
A-RVol v3 (NASDAQ Cash Defensive),2014-04-01,AGGRESSIVE,MODERATE,TQQQ,QLD,True,True,3,,,,
A-RVol v3 (NASDAQ Cash Defensive),2014-04-04,MODERATE,DEFENSIVE,QLD,CASH,True,False,19,-0.003838069503916741,,-0.023727455978152068,81.43762813778216
A-RVol v3 (NASDAQ Cash Defensive),2014-05-02,DEFENSIVE,MODERATE,CASH,QLD,True,False,10,,0.024304131180832522,,75.7855845313108
A-RVol v3 (NASDAQ Cash Defensive),2014-05-16,MODERATE,AGGRESSIVE,QLD,TQQQ,True,False,97,,,,93.29377361088314
A-RVol v3 (NASDAQ Cash Defensive),2014-10-03,AGGRESSIVE,MODERATE,TQQQ,QLD,True,True,3,,,,
A-RVol v3 (NASDAQ Cash Defensive),2014-10-08,MODERATE,DEFENSIVE,QLD,CASH,True,False,23,0.005210928709026064,,0.0,80.0
A-RVol v3 (NASDAQ Cash Defensive),2014-11-10,DEFENSIVE,MODERATE,CASH,QLD,True,True,1,,0.0,,
A-RVol v3 (NASDAQ Cash Defensive),2014-11-11,MODERATE,AGGRESSIVE,QLD,TQQQ,True,False,26,,,,86.09199975296242
A-RVol v3 (NASDAQ Cash Defensive),2014-12-18,AGGRESSIVE,MODERATE,TQQQ,QLD,True,True,1,,,,
A-RVol v3 (NASDAQ Cash Defensive),2014-12-19,MODERATE,DEFENSIVE,QLD,CASH,True,False,39,0.0029396736967919335,,-0.03933185395892269,83.14654831671382
A-RVol v3 (NASDAQ Cash Defensive),2015-02-18,DEFENSIVE,MODERATE,CASH,QLD,True,True,1,,0.0,,
A-RVol v3 (NASDAQ Cash Defensive),2015-02-19,MODERATE,AGGRESSIVE,QLD,TQQQ,True,False,52,,,,73.13683701636717
A-RVol v3 (NASDAQ Cash Defensive),2015-05-05,AGGRESSIVE,MODERATE,TQQQ,QLD,True,False,19,,,,81.95300219381201
A-RVol v3 (NASDAQ Cash Defensive),2015-06-02,MODERATE,AGGRESSIVE,QLD,TQQQ,True,False,28,,,,65.72410187894825
A-RVol v3 (NASDAQ Cash Defensive),2015-07-13,AGGRESSIVE,MODERATE,TQQQ,QLD,True,False,29,,,,86.61079183741586
A-RVol v3 (NASDAQ Cash Defensive),2015-08-21,MODERATE,DEFENSIVE,QLD,CASH,True,True,3,-0.15116142246565423,,-0.037529940104035764,64.86302451244435
A-RVol v3 (NASDAQ Cash Defensive),2015-08-26,DEFENSIVE,MODERATE,CASH,QLD,True,True,1,,0.0,,
A-RVol v3 (NASDAQ Cash Defensive),2015-08-27,MODERATE,DEFENSIVE,QLD,CASH,True,False,36,0.011302016945657689,,-0.022889593363161653,81.83116746905293
A-RVol v3 (NASDAQ Cash Defensive),2015-10-19,DEFENSIVE,MODERATE,CASH,QLD,True,False,35,,0.023425800408723996,,85.92458829263559
A-RVol v3 (NASDAQ Cash Defensive),2015-12-08,MODERATE,DEFENSIVE,QLD,CASH,True,True,1,-0.040270199736111234,,-0.15062547654349911,87.21761415514658
A-RVol v3 (NASDAQ Cash Defensive),2015-12-09,DEFENSIVE,MODERATE,CASH,QLD,True,True,2,,0.0,,
A-RVol v3 (NASDAQ Cash Defensive),2015-12-11,MODERATE,DEFENSIVE,QLD,CASH,True,True,1,-0.0617313698661659,,-0.16707079411720505,85.95789914543649
A-RVol v3 (NASDAQ Cash Defensive),2015-12-14,DEFENSIVE,MODERATE,CASH,QLD,True,False,13,,0.027055646859947657,,80.84341252430868
A-RVol v3 (NASDAQ Cash Defensive),2016-01-04,MODERATE,DEFENSIVE,QLD,CASH,True,False,18,-0.0026665478187629654,,-0.14705904710465822,91.4447380301211
A-RVol v3 (NASDAQ Cash Defensive),2016-01-29,DEFENSIVE,MODERATE,CASH,QLD,True,True,1,,0.0,,
A-RVol v3 (NASDAQ Cash Defensive),2016-02-01,MODERATE,DEFENSIVE,QLD,CASH,True,False,26,-0.01910821305234478,,-0.002509047768410211,77.90773825519145
A-RVol v3 (NASDAQ Cash Defensive),2016-03-09,DEFENSIVE,MODERATE,CASH,QLD,True,False,14,,0.002515358924105593,,83.90120042109348
A-RVol v3 (NASDAQ Cash Defensive),2016-03-30,MODERATE,AGGRESSIVE,QLD,TQQQ,True,False,61,,,,76.4285384211422
A-RVol v3 (NASDAQ Cash Defensive),2016-06-24,AGGRESSIVE,MODERATE,TQQQ,QLD,True,True,1,,,,
A-RVol v3 (NASDAQ Cash Defensive),2016-06-27,MODERATE,DEFENSIVE,QLD,CASH,True,True,4,-0.015614407598772528,,-0.012522477091847617,79.1280692554951
A-RVol v3 (NASDAQ Cash Defensive),2016-07-01,DEFENSIVE,MODERATE,CASH,QLD,True,False,11,,0.012681278106430716,,85.13472400261864
A-RVol v3 (NASDAQ Cash Defensive),2016-07-19,MODERATE,AGGRESSIVE,QLD,TQQQ,True,False,220,,,,90.81159030545629
A-RVol v3 (NASDAQ Cash Defensive),2017-06-02,AGGRESSIVE,MODERATE,TQQQ,QLD,True,True,4,,,,
A-RVol v3 (NASDAQ Cash Defensive),2017-06-08,MODERATE,AGGRESSIVE,QLD,TQQQ,True,True,1,,,,
A-RVol v3 (NASDAQ Cash Defensive),2017-06-09,AGGRESSIVE,MODERATE,TQQQ,QLD,True,False,6,,,,75.8557828767005
A-RVol v3 (NASDAQ Cash Defensive),2017-06-19,MODERATE,DEFENSIVE,QLD,CASH,True,False,23,-0.0014223687697766385,,-0.044152378813917204,83.36150605274017
A-RVol v3 (NASDAQ Cash Defensive),2017-07-21,DEFENSIVE,MODERATE,CASH,QLD,True,True,2,,0.0,,
A-RVol v3 (NASDAQ Cash Defensive),2017-07-25,MODERATE,AGGRESSIVE,QLD,TQQQ,True,False,17,,,,70.25384722123432
A-RVol v3 (NASDAQ Cash Defensive),2017-08-17,AGGRESSIVE,MODERATE,TQQQ,QLD,True,True,1,,,,
A-RVol v3 (NASDAQ Cash Defensive),2017-08-18,MODERATE,DEFENSIVE,QLD,CASH,True,False,14,-0.02491500692834092,,-0.016346695374569342,78.31793479856464
A-RVol v3 (NASDAQ Cash Defensive),2017-09-08,DEFENSIVE,MODERATE,CASH,QLD,True,False,10,,0.0,,81.94254825347046
A-RVol v3 (NASDAQ Cash Defensive),2017-09-22,MODERATE,AGGRESSIVE,QLD,TQQQ,True,False,25,,,,83.18518408904244
A-RVol v3 (NASDAQ Cash Defensive),2017-10-27,AGGRESSIVE,MODERATE,TQQQ,QLD,True,False,15,,,,82.58960699589429
A-RVol v3 (NASDAQ Cash Defensive),2017-11-17,MODERATE,AGGRESSIVE,QLD,TQQQ,True,False,10,,,,83.03520160684181
A-RVol v3 (NASDAQ Cash Defensive),2017-12-04,AGGRESSIVE,MODERATE,TQQQ,QLD,True,False,15,,,,86.52271145381853
A-RVol v3 (NASDAQ Cash Defensive),2017-12-26,MODERATE,AGGRESSIVE,QLD,TQQQ,True,False,26,,,,96.85456230398574
A-RVol v3 (NASDAQ Cash Defensive),2018-02-02,AGGRESSIVE,MODERATE,TQQQ,QLD,True,True,1,,,,
A-RVol v3 (NASDAQ Cash Defensive),2018-02-05,MODERATE,DEFENSIVE,QLD,CASH,True,False,69,-0.02204400257707484,,-0.005544908202717691,77.79831234696843
A-RVol v3 (NASDAQ Cash Defensive),2018-05-15,DEFENSIVE,MODERATE,CASH,QLD,True,True,2,,0.0,,
A-RVol v3 (NASDAQ Cash Defensive),2018-05-17,MODERATE,AGGRESSIVE,QLD,TQQQ,True,False,38,,,,90.45290892120013
A-RVol v3 (NASDAQ Cash Defensive),2018-07-12,AGGRESSIVE,MODERATE,TQQQ,QLD,True,True,5,,,,
A-RVol v3 (NASDAQ Cash Defensive),2018-07-19,MODERATE,AGGRESSIVE,QLD,TQQQ,True,False,58,,,,72.53327149430721
A-RVol v3 (NASDAQ Cash Defensive),2018-10-10,AGGRESSIVE,MODERATE,TQQQ,QLD,True,True,1,,,,
A-RVol v3 (NASDAQ Cash Defensive),2018-10-11,MODERATE,DEFENSIVE,QLD,CASH,True,False,10,-0.07476955592912138,,-0.14085664529233777,82.29618491189245
A-RVol v3 (NASDAQ Cash Defensive),2018-10-25,DEFENSIVE,MODERATE,CASH,QLD,True,True,1,,0.0,,
A-RVol v3 (NASDAQ Cash Defensive),2018-10-26,MODERATE,DEFENSIVE,QLD,CASH,True,False,63,0.0049620370916891865,,0.0,80.0
A-RVol v3 (NASDAQ Cash Defensive),2019-01-30,DEFENSIVE,MODERATE,CASH,QLD,True,False,31,,0.0,,86.92307932055567
A-RVol v3 (NASDAQ Cash Defensive),2019-03-15,MODERATE,AGGRESSIVE,QLD,TQQQ,True,False,40,,,,89.84801223972926
A-RVol v3 (NASDAQ Cash Defensive),2019-05-13,AGGRESSIVE,MODERATE,TQQQ,QLD,True,False,9,,,,80.4540868701881
A-RVol v3 (NASDAQ Cash Defensive),2019-05-24,MODERATE,DEFENSIVE,QLD,CASH,True,False,7,-0.06402783309197513,,0.0,72.31666002896299
A-RVol v3 (NASDAQ Cash Defensive),2019-06-05,DEFENSIVE,MODERATE,CASH,QLD,True,False,17,,0.0,,90.01754599862046
A-RVol v3 (NASDAQ Cash Defensive),2019-06-28,MODERATE,AGGRESSIVE,QLD,TQQQ,True,False,25,,,,89.9076885175291
A-RVol v3 (NASDAQ Cash Defensive),2019-08-05,AGGRESSIVE,MODERATE,TQQQ,QLD,True,False,9,,,,83.22082075878626
A-RVol v3 (NASDAQ Cash Defensive),2019-08-16,MODERATE,DEFENSIVE,QLD,CASH,True,False,13,0.03025303438789062,,-0.07927450120089974,86.34196009607197
A-RVol v3 (NASDAQ Cash Defensive),2019-09-05,DEFENSIVE,MODERATE,CASH,QLD,True,False,7,,0.011865121555763247,,79.65856268010175
A-RVol v3 (NASDAQ Cash Defensive),2019-09-16,MODERATE,AGGRESSIVE,QLD,TQQQ,True,False,19,,,,63.48733784007507
A-RVol v3 (NASDAQ Cash Defensive),2019-10-11,AGGRESSIVE,MODERATE,TQQQ,QLD,True,False,10,,,,80.50197296941644
A-RVol v3 (NASDAQ Cash Defensive),2019-10-25,MODERATE,AGGRESSIVE,QLD,TQQQ,True,False,68,,,,87.52579782497813
A-RVol v3 (NASDAQ Cash Defensive),2020-02-04,AGGRESSIVE,MODERATE,TQQQ,QLD,True,False,13,,,,86.76714580621325
A-RVol v3 (NASDAQ Cash Defensive),2020-02-24,MODERATE,DEFENSIVE,QLD,CASH,True,False,61,0.033999509817325135,,-0.022023719953043752,81.7618975962435
A-RVol v3 (NASDAQ Cash Defensive),2020-05-20,DEFENSIVE,MODERATE,CASH,QLD,True,False,14,,0.022519687238208075,,79.70021521247348
A-RVol v3 (NASDAQ Cash Defensive),2020-06-10,MODERATE,AGGRESSIVE,QLD,TQQQ,True,True,1,,,,
A-RVol v3 (NASDAQ Cash Defensive),2020-06-11,AGGRESSIVE,MODERATE,TQQQ,QLD,True,False,12,,,,88.6006096468688
A-RVol v3 (NASDAQ Cash Defensive),2020-06-29,MODERATE,DEFENSIVE,QLD,CASH,True,True,3,0.013535700720441524,,0.0,80.0
A-RVol v3 (NASDAQ Cash Defensive),2020-07-02,DEFENSIVE,MODERATE,CASH,QLD,True,True,1,,0.0,,
A-RVol v3 (NASDAQ Cash Defensive),2020-07-06,MODERATE,DEFENSIVE,QLD,CASH,True,True,1,-0.0141536412571458,,-0.011775027487504919,79.2435652481429
A-RVol v3 (NASDAQ Cash Defensive),2020-07-07,DEFENSIVE,MODERATE,CASH,QLD,True,False,40,,0.011915330835617022,,86.98776750051547
A-RVol v3 (NASDAQ Cash Defensive),2020-09-01,MODERATE,AGGRESSIVE,QLD,TQQQ,True,True,2,,,,
A-RVol v3 (NASDAQ Cash Defensive),2020-09-03,AGGRESSIVE,MODERATE,TQQQ,QLD,True,True,3,,,,
A-RVol v3 (NASDAQ Cash Defensive),2020-09-09,MODERATE,DEFENSIVE,QLD,CASH,True,False,32,-0.06503272713655905,,-0.10704957275853666,80.76003856429585
A-RVol v3 (NASDAQ Cash Defensive),2020-10-23,DEFENSIVE,MODERATE,CASH,QLD,True,False,27,,0.11988299629268151,,70.66051576329275
A-RVol v3 (NASDAQ Cash Defensive),2020-12-02,MODERATE,AGGRESSIVE,QLD,TQQQ,True,False,31,,,,84.89892698272382
A-RVol v3 (NASDAQ Cash Defensive),2021-01-19,AGGRESSIVE,MODERATE,TQQQ,QLD,True,False,31,,,,87.08433496271061
A-RVol v3 (NASDAQ Cash Defensive),2021-03-04,MODERATE,DEFENSIVE,QLD,CASH,True,True,3,-0.08066903641373091,,-0.005974610846309014,70.79768449805701
A-RVol v3 (NASDAQ Cash Defensive),2021-03-09,DEFENSIVE,MODERATE,CASH,QLD,True,True,2,,0.006010521372493027,,
A-RVol v3 (NASDAQ Cash Defensive),2021-03-11,MODERATE,DEFENSIVE,QLD,CASH,True,False,13,-0.046486224337209614,,0.0,74.42165307953485
A-RVol v3 (NASDAQ Cash Defensive),2021-03-30,DEFENSIVE,MODERATE,CASH,QLD,True,False,26,,0.0,,92.60015117363142
A-RVol v3 (NASDAQ Cash Defensive),2021-05-06,MODERATE,AGGRESSIVE,QLD,TQQQ,True,True,4,,,,
A-RVol v3 (NASDAQ Cash Defensive),2021-05-12,AGGRESSIVE,MODERATE,TQQQ,QLD,True,False,18,,,,88.73434740372585
A-RVol v3 (NASDAQ Cash Defensive),2021-06-08,MODERATE,AGGRESSIVE,QLD,TQQQ,True,False,82,,,,98.44981327380545
A-RVol v3 (NASDAQ Cash Defensive),2021-10-04,AGGRESSIVE,MODERATE,TQQQ,QLD,True,False,15,,,,89.20074609011249
A-RVol v3 (NASDAQ Cash Defensive),2021-10-25,MODERATE,AGGRESSIVE,QLD,TQQQ,True,False,26,,,,94.00771065072868
A-RVol v3 (NASDAQ Cash Defensive),2021-12-01,AGGRESSIVE,MODERATE,TQQQ,QLD,True,True,4,,,,
A-RVol v3 (NASDAQ Cash Defensive),2021-12-07,MODERATE,DEFENSIVE,QLD,CASH,True,False,173,-0.004675138495389031,,-0.22842737753874864,97.7131735836532
A-RVol v3 (NASDAQ Cash Defensive),2022-08-16,DEFENSIVE,MODERATE,CASH,QLD,True,True,4,,0.06012533439111323,,
A-RVol v3 (NASDAQ Cash Defensive),2022-08-22,MODERATE,DEFENSIVE,QLD,CASH,True,False,72,-0.007910696428408248,,-0.2132206422717301,96.10836781032941
A-RVol v3 (NASDAQ Cash Defensive),2022-12-02,DEFENSIVE,MODERATE,CASH,QLD,True,True,1,,0.0,,
A-RVol v3 (NASDAQ Cash Defensive),2022-12-05,MODERATE,DEFENSIVE,QLD,CASH,True,False,24,0.016911842892923357,,0.0,80.0
A-RVol v3 (NASDAQ Cash Defensive),2023-01-10,DEFENSIVE,MODERATE,CASH,QLD,True,False,69,,0.0,,98.40783456308176
A-RVol v3 (NASDAQ Cash Defensive),2023-04-20,MODERATE,AGGRESSIVE,QLD,TQQQ,True,False,13,,,,74.8808256881843
A-RVol v3 (NASDAQ Cash Defensive),2023-05-09,AGGRESSIVE,MODERATE,TQQQ,QLD,True,False,28,,,,93.37385718440012
A-RVol v3 (NASDAQ Cash Defensive),2023-06-20,MODERATE,AGGRESSIVE,QLD,TQQQ,True,True,5,,,,
A-RVol v3 (NASDAQ Cash Defensive),2023-06-27,AGGRESSIVE,MODERATE,TQQQ,QLD,True,False,14,,,,83.61411383182691
A-RVol v3 (NASDAQ Cash Defensive),2023-07-18,MODERATE,AGGRESSIVE,QLD,TQQQ,True,False,11,,,,67.44734211136422
A-RVol v3 (NASDAQ Cash Defensive),2023-08-02,AGGRESSIVE,MODERATE,TQQQ,QLD,True,False,12,,,,65.74676821632514
A-RVol v3 (NASDAQ Cash Defensive),2023-08-18,MODERATE,AGGRESSIVE,QLD,TQQQ,True,False,7,,,,83.60440266783124
A-RVol v3 (NASDAQ Cash Defensive),2023-08-29,AGGRESSIVE,MODERATE,TQQQ,QLD,True,False,15,,,,76.47251098032484
A-RVol v3 (NASDAQ Cash Defensive),2023-09-20,MODERATE,AGGRESSIVE,QLD,TQQQ,True,False,25,,,,66.39002399432106
A-RVol v3 (NASDAQ Cash Defensive),2023-10-25,AGGRESSIVE,MODERATE,TQQQ,QLD,True,False,26,,,,93.57182701619308
A-RVol v3 (NASDAQ Cash Defensive),2023-12-01,MODERATE,AGGRESSIVE,QLD,TQQQ,True,False,55,,,,84.18739762636275
A-RVol v3 (NASDAQ Cash Defensive),2024-02-22,AGGRESSIVE,MODERATE,TQQQ,QLD,True,False,25,,,,79.36487966823123
A-RVol v3 (NASDAQ Cash Defensive),2024-03-28,MODERATE,AGGRESSIVE,QLD,TQQQ,True,False,16,,,,48.49407776486892
A-RVol v3 (NASDAQ Cash Defensive),2024-04-22,AGGRESSIVE,MODERATE,TQQQ,QLD,True,False,21,,,,93.741769416214
A-RVol v3 (NASDAQ Cash Defensive),2024-05-21,MODERATE,AGGRESSIVE,QLD,TQQQ,True,False,38,,,,89.11899258248023
A-RVol v3 (NASDAQ Cash Defensive),2024-07-17,AGGRESSIVE,MODERATE,TQQQ,QLD,True,True,5,,,,
A-RVol v3 (NASDAQ Cash Defensive),2024-07-24,MODERATE,DEFENSIVE,QLD,CASH,True,False,46,-0.011736969917751638,,-0.02345300231320946,80.46780379492655
A-RVol v3 (NASDAQ Cash Defensive),2024-09-27,DEFENSIVE,MODERATE,CASH,QLD,True,True,3,,0.02401625561162346,,
A-RVol v3 (NASDAQ Cash Defensive),2024-10-02,MODERATE,AGGRESSIVE,QLD,TQQQ,True,False,25,,,,86.0269018621324
A-RVol v3 (NASDAQ Cash Defensive),2024-11-06,AGGRESSIVE,MODERATE,TQQQ,QLD,True,False,15,,,,77.18827790031085
A-RVol v3 (NASDAQ Cash Defensive),2024-11-27,MODERATE,AGGRESSIVE,QLD,TQQQ,True,False,14,,,,89.87930561129747
A-RVol v3 (NASDAQ Cash Defensive),2024-12-18,AGGRESSIVE,MODERATE,TQQQ,QLD,True,False,39,,,,78.28175677500705
A-RVol v3 (NASDAQ Cash Defensive),2025-02-18,MODERATE,AGGRESSIVE,QLD,TQQQ,True,False,7,,,,48.95554532264611
A-RVol v3 (NASDAQ Cash Defensive),2025-02-27,AGGRESSIVE,MODERATE,TQQQ,QLD,True,True,2,,,,
A-RVol v3 (NASDAQ Cash Defensive),2025-03-03,MODERATE,DEFENSIVE,QLD,CASH,True,False,10,-0.08064675991978099,,-0.2651946818995343,90.32238880962629
A-RVol v3 (NASDAQ Cash Defensive),2025-03-17,DEFENSIVE,MODERATE,CASH,QLD,True,True,1,,0.0,,
A-RVol v3 (NASDAQ Cash Defensive),2025-03-18,MODERATE,DEFENSIVE,QLD,CASH,True,False,36,-0.0032072053368702447,,-0.0017159857728881178,79.75241422140661
A-RVol v3 (NASDAQ Cash Defensive),2025-05-08,DEFENSIVE,MODERATE,CASH,QLD,True,False,18,,0.001718935441650471,,90.0211046811142
A-RVol v3 (NASDAQ Cash Defensive),2025-06-04,MODERATE,AGGRESSIVE,QLD,TQQQ,True,False,90,,,,89.24422847186922
A-RVol v3 (NASDAQ Cash Defensive),2025-10-13,AGGRESSIVE,MODERATE,TQQQ,QLD,True,False,28,,,,85.19712101739312
A-RVol v3 (NASDAQ Cash Defensive),2025-11-20,MODERATE,DEFENSIVE,QLD,CASH,True,True,3,-0.044338973311065066,,-0.032081859879867336,77.24587199306157
A-RVol v3 (NASDAQ Cash Defensive),2025-11-25,DEFENSIVE,MODERATE,CASH,QLD,True,False,14,,0.0,,84.77628643701493
A-RVol v3 (NASDAQ Cash Defensive),2025-12-16,MODERATE,AGGRESSIVE,QLD,TQQQ,True,False,35,,,,76.97964107296926
A-RVol v3 (NASDAQ Cash Defensive),2026-02-06,AGGRESSIVE,MODERATE,TQQQ,QLD,True,False,34,,,,74.29777267957476
A-RVol v3 (NASDAQ Cash Defensive),2026-03-27,MODERATE,DEFENSIVE,QLD,CASH,True,False,15,-0.005995166376150163,,-0.007866728273715484,79.90991829675922
A-RVol v3 (NASDAQ Cash Defensive),2026-04-20,DEFENSIVE,MODERATE,CASH,QLD,True,False,31,,0.007929104383353147,,93.65975756614208
A-RVol v3 (NASDAQ Cash Defensive),2026-06-03,MODERATE,AGGRESSIVE,QLD,TQQQ,True,True,2,,,,
A-RVol v3 (NASDAQ Cash Defensive),2026-06-05,AGGRESSIVE,MODERATE,TQQQ,QLD,True,True,1,,,,
A-RVol v3 (NASDAQ Cash Defensive),2026-06-08,MODERATE,DEFENSIVE,QLD,CASH,True,False,34,-0.12221854816547784,,-0.040682586914321694,68.5883811732884
A-RVol v3 (NASDAQ Cash Defensive),2026-07-28,DEFENSIVE,MODERATE,CASH,QLD,True,True,1,,0.0,,
A-RVol v3 (NASDAQ Cash Defensive),2026-07-29,MODERATE,DEFENSIVE,QLD,CASH,True,True,4,0.036198538676287306,,-0.025200106577662695,82.01600852621301
A-RVol v3 (NASDAQ Cash Defensive),2026-08-04,DEFENSIVE,MODERATE,CASH,QLD,True,True,1,,0.0,,
A-RVol v3 (NASDAQ Cash Defensive),2026-08-05,MODERATE,DEFENSIVE,QLD,CASH,True,False,8,,,,
A-RVol v3 (NASDAQ QQQ Moderate),1993-02-16,AGGRESSIVE,MODERATE,TQQQ,QQQ,True,True,1,,,,
A-RVol v3 (NASDAQ QQQ Moderate),1993-02-17,MODERATE,DEFENSIVE,QQQ,TLT,True,False,6,-0.04264365477048049,,-0.01017945749920901,75.69711802747906
A-RVol v3 (NASDAQ QQQ Moderate),1993-02-25,DEFENSIVE,MODERATE,TLT,QQQ,True,True,3,,0.00737796269968527,,
A-RVol v3 (NASDAQ QQQ Moderate),1993-03-02,MODERATE,DEFENSIVE,QQQ,TLT,True,False,200,-0.04720657874681622,,0.0,74.33521055038204
A-RVol v3 (NASDAQ QQQ Moderate),1993-12-14,DEFENSIVE,MODERATE,TLT,QQQ,True,False,6,,0.0,,81.18374251092018
A-RVol v3 (NASDAQ QQQ Moderate),1993-12-22,MODERATE,AGGRESSIVE,QQQ,TQQQ,True,False,70,,,,94.30340808567678
A-RVol v3 (NASDAQ QQQ Moderate),1994-04-04,AGGRESSIVE,MODERATE,TQQQ,QQQ,True,True,1,,,,
A-RVol v3 (NASDAQ QQQ Moderate),1994-04-05,MODERATE,DEFENSIVE,QQQ,TLT,True,False,29,-0.046937147293477643,,0.0,74.36754232478268
A-RVol v3 (NASDAQ QQQ Moderate),1994-05-17,DEFENSIVE,MODERATE,TLT,QQQ,True,False,27,,0.0,,84.14980645449882
A-RVol v3 (NASDAQ QQQ Moderate),1994-06-24,MODERATE,DEFENSIVE,QQQ,TLT,True,False,14,-0.0051629966708575115,,-0.021017897844686884,81.06187222707204
A-RVol v3 (NASDAQ QQQ Moderate),1994-07-15,DEFENSIVE,MODERATE,TLT,QQQ,True,False,28,,0.021469133907978666,,79.52810371723558
A-RVol v3 (NASDAQ QQQ Moderate),1994-08-24,MODERATE,AGGRESSIVE,QQQ,TQQQ,True,False,15,,,,87.17306922519268
A-RVol v3 (NASDAQ QQQ Moderate),1994-09-15,AGGRESSIVE,MODERATE,TQQQ,QQQ,True,False,31,,,,70.9039614059434
A-RVol v3 (NASDAQ QQQ Moderate),1994-10-28,MODERATE,AGGRESSIVE,QQQ,TQQQ,True,False,17,,,,64.1344808792965
A-RVol v3 (NASDAQ QQQ Moderate),1994-11-22,AGGRESSIVE,MODERATE,TQQQ,QQQ,True,False,35,,,,77.75839280252728
A-RVol v3 (NASDAQ QQQ Moderate),1995-01-13,MODERATE,AGGRESSIVE,QQQ,TQQQ,True,False,94,,,,81.91720937910526
A-RVol v3 (NASDAQ QQQ Moderate),1995-05-30,AGGRESSIVE,MODERATE,TQQQ,QQQ,True,False,15,,,,83.85000089823978
A-RVol v3 (NASDAQ QQQ Moderate),1995-06-20,MODERATE,AGGRESSIVE,QQQ,TQQQ,True,True,5,,,,
A-RVol v3 (NASDAQ QQQ Moderate),1995-06-27,AGGRESSIVE,MODERATE,TQQQ,QQQ,True,False,9,,,,82.35352364168497
A-RVol v3 (NASDAQ QQQ Moderate),1995-07-11,MODERATE,DEFENSIVE,QQQ,TLT,True,False,54,-0.044383226161618494,,-0.05833524670017842,79.34083259662006
A-RVol v3 (NASDAQ QQQ Moderate),1995-09-26,DEFENSIVE,MODERATE,TLT,QQQ,True,False,6,,0.013317675176182098,,77.35046732366389
A-RVol v3 (NASDAQ QQQ Moderate),1995-10-04,MODERATE,DEFENSIVE,QQQ,TLT,True,True,5,-0.05231516611854803,,0.0,73.72218006577424
A-RVol v3 (NASDAQ QQQ Moderate),1995-10-11,DEFENSIVE,MODERATE,TLT,QQQ,True,True,1,,0.0,,
A-RVol v3 (NASDAQ QQQ Moderate),1995-10-12,MODERATE,DEFENSIVE,QQQ,TLT,True,False,79,0.022563142415570114,,-0.022845602791258246,81.82764822330066
A-RVol v3 (NASDAQ QQQ Moderate),1996-02-05,DEFENSIVE,MODERATE,TLT,QQQ,True,False,47,,0.023379726741768803,,78.46764161172152
A-RVol v3 (NASDAQ QQQ Moderate),1996-04-12,MODERATE,AGGRESSIVE,QQQ,TQQQ,True,False,14,,,,100.0
A-RVol v3 (NASDAQ QQQ Moderate),1996-05-02,AGGRESSIVE,MODERATE,TQQQ,QQQ,True,False,15,,,,84.68565841486165
A-RVol v3 (NASDAQ QQQ Moderate),1996-05-23,MODERATE,AGGRESSIVE,QQQ,TQQQ,True,False,26,,,,62.1380081365852
A-RVol v3 (NASDAQ QQQ Moderate),1996-07-01,AGGRESSIVE,MODERATE,TQQQ,QQQ,True,True,3,,,,
A-RVol v3 (NASDAQ QQQ Moderate),1996-07-05,MODERATE,DEFENSIVE,QQQ,TLT,True,False,8,-0.07192390653267955,,-0.052240166669137444,75.54834454960945
A-RVol v3 (NASDAQ QQQ Moderate),1996-07-17,DEFENSIVE,MODERATE,TLT,QQQ,True,True,4,,0.011674197642957518,,
A-RVol v3 (NASDAQ QQQ Moderate),1996-07-23,MODERATE,DEFENSIVE,QQQ,TLT,True,True,3,-0.01612487453173983,,-0.020342966398356643,79.69245236805975
A-RVol v3 (NASDAQ QQQ Moderate),1996-07-26,DEFENSIVE,MODERATE,TLT,QQQ,True,True,1,,0.0,,
A-RVol v3 (NASDAQ QQQ Moderate),1996-07-29,MODERATE,DEFENSIVE,QQQ,TLT,True,False,11,-0.01947823862984599,,-0.025202413520776346,79.67880444608059
A-RVol v3 (NASDAQ QQQ Moderate),1996-08-13,DEFENSIVE,MODERATE,TLT,QQQ,True,False,143,,0.025853996635139875,,78.08074545764032
A-RVol v3 (NASDAQ QQQ Moderate),1997-03-07,MODERATE,DEFENSIVE,QQQ,TLT,True,False,13,-0.007352346106635266,,-0.06050636406613208,83.95822759249432
A-RVol v3 (NASDAQ QQQ Moderate),1997-03-26,DEFENSIVE,MODERATE,TLT,QQQ,True,True,2,,0.019110784195395913,,
A-RVol v3 (NASDAQ QQQ Moderate),1997-03-31,MODERATE,DEFENSIVE,QQQ,TLT,True,True,4,-0.01440500022143365,,-0.03947185998064762,81.42914877187977
A-RVol v3 (NASDAQ QQQ Moderate),1997-04-04,DEFENSIVE,MODERATE,TLT,QQQ,True,True,5,,0.011059604887431629,,
A-RVol v3 (NASDAQ QQQ Moderate),1997-04-11,MODERATE,DEFENSIVE,QQQ,TLT,True,False,30,0.008979023775685713,,-0.03875746485126985,83.10059718810159
A-RVol v3 (NASDAQ QQQ Moderate),1997-05-23,DEFENSIVE,MODERATE,TLT,QQQ,True,False,107,,0.04032017252053155,,75.98121791617352
A-RVol v3 (NASDAQ QQQ Moderate),1997-10-24,MODERATE,DEFENSIVE,QQQ,TLT,True,True,2,-0.0748113770171841,,-0.06384373427513357,76.1301334999486
A-RVol v3 (NASDAQ QQQ Moderate),1997-10-28,DEFENSIVE,MODERATE,TLT,QQQ,True,True,1,,0.0,,
A-RVol v3 (NASDAQ QQQ Moderate),1997-10-29,MODERATE,DEFENSIVE,QQQ,TLT,True,False,46,-0.01094737653235478,,-0.04980983348592771,82.67110149499165
A-RVol v3 (NASDAQ QQQ Moderate),1998-01-06,DEFENSIVE,MODERATE,TLT,QQQ,True,False,58,,0.052420910299107115,,83.08829518236384
A-RVol v3 (NASDAQ QQQ Moderate),1998-03-31,MODERATE,AGGRESSIVE,QQQ,TQQQ,True,True,5,,,,
A-RVol v3 (NASDAQ QQQ Moderate),1998-04-07,AGGRESSIVE,MODERATE,TQQQ,QQQ,True,False,99,,,,87.35407889885231
A-RVol v3 (NASDAQ QQQ Moderate),1998-08-27,MODERATE,DEFENSIVE,QQQ,TLT,True,True,3,-0.13293784791821472,,-0.007965697923910109,64.68471408372704
A-RVol v3 (NASDAQ QQQ Moderate),1998-09-01,DEFENSIVE,MODERATE,TLT,QQQ,True,True,1,,0.0,,
A-RVol v3 (NASDAQ QQQ Moderate),1998-09-02,MODERATE,DEFENSIVE,QQQ,TLT,True,False,48,0.0067035476885464185,,-0.008321597115226953,80.66572776921817
A-RVol v3 (NASDAQ QQQ Moderate),1998-11-10,DEFENSIVE,MODERATE,TLT,QQQ,True,False,17,,0.008391427191536627,,84.58229462559694
A-RVol v3 (NASDAQ QQQ Moderate),1998-12-04,MODERATE,DEFENSIVE,QQQ,TLT,True,False,21,0.0320204140821323,,-0.029492190819003894,82.35937526552031
A-RVol v3 (NASDAQ QQQ Moderate),1999-01-06,DEFENSIVE,MODERATE,TLT,QQQ,True,False,13,,0.030388411654195924,,76.25784077118314
A-RVol v3 (NASDAQ QQQ Moderate),1999-01-26,MODERATE,DEFENSIVE,QQQ,TLT,True,False,113,0.008510725192125035,,-0.07080673452699093,85.66453876215928
A-RVol v3 (NASDAQ QQQ Moderate),1999-07-08,DEFENSIVE,MODERATE,TLT,QQQ,True,False,70,,0.07620237592977652,,72.96542331474198
A-RVol v3 (NASDAQ QQQ Moderate),1999-10-15,MODERATE,DEFENSIVE,QQQ,TLT,True,False,15,0.01018538465034946,,0.0,80.0
A-RVol v3 (NASDAQ QQQ Moderate),1999-11-05,DEFENSIVE,MODERATE,TLT,QQQ,True,False,40,,0.0,,93.67555314832471
A-RVol v3 (NASDAQ QQQ Moderate),2000-01-04,MODERATE,DEFENSIVE,QQQ,TLT,True,False,162,0.015453977196056234,,-0.1097019591177607,88.77615672942086
A-RVol v3 (NASDAQ QQQ Moderate),2000-08-24,DEFENSIVE,MODERATE,TLT,QQQ,True,False,17,,0.09666196670664462,,70.88630002868916
A-RVol v3 (NASDAQ QQQ Moderate),2000-09-19,MODERATE,DEFENSIVE,QQQ,TLT,True,False,647,0.018945312335556297,,-0.017499327246193075,81.39994617969545
A-RVol v3 (NASDAQ QQQ Moderate),2003-04-22,DEFENSIVE,MODERATE,TLT,QQQ,True,False,89,,0.017811007902055698,,81.30412951388138
A-RVol v3 (NASDAQ QQQ Moderate),2003-08-27,MODERATE,AGGRESSIVE,QQQ,TQQQ,True,False,13,,,,90.1047862084346
A-RVol v3 (NASDAQ QQQ Moderate),2003-09-16,AGGRESSIVE,MODERATE,TQQQ,QQQ,True,False,78,,,,74.83392060540083
A-RVol v3 (NASDAQ QQQ Moderate),2004-01-07,MODERATE,AGGRESSIVE,QQQ,TQQQ,True,False,24,,,,68.491073122024
A-RVol v3 (NASDAQ QQQ Moderate),2004-02-11,AGGRESSIVE,MODERATE,TQQQ,QQQ,True,False,12,,,,74.6963477182562
A-RVol v3 (NASDAQ QQQ Moderate),2004-03-01,MODERATE,AGGRESSIVE,QQQ,TQQQ,True,False,10,,,,47.71556964481869
A-RVol v3 (NASDAQ QQQ Moderate),2004-03-15,AGGRESSIVE,MODERATE,TQQQ,QQQ,True,True,4,,,,
A-RVol v3 (NASDAQ QQQ Moderate),2004-03-19,MODERATE,DEFENSIVE,QQQ,TLT,True,True,4,-0.004787220994241448,,-0.0033956014989954264,79.69718160061066
A-RVol v3 (NASDAQ QQQ Moderate),2004-03-25,DEFENSIVE,MODERATE,TLT,QQQ,True,False,45,,0.0034071708935889955,,83.82425056100993
A-RVol v3 (NASDAQ QQQ Moderate),2004-05-28,MODERATE,AGGRESSIVE,QQQ,TQQQ,True,False,16,,,,78.48241438708914
A-RVol v3 (NASDAQ QQQ Moderate),2004-06-23,AGGRESSIVE,MODERATE,TQQQ,QQQ,True,False,19,,,,72.59632782065007
A-RVol v3 (NASDAQ QQQ Moderate),2004-07-21,MODERATE,DEFENSIVE,QQQ,TLT,True,False,20,-0.011390323964075466,,-0.005318105031773324,79.05860952685282
A-RVol v3 (NASDAQ QQQ Moderate),2004-08-18,DEFENSIVE,MODERATE,TLT,QQQ,True,False,61,,0.005346538484992891,,82.83253634374628
A-RVol v3 (NASDAQ QQQ Moderate),2004-11-12,MODERATE,AGGRESSIVE,QQQ,TQQQ,True,False,57,,,,86.67273081576555
A-RVol v3 (NASDAQ QQQ Moderate),2005-02-04,AGGRESSIVE,MODERATE,TQQQ,QQQ,True,False,26,,,,77.85938435208158
A-RVol v3 (NASDAQ QQQ Moderate),2005-03-15,MODERATE,AGGRESSIVE,QQQ,TQQQ,True,False,26,,,,66.3379841639309
A-RVol v3 (NASDAQ QQQ Moderate),2005-04-21,AGGRESSIVE,MODERATE,TQQQ,QQQ,True,False,20,,,,77.31010514895007
A-RVol v3 (NASDAQ QQQ Moderate),2005-05-19,MODERATE,AGGRESSIVE,QQQ,TQQQ,True,False,109,,,,83.19837692779936
A-RVol v3 (NASDAQ QQQ Moderate),2005-10-24,AGGRESSIVE,MODERATE,TQQQ,QQQ,True,False,18,,,,78.41598035425923
A-RVol v3 (NASDAQ QQQ Moderate),2005-11-17,MODERATE,AGGRESSIVE,QQQ,TQQQ,True,False,33,,,,83.01948199110237
A-RVol v3 (NASDAQ QQQ Moderate),2006-01-06,AGGRESSIVE,MODERATE,TQQQ,QQQ,True,False,9,,,,79.22607175388649
A-RVol v3 (NASDAQ QQQ Moderate),2006-01-20,MODERATE,DEFENSIVE,QQQ,TLT,True,False,15,-0.02915346530159768,,-0.011474768291916293,77.41956562716159
A-RVol v3 (NASDAQ QQQ Moderate),2006-02-10,DEFENSIVE,MODERATE,TLT,QQQ,True,False,30,,0.011607967023855359,,80.09139291669219
A-RVol v3 (NASDAQ QQQ Moderate),2006-03-27,MODERATE,AGGRESSIVE,QQQ,TQQQ,True,False,44,,,,83.33035428615125
A-RVol v3 (NASDAQ QQQ Moderate),2006-05-30,AGGRESSIVE,MODERATE,TQQQ,QQQ,True,True,2,,,,
A-RVol v3 (NASDAQ QQQ Moderate),2006-06-01,MODERATE,DEFENSIVE,QQQ,TLT,True,False,51,-0.009428636606337526,,0.0,78.8685636072395
A-RVol v3 (NASDAQ QQQ Moderate),2006-08-14,DEFENSIVE,MODERATE,TLT,QQQ,True,False,22,,0.0,,86.33125794075869
A-RVol v3 (NASDAQ QQQ Moderate),2006-09-14,MODERATE,AGGRESSIVE,QQQ,TQQQ,True,False,112,,,,92.07146925743224
A-RVol v3 (NASDAQ QQQ Moderate),2007-02-27,AGGRESSIVE,MODERATE,TQQQ,QQQ,True,True,1,,,,
A-RVol v3 (NASDAQ QQQ Moderate),2007-02-28,MODERATE,DEFENSIVE,QQQ,TLT,True,False,14,0.007164709531124913,,-0.001377344073189457,80.11018752585515
A-RVol v3 (NASDAQ QQQ Moderate),2007-03-20,DEFENSIVE,MODERATE,TLT,QQQ,True,False,10,,0.0013792437664166268,,80.58708617403548
A-RVol v3 (NASDAQ QQQ Moderate),2007-04-03,MODERATE,AGGRESSIVE,QQQ,TQQQ,True,False,82,,,,91.97419557271196
A-RVol v3 (NASDAQ QQQ Moderate),2007-07-31,AGGRESSIVE,MODERATE,TQQQ,QQQ,True,True,1,,,,
A-RVol v3 (NASDAQ QQQ Moderate),2007-08-01,MODERATE,DEFENSIVE,QQQ,TLT,True,False,39,0.004894729375169549,,0.0,80.0
A-RVol v3 (NASDAQ QQQ Moderate),2007-09-26,DEFENSIVE,MODERATE,TLT,QQQ,True,True,2,,0.0,,
A-RVol v3 (NASDAQ QQQ Moderate),2007-09-28,MODERATE,AGGRESSIVE,QQQ,TQQQ,True,False,15,,,,89.64544136894102
A-RVol v3 (NASDAQ QQQ Moderate),2007-10-19,AGGRESSIVE,MODERATE,TQQQ,QQQ,True,True,2,,,,
A-RVol v3 (NASDAQ QQQ Moderate),2007-10-23,MODERATE,DEFENSIVE,QQQ,TLT,True,False,132,0.0014369533425795389,,-0.014968338778380219,81.19746710227042
A-RVol v3 (NASDAQ QQQ Moderate),2008-05-02,DEFENSIVE,MODERATE,TLT,QQQ,True,False,24,,0.015195794579655031,,80.21055177839094
A-RVol v3 (NASDAQ QQQ Moderate),2008-06-06,MODERATE,DEFENSIVE,QQQ,TLT,True,False,250,0.00823254017014885,,-0.04618778970851123,83.6950231766809
A-RVol v3 (NASDAQ QQQ Moderate),2009-06-04,DEFENSIVE,MODERATE,TLT,QQQ,True,False,21,,0.04842440598909503,,74.36333207331289
A-RVol v3 (NASDAQ QQQ Moderate),2009-07-06,MODERATE,DEFENSIVE,QQQ,TLT,True,True,1,-0.052674811154726386,,0.0,73.67902266143284
A-RVol v3 (NASDAQ QQQ Moderate),2009-07-07,DEFENSIVE,MODERATE,TLT,QQQ,True,True,1,,0.0,,
A-RVol v3 (NASDAQ QQQ Moderate),2009-07-08,MODERATE,DEFENSIVE,QQQ,TLT,True,True,1,-0.04609074719991435,,0.0,74.46911033601029
A-RVol v3 (NASDAQ QQQ Moderate),2009-07-09,DEFENSIVE,MODERATE,TLT,QQQ,True,True,1,,0.0,,
A-RVol v3 (NASDAQ QQQ Moderate),2009-07-10,MODERATE,DEFENSIVE,QQQ,TLT,True,True,1,-0.023593475759807414,,0.0,77.16878290882312
A-RVol v3 (NASDAQ QQQ Moderate),2009-07-13,DEFENSIVE,MODERATE,TLT,QQQ,True,False,17,,0.0,,88.45178560802212
A-RVol v3 (NASDAQ QQQ Moderate),2009-08-05,MODERATE,AGGRESSIVE,QQQ,TQQQ,True,False,8,,,,75.89247322847228
A-RVol v3 (NASDAQ QQQ Moderate),2009-08-17,AGGRESSIVE,MODERATE,TQQQ,QQQ,True,False,10,,,,83.67980186119865
A-RVol v3 (NASDAQ QQQ Moderate),2009-08-31,MODERATE,DEFENSIVE,QQQ,TLT,True,True,1,-0.02868440435532338,,-0.0007641406451427413,76.61900272897262
A-RVol v3 (NASDAQ QQQ Moderate),2009-09-01,DEFENSIVE,MODERATE,TLT,QQQ,True,True,1,,0.0,,
A-RVol v3 (NASDAQ QQQ Moderate),2009-09-02,MODERATE,DEFENSIVE,QQQ,TLT,True,True,1,-0.0229970922027265,,0.0,77.24034893567281
A-RVol v3 (NASDAQ QQQ Moderate),2009-09-03,DEFENSIVE,MODERATE,TLT,QQQ,True,True,1,,0.0,,
A-RVol v3 (NASDAQ QQQ Moderate),2009-09-04,MODERATE,DEFENSIVE,QQQ,TLT,True,True,1,0.0074180719847107834,,0.0,80.0
A-RVol v3 (NASDAQ QQQ Moderate),2009-09-08,DEFENSIVE,MODERATE,TLT,QQQ,True,False,10,,0.0,,82.10112014267558
A-RVol v3 (NASDAQ QQQ Moderate),2009-09-22,MODERATE,AGGRESSIVE,QQQ,TQQQ,True,False,10,,,,60.67152013013809
A-RVol v3 (NASDAQ QQQ Moderate),2009-10-06,AGGRESSIVE,MODERATE,TQQQ,QQQ,True,False,12,,,,82.44164034070835
A-RVol v3 (NASDAQ QQQ Moderate),2009-10-22,MODERATE,AGGRESSIVE,QQQ,TQQQ,True,False,6,,,,54.257531401488244
A-RVol v3 (NASDAQ QQQ Moderate),2009-10-30,AGGRESSIVE,MODERATE,TQQQ,QQQ,True,False,26,,,,85.95704077830939
A-RVol v3 (NASDAQ QQQ Moderate),2009-12-08,MODERATE,AGGRESSIVE,QQQ,TQQQ,True,False,30,,,,94.8147915030896
A-RVol v3 (NASDAQ QQQ Moderate),2010-01-22,AGGRESSIVE,MODERATE,TQQQ,QQQ,True,True,5,,,,
A-RVol v3 (NASDAQ QQQ Moderate),2010-01-29,MODERATE,DEFENSIVE,QQQ,TLT,True,False,11,0.00979702419309536,,-0.003610207578496616,80.28881660627974
A-RVol v3 (NASDAQ QQQ Moderate),2010-02-16,DEFENSIVE,MODERATE,TLT,QQQ,True,False,8,,0.0036232884017437517,,79.27638878551102
A-RVol v3 (NASDAQ QQQ Moderate),2010-02-26,MODERATE,AGGRESSIVE,QQQ,TQQQ,True,False,46,,,,98.62707989396185
A-RVol v3 (NASDAQ QQQ Moderate),2010-05-04,AGGRESSIVE,MODERATE,TQQQ,QQQ,True,True,2,,,,
A-RVol v3 (NASDAQ QQQ Moderate),2010-05-06,MODERATE,DEFENSIVE,QQQ,TLT,True,True,2,-0.05237049231801083,,-0.07494241321051642,79.71093397868002
A-RVol v3 (NASDAQ QQQ Moderate),2010-05-10,DEFENSIVE,MODERATE,TLT,QQQ,True,True,1,,0.0,,
A-RVol v3 (NASDAQ QQQ Moderate),2010-05-11,MODERATE,DEFENSIVE,QQQ,TLT,True,False,54,-0.008397623921007624,,-0.05211726136605621,83.16166603876358
A-RVol v3 (NASDAQ QQQ Moderate),2010-07-28,DEFENSIVE,MODERATE,TLT,QQQ,True,False,17,,0.029740865529340077,,77.97720378045885
A-RVol v3 (NASDAQ QQQ Moderate),2010-08-20,MODERATE,DEFENSIVE,QQQ,TLT,True,False,16,0.004233114867438381,,0.0,80.0
A-RVol v3 (NASDAQ QQQ Moderate),2010-09-14,DEFENSIVE,MODERATE,TLT,QQQ,True,False,8,,0.0,,82.50254458087254
A-RVol v3 (NASDAQ QQQ Moderate),2010-09-24,MODERATE,AGGRESSIVE,QQQ,TQQQ,True,False,47,,,,81.21777354066963
A-RVol v3 (NASDAQ QQQ Moderate),2010-12-01,AGGRESSIVE,MODERATE,TQQQ,QQQ,True,False,11,,,,81.45890757836824
A-RVol v3 (NASDAQ QQQ Moderate),2010-12-16,MODERATE,AGGRESSIVE,QQQ,TQQQ,True,False,52,,,,91.56393345563737
A-RVol v3 (NASDAQ QQQ Moderate),2011-03-03,AGGRESSIVE,MODERATE,TQQQ,QQQ,True,False,24,,,,69.82780326117322
A-RVol v3 (NASDAQ QQQ Moderate),2011-04-06,MODERATE,AGGRESSIVE,QQQ,TQQQ,True,False,48,,,,77.85712839167243
A-RVol v3 (NASDAQ QQQ Moderate),2011-06-15,AGGRESSIVE,MODERATE,TQQQ,QQQ,True,True,1,,,,
A-RVol v3 (NASDAQ QQQ Moderate),2011-06-16,MODERATE,DEFENSIVE,QQQ,TLT,True,True,4,-0.009678333425923613,,-0.008207116266607972,79.4951692902178
A-RVol v3 (NASDAQ QQQ Moderate),2011-06-22,DEFENSIVE,MODERATE,TLT,QQQ,True,False,28,,0.008275030403237071,,85.36848067806693
A-RVol v3 (NASDAQ QQQ Moderate),2011-08-02,MODERATE,DEFENSIVE,QQQ,TLT,True,False,99,-0.03131335472385921,,0.0,76.24239743313689
A-RVol v3 (NASDAQ QQQ Moderate),2011-12-21,DEFENSIVE,MODERATE,TLT,QQQ,True,False,14,,0.0,,83.96234560720202
A-RVol v3 (NASDAQ QQQ Moderate),2012-01-12,MODERATE,AGGRESSIVE,QQQ,TQQQ,True,False,71,,,,96.2321018437408
A-RVol v3 (NASDAQ QQQ Moderate),2012-04-25,AGGRESSIVE,MODERATE,TQQQ,QQQ,True,False,15,,,,74.90195290770163
A-RVol v3 (NASDAQ QQQ Moderate),2012-05-16,MODERATE,AGGRESSIVE,QQQ,TQQQ,True,True,3,,,,
A-RVol v3 (NASDAQ QQQ Moderate),2012-05-21,AGGRESSIVE,MODERATE,TQQQ,QQQ,True,False,7,,,,79.59730598936014
A-RVol v3 (NASDAQ QQQ Moderate),2012-05-31,MODERATE,DEFENSIVE,QQQ,TLT,True,True,1,-0.03897541350398481,,0.0,75.32295037952181
A-RVol v3 (NASDAQ QQQ Moderate),2012-06-01,DEFENSIVE,MODERATE,TLT,QQQ,True,True,1,,0.0,,
A-RVol v3 (NASDAQ QQQ Moderate),2012-06-04,MODERATE,DEFENSIVE,QQQ,TLT,True,True,1,-0.02768059881973528,,0.0,76.67832814163177
A-RVol v3 (NASDAQ QQQ Moderate),2012-06-05,DEFENSIVE,MODERATE,TLT,QQQ,True,False,49,,0.0,,85.12978051296015
A-RVol v3 (NASDAQ QQQ Moderate),2012-08-14,MODERATE,AGGRESSIVE,QQQ,TQQQ,True,False,58,,,,85.53428697745065
A-RVol v3 (NASDAQ QQQ Moderate),2012-11-07,AGGRESSIVE,MODERATE,TQQQ,QQQ,True,False,16,,,,75.56081458370335
A-RVol v3 (NASDAQ QQQ Moderate),2012-11-30,MODERATE,AGGRESSIVE,QQQ,TQQQ,True,False,21,,,,68.10857997630409
A-RVol v3 (NASDAQ QQQ Moderate),2013-01-02,AGGRESSIVE,MODERATE,TQQQ,QQQ,True,False,15,,,,78.41629698139513
A-RVol v3 (NASDAQ QQQ Moderate),2013-01-24,MODERATE,AGGRESSIVE,QQQ,TQQQ,True,False,58,,,,80.50790528075268
A-RVol v3 (NASDAQ QQQ Moderate),2013-04-18,AGGRESSIVE,MODERATE,TQQQ,QQQ,True,False,14,,,,84.89497389628974
A-RVol v3 (NASDAQ QQQ Moderate),2013-05-08,MODERATE,AGGRESSIVE,QQQ,TQQQ,True,False,33,,,,79.58374388420378
A-RVol v3 (NASDAQ QQQ Moderate),2013-06-25,AGGRESSIVE,MODERATE,TQQQ,QQQ,True,False,12,,,,83.7243498858522
A-RVol v3 (NASDAQ QQQ Moderate),2013-07-12,MODERATE,AGGRESSIVE,QQQ,TQQQ,True,False,67,,,,78.45990355388236
A-RVol v3 (NASDAQ QQQ Moderate),2013-10-16,AGGRESSIVE,MODERATE,TQQQ,QQQ,True,False,9,,,,81.56257764992341
A-RVol v3 (NASDAQ QQQ Moderate),2013-10-29,MODERATE,AGGRESSIVE,QQQ,TQQQ,True,False,59,,,,76.92469418090411
A-RVol v3 (NASDAQ QQQ Moderate),2014-01-24,AGGRESSIVE,MODERATE,TQQQ,QQQ,True,True,4,,,,
A-RVol v3 (NASDAQ QQQ Moderate),2014-01-30,MODERATE,DEFENSIVE,QQQ,TLT,True,False,17,-0.0011062923990682316,,-0.016844427246173188,81.21479909180567
A-RVol v3 (NASDAQ QQQ Moderate),2014-02-25,DEFENSIVE,MODERATE,TLT,QQQ,True,True,1,,0.0,,
A-RVol v3 (NASDAQ QQQ Moderate),2014-02-26,MODERATE,AGGRESSIVE,QQQ,TQQQ,True,False,24,,,,73.09490347318054
A-RVol v3 (NASDAQ QQQ Moderate),2014-04-01,AGGRESSIVE,MODERATE,TQQQ,QQQ,True,True,3,,,,
A-RVol v3 (NASDAQ QQQ Moderate),2014-04-04,MODERATE,DEFENSIVE,QQQ,TLT,True,False,19,-0.0018257141311789349,,-0.011543942723380773,80.70442972212899
A-RVol v3 (NASDAQ QQQ Moderate),2014-05-02,DEFENSIVE,MODERATE,TLT,QQQ,True,False,10,,0.011678761679286387,,77.96765108864909
A-RVol v3 (NASDAQ QQQ Moderate),2014-05-16,MODERATE,AGGRESSIVE,QQQ,TQQQ,True,False,97,,,,93.29377361088314
A-RVol v3 (NASDAQ QQQ Moderate),2014-10-03,AGGRESSIVE,MODERATE,TQQQ,QQQ,True,True,3,,,,
A-RVol v3 (NASDAQ QQQ Moderate),2014-10-08,MODERATE,DEFENSIVE,QQQ,TLT,True,False,23,0.002556238895557561,,0.0,80.0
A-RVol v3 (NASDAQ QQQ Moderate),2014-11-10,DEFENSIVE,MODERATE,TLT,QQQ,True,True,1,,0.0,,
A-RVol v3 (NASDAQ QQQ Moderate),2014-11-11,MODERATE,AGGRESSIVE,QQQ,TQQQ,True,False,26,,,,86.09199975296242
A-RVol v3 (NASDAQ QQQ Moderate),2014-12-18,AGGRESSIVE,MODERATE,TQQQ,QQQ,True,True,1,,,,
A-RVol v3 (NASDAQ QQQ Moderate),2014-12-19,MODERATE,DEFENSIVE,QQQ,TLT,True,False,39,0.0014019325914083058,,-0.019130287186790107,81.5304229749432
A-RVol v3 (NASDAQ QQQ Moderate),2015-02-18,DEFENSIVE,MODERATE,TLT,QQQ,True,True,1,,0.0,,
A-RVol v3 (NASDAQ QQQ Moderate),2015-02-19,MODERATE,AGGRESSIVE,QQQ,TQQQ,True,False,52,,,,73.13683701636717
A-RVol v3 (NASDAQ QQQ Moderate),2015-05-05,AGGRESSIVE,MODERATE,TQQQ,QQQ,True,False,19,,,,81.02175641744014
A-RVol v3 (NASDAQ QQQ Moderate),2015-06-02,MODERATE,AGGRESSIVE,QQQ,TQQQ,True,False,28,,,,65.72410187894825
A-RVol v3 (NASDAQ QQQ Moderate),2015-07-13,AGGRESSIVE,MODERATE,TQQQ,QQQ,True,False,29,,,,83.24265291951306
A-RVol v3 (NASDAQ QQQ Moderate),2015-08-21,MODERATE,DEFENSIVE,QQQ,TLT,True,True,3,-0.0753835454063847,,-0.019217507676707157,72.49137516537041
A-RVol v3 (NASDAQ QQQ Moderate),2015-08-26,DEFENSIVE,MODERATE,TLT,QQQ,True,True,1,,0.0,,
A-RVol v3 (NASDAQ QQQ Moderate),2015-08-27,MODERATE,DEFENSIVE,QQQ,TLT,True,False,36,0.005734653072828166,,-0.011219683528615909,80.89757468228927
A-RVol v3 (NASDAQ QQQ Moderate),2015-10-19,DEFENSIVE,MODERATE,TLT,QQQ,True,False,35,,0.011346993201336364,,82.95690180688047
A-RVol v3 (NASDAQ QQQ Moderate),2015-12-08,MODERATE,DEFENSIVE,QQQ,TLT,True,True,1,-0.019711760539801726,,-0.07584664308697608,83.70232018218188
A-RVol v3 (NASDAQ QQQ Moderate),2015-12-09,DEFENSIVE,MODERATE,TLT,QQQ,True,True,2,,0.0,,
A-RVol v3 (NASDAQ QQQ Moderate),2015-12-11,MODERATE,DEFENSIVE,QQQ,TLT,True,True,1,-0.03065308639545139,,-0.08437479613554821,83.0716133233897
A-RVol v3 (NASDAQ QQQ Moderate),2015-12-14,DEFENSIVE,MODERATE,TLT,QQQ,True,False,13,,0.013294495555729702,,80.56830158331292
A-RVol v3 (NASDAQ QQQ Moderate),2016-01-04,MODERATE,DEFENSIVE,QQQ,TLT,True,False,18,0.0005764288023522024,,-0.07500248725983005,86.00019898078641
A-RVol v3 (NASDAQ QQQ Moderate),2016-01-29,DEFENSIVE,MODERATE,TLT,QQQ,True,True,1,,0.0,,
A-RVol v3 (NASDAQ QQQ Moderate),2016-02-01,MODERATE,DEFENSIVE,QQQ,TLT,True,False,26,-0.00954363658219759,,-0.0015263020005102934,78.97686777017711
A-RVol v3 (NASDAQ QQQ Moderate),2016-03-09,DEFENSIVE,MODERATE,TLT,QQQ,True,False,14,,0.0015286351594121506,,81.92303311123278
A-RVol v3 (NASDAQ QQQ Moderate),2016-03-30,MODERATE,AGGRESSIVE,QQQ,TQQQ,True,False,61,,,,76.4285384211422
A-RVol v3 (NASDAQ QQQ Moderate),2016-06-24,AGGRESSIVE,MODERATE,TQQQ,QQQ,True,True,1,,,,
A-RVol v3 (NASDAQ QQQ Moderate),2016-06-27,MODERATE,DEFENSIVE,QQQ,TLT,True,True,4,-0.006344217545821262,,-0.006106488875155747,79.72721300451391
A-RVol v3 (NASDAQ QQQ Moderate),2016-07-01,DEFENSIVE,MODERATE,TLT,QQQ,True,False,11,,0.006144007186690059,,82.5640085715352
A-RVol v3 (NASDAQ QQQ Moderate),2016-07-19,MODERATE,AGGRESSIVE,QQQ,TQQQ,True,False,220,,,,90.81159030545629
A-RVol v3 (NASDAQ QQQ Moderate),2017-06-02,AGGRESSIVE,MODERATE,TQQQ,QQQ,True,True,4,,,,
A-RVol v3 (NASDAQ QQQ Moderate),2017-06-08,MODERATE,AGGRESSIVE,QQQ,TQQQ,True,True,1,,,,
A-RVol v3 (NASDAQ QQQ Moderate),2017-06-09,AGGRESSIVE,MODERATE,TQQQ,QQQ,True,False,6,,,,77.91004783016092
A-RVol v3 (NASDAQ QQQ Moderate),2017-06-19,MODERATE,DEFENSIVE,QQQ,TLT,True,False,23,-0.000416730003189425,,-0.02137193227233747,81.65974698140427
A-RVol v3 (NASDAQ QQQ Moderate),2017-07-21,DEFENSIVE,MODERATE,TLT,QQQ,True,True,2,,0.0,,
A-RVol v3 (NASDAQ QQQ Moderate),2017-07-25,MODERATE,AGGRESSIVE,QQQ,TQQQ,True,False,17,,,,70.25384722123432
A-RVol v3 (NASDAQ QQQ Moderate),2017-08-17,AGGRESSIVE,MODERATE,TQQQ,QQQ,True,True,1,,,,
A-RVol v3 (NASDAQ QQQ Moderate),2017-08-18,MODERATE,DEFENSIVE,QQQ,TLT,True,False,14,-0.013611954295849826,,-0.007609837761936689,78.97535250545295
A-RVol v3 (NASDAQ QQQ Moderate),2017-09-08,DEFENSIVE,MODERATE,TLT,QQQ,True,False,10,,0.0,,81.02629048919992
A-RVol v3 (NASDAQ QQQ Moderate),2017-09-22,MODERATE,AGGRESSIVE,QQQ,TQQQ,True,False,25,,,,83.18518408904244
A-RVol v3 (NASDAQ QQQ Moderate),2017-10-27,AGGRESSIVE,MODERATE,TQQQ,QQQ,True,False,15,,,,81.29061482384868
A-RVol v3 (NASDAQ QQQ Moderate),2017-11-17,MODERATE,AGGRESSIVE,QQQ,TQQQ,True,False,10,,,,83.03520160684181
A-RVol v3 (NASDAQ QQQ Moderate),2017-12-04,AGGRESSIVE,MODERATE,TQQQ,QQQ,True,False,15,,,,83.28032846914034
A-RVol v3 (NASDAQ QQQ Moderate),2017-12-26,MODERATE,AGGRESSIVE,QQQ,TQQQ,True,False,26,,,,96.85456230398574
A-RVol v3 (NASDAQ QQQ Moderate),2018-02-02,AGGRESSIVE,MODERATE,TQQQ,QQQ,True,True,1,,,,
A-RVol v3 (NASDAQ QQQ Moderate),2018-02-05,MODERATE,DEFENSIVE,QQQ,TLT,True,False,69,-0.011075164516375913,,-0.0024423302538113534,78.8663666783398
A-RVol v3 (NASDAQ QQQ Moderate),2018-05-15,DEFENSIVE,MODERATE,TLT,QQQ,True,True,2,,0.0,,
A-RVol v3 (NASDAQ QQQ Moderate),2018-05-17,MODERATE,AGGRESSIVE,QQQ,TQQQ,True,False,38,,,,90.45290892120013
A-RVol v3 (NASDAQ QQQ Moderate),2018-07-12,AGGRESSIVE,MODERATE,TQQQ,QQQ,True,True,5,,,,
A-RVol v3 (NASDAQ QQQ Moderate),2018-07-19,MODERATE,AGGRESSIVE,QQQ,TQQQ,True,False,58,,,,72.53327149430721
A-RVol v3 (NASDAQ QQQ Moderate),2018-10-10,AGGRESSIVE,MODERATE,TQQQ,QQQ,True,True,1,,,,
A-RVol v3 (NASDAQ QQQ Moderate),2018-10-11,MODERATE,DEFENSIVE,QQQ,TLT,True,False,10,-0.035140466762210276,,-0.06956604514246922,81.34842759993231
A-RVol v3 (NASDAQ QQQ Moderate),2018-10-25,DEFENSIVE,MODERATE,TLT,QQQ,True,True,1,,0.0,,
A-RVol v3 (NASDAQ QQQ Moderate),2018-10-26,MODERATE,DEFENSIVE,QQQ,TLT,True,False,63,0.0026018733414683304,,0.0,80.0
A-RVol v3 (NASDAQ QQQ Moderate),2019-01-30,DEFENSIVE,MODERATE,TLT,QQQ,True,False,31,,0.0,,83.62627863070716
A-RVol v3 (NASDAQ QQQ Moderate),2019-03-15,MODERATE,AGGRESSIVE,QQQ,TQQQ,True,False,40,,,,89.84801223972926
A-RVol v3 (NASDAQ QQQ Moderate),2019-05-13,AGGRESSIVE,MODERATE,TQQQ,QQQ,True,False,9,,,,80.39155778751757
A-RVol v3 (NASDAQ QQQ Moderate),2019-05-24,MODERATE,DEFENSIVE,QQQ,TLT,True,False,7,-0.030907550979724974,,0.0,76.291093882433
A-RVol v3 (NASDAQ QQQ Moderate),2019-06-05,DEFENSIVE,MODERATE,TLT,QQQ,True,False,17,,0.0,,84.94862130263587
A-RVol v3 (NASDAQ QQQ Moderate),2019-06-28,MODERATE,AGGRESSIVE,QQQ,TQQQ,True,False,25,,,,89.9076885175291
A-RVol v3 (NASDAQ QQQ Moderate),2019-08-05,AGGRESSIVE,MODERATE,TQQQ,QQQ,True,False,9,,,,81.60239482062089
A-RVol v3 (NASDAQ QQQ Moderate),2019-08-16,MODERATE,DEFENSIVE,QQQ,TLT,True,False,13,0.016699167902582523,,-0.03837118421086194,83.06969473686895
A-RVol v3 (NASDAQ QQQ Moderate),2019-09-05,DEFENSIVE,MODERATE,TLT,QQQ,True,False,7,,0.005979572201922467,,79.88730849529384
A-RVol v3 (NASDAQ QQQ Moderate),2019-09-16,MODERATE,AGGRESSIVE,QQQ,TQQQ,True,False,19,,,,63.48733784007507
A-RVol v3 (NASDAQ QQQ Moderate),2019-10-11,AGGRESSIVE,MODERATE,TQQQ,QQQ,True,False,10,,,,80.23026672584191
A-RVol v3 (NASDAQ QQQ Moderate),2019-10-25,MODERATE,AGGRESSIVE,QQQ,TQQQ,True,False,68,,,,87.52579782497813
A-RVol v3 (NASDAQ QQQ Moderate),2020-02-04,AGGRESSIVE,MODERATE,TQQQ,QQQ,True,False,13,,,,83.3446167565582
A-RVol v3 (NASDAQ QQQ Moderate),2020-02-24,MODERATE,DEFENSIVE,QQQ,TLT,True,False,61,0.017411830193767575,,-0.010890499281516974,80.87123994252136
A-RVol v3 (NASDAQ QQQ Moderate),2020-05-20,DEFENSIVE,MODERATE,TLT,QQQ,True,False,14,,0.011010408123272697,,79.93723667056976
A-RVol v3 (NASDAQ QQQ Moderate),2020-06-10,MODERATE,AGGRESSIVE,QQQ,TQQQ,True,True,1,,,,
A-RVol v3 (NASDAQ QQQ Moderate),2020-06-11,AGGRESSIVE,MODERATE,TQQQ,QQQ,True,False,12,,,,84.25190178876062
A-RVol v3 (NASDAQ QQQ Moderate),2020-06-29,MODERATE,DEFENSIVE,QQQ,TLT,True,True,3,0.006786841588675152,,0.0,80.0
A-RVol v3 (NASDAQ QQQ Moderate),2020-07-02,DEFENSIVE,MODERATE,TLT,QQQ,True,True,1,,0.0,,
A-RVol v3 (NASDAQ QQQ Moderate),2020-07-06,MODERATE,DEFENSIVE,QQQ,TLT,True,True,1,-0.00688903091720372,,-0.0040918721609374265,79.50066606281055
A-RVol v3 (NASDAQ QQQ Moderate),2020-07-07,DEFENSIVE,MODERATE,TLT,QQQ,True,False,40,,0.00410868437213785,,83.79986161738414
A-RVol v3 (NASDAQ QQQ Moderate),2020-09-01,MODERATE,AGGRESSIVE,QQQ,TQQQ,True,True,2,,,,
A-RVol v3 (NASDAQ QQQ Moderate),2020-09-03,AGGRESSIVE,MODERATE,TQQQ,QQQ,True,True,3,,,,
A-RVol v3 (NASDAQ QQQ Moderate),2020-09-09,MODERATE,DEFENSIVE,QQQ,TLT,True,False,32,-0.033239628344608696,,-0.053943596209238165,80.32673229538601
A-RVol v3 (NASDAQ QQQ Moderate),2020-10-23,DEFENSIVE,MODERATE,TLT,QQQ,True,False,27,,0.05701942927830839,,75.93073245531929
A-RVol v3 (NASDAQ QQQ Moderate),2020-12-02,MODERATE,AGGRESSIVE,QQQ,TQQQ,True,False,31,,,,84.89892698272382
A-RVol v3 (NASDAQ QQQ Moderate),2021-01-19,AGGRESSIVE,MODERATE,TQQQ,QQQ,True,False,31,,,,83.72400440826924
A-RVol v3 (NASDAQ QQQ Moderate),2021-03-04,MODERATE,DEFENSIVE,QQQ,TLT,True,True,3,-0.038133172262712844,,-0.002854322289646105,75.65236511164613
A-RVol v3 (NASDAQ QQQ Moderate),2021-03-09,DEFENSIVE,MODERATE,TLT,QQQ,True,True,2,,0.0028624927665537037,,
A-RVol v3 (NASDAQ QQQ Moderate),2021-03-11,MODERATE,DEFENSIVE,QQQ,TLT,True,False,13,-0.02231447770092332,,0.0,77.32226267588919
A-RVol v3 (NASDAQ QQQ Moderate),2021-03-30,DEFENSIVE,MODERATE,TLT,QQQ,True,False,26,,0.0,,86.28152047666866
A-RVol v3 (NASDAQ QQQ Moderate),2021-05-06,MODERATE,AGGRESSIVE,QQQ,TQQQ,True,True,4,,,,
A-RVol v3 (NASDAQ QQQ Moderate),2021-05-12,AGGRESSIVE,MODERATE,TQQQ,QQQ,True,False,18,,,,84.3522999798415
A-RVol v3 (NASDAQ QQQ Moderate),2021-06-08,MODERATE,AGGRESSIVE,QQQ,TQQQ,True,False,82,,,,98.44981327380545
A-RVol v3 (NASDAQ QQQ Moderate),2021-10-04,AGGRESSIVE,MODERATE,TQQQ,QQQ,True,False,15,,,,84.54424599816218
A-RVol v3 (NASDAQ QQQ Moderate),2021-10-25,MODERATE,AGGRESSIVE,QQQ,TQQQ,True,False,26,,,,94.00771065072868
A-RVol v3 (NASDAQ QQQ Moderate),2021-12-01,AGGRESSIVE,MODERATE,TQQQ,QQQ,True,True,4,,,,
A-RVol v3 (NASDAQ QQQ Moderate),2021-12-07,MODERATE,DEFENSIVE,QQQ,TLT,True,False,173,-0.0023418654037989928,,-0.11806324797156342,89.1640359892692
A-RVol v3 (NASDAQ QQQ Moderate),2022-08-16,DEFENSIVE,MODERATE,TLT,QQQ,True,True,4,,0.029176762575600756,,
A-RVol v3 (NASDAQ QQQ Moderate),2022-08-22,MODERATE,DEFENSIVE,QQQ,TLT,True,False,72,-0.003983268147794261,,-0.10879248441169509,88.2254065752003
A-RVol v3 (NASDAQ QQQ Moderate),2022-12-02,DEFENSIVE,MODERATE,TLT,QQQ,True,True,1,,0.0,,
A-RVol v3 (NASDAQ QQQ Moderate),2022-12-05,MODERATE,DEFENSIVE,QQQ,TLT,True,False,24,0.008464887731757242,,0.0,80.0
A-RVol v3 (NASDAQ QQQ Moderate),2023-01-10,DEFENSIVE,MODERATE,TLT,QQQ,True,False,69,,0.0,,89.24824619084632
A-RVol v3 (NASDAQ QQQ Moderate),2023-04-20,MODERATE,AGGRESSIVE,QQQ,TQQQ,True,False,13,,,,74.8808256881843
A-RVol v3 (NASDAQ QQQ Moderate),2023-05-09,AGGRESSIVE,MODERATE,TQQQ,QQQ,True,False,28,,,,86.76034531368215
A-RVol v3 (NASDAQ QQQ Moderate),2023-06-20,MODERATE,AGGRESSIVE,QQQ,TQQQ,True,True,5,,,,
A-RVol v3 (NASDAQ QQQ Moderate),2023-06-27,AGGRESSIVE,MODERATE,TQQQ,QQQ,True,False,14,,,,81.97015561320171
A-RVol v3 (NASDAQ QQQ Moderate),2023-07-18,MODERATE,AGGRESSIVE,QQQ,TQQQ,True,False,11,,,,67.44734211136422
A-RVol v3 (NASDAQ QQQ Moderate),2023-08-02,AGGRESSIVE,MODERATE,TQQQ,QQQ,True,False,12,,,,73.32445398962932
A-RVol v3 (NASDAQ QQQ Moderate),2023-08-18,MODERATE,AGGRESSIVE,QQQ,TQQQ,True,False,7,,,,83.60440266783124
A-RVol v3 (NASDAQ QQQ Moderate),2023-08-29,AGGRESSIVE,MODERATE,TQQQ,QQQ,True,False,15,,,,78.57959232493053
A-RVol v3 (NASDAQ QQQ Moderate),2023-09-20,MODERATE,AGGRESSIVE,QQQ,TQQQ,True,False,25,,,,66.39002399432106
A-RVol v3 (NASDAQ QQQ Moderate),2023-10-25,AGGRESSIVE,MODERATE,TQQQ,QQQ,True,False,26,,,,86.73751318825146
A-RVol v3 (NASDAQ QQQ Moderate),2023-12-01,MODERATE,AGGRESSIVE,QQQ,TQQQ,True,False,55,,,,84.18739762636275
A-RVol v3 (NASDAQ QQQ Moderate),2024-02-22,AGGRESSIVE,MODERATE,TQQQ,QQQ,True,False,25,,,,80.38442498051012
A-RVol v3 (NASDAQ QQQ Moderate),2024-03-28,MODERATE,AGGRESSIVE,QQQ,TQQQ,True,False,16,,,,48.49407776486892
A-RVol v3 (NASDAQ QQQ Moderate),2024-04-22,AGGRESSIVE,MODERATE,TQQQ,QQQ,True,False,21,,,,86.89365688222017
A-RVol v3 (NASDAQ QQQ Moderate),2024-05-21,MODERATE,AGGRESSIVE,QQQ,TQQQ,True,False,38,,,,89.11899258248023
A-RVol v3 (NASDAQ QQQ Moderate),2024-07-17,AGGRESSIVE,MODERATE,TQQQ,QQQ,True,True,5,,,,
A-RVol v3 (NASDAQ QQQ Moderate),2024-07-24,MODERATE,DEFENSIVE,QQQ,TLT,True,False,46,-0.005557038221706612,,-0.011258364454080683,80.23382456972166
A-RVol v3 (NASDAQ QQQ Moderate),2024-09-27,DEFENSIVE,MODERATE,TLT,QQQ,True,True,3,,0.011386558479318687,,
A-RVol v3 (NASDAQ QQQ Moderate),2024-10-02,MODERATE,AGGRESSIVE,QQQ,TQQQ,True,False,25,,,,86.0269018621324
A-RVol v3 (NASDAQ QQQ Moderate),2024-11-06,AGGRESSIVE,MODERATE,TQQQ,QQQ,True,False,15,,,,78.87809479537054
A-RVol v3 (NASDAQ QQQ Moderate),2024-11-27,MODERATE,AGGRESSIVE,QQQ,TQQQ,True,False,14,,,,89.87930561129747
A-RVol v3 (NASDAQ QQQ Moderate),2024-12-18,AGGRESSIVE,MODERATE,TQQQ,QQQ,True,False,39,,,,79.65750448634775
A-RVol v3 (NASDAQ QQQ Moderate),2025-02-18,MODERATE,AGGRESSIVE,QQQ,TQQQ,True,False,7,,,,48.95554532264611
A-RVol v3 (NASDAQ QQQ Moderate),2025-02-27,AGGRESSIVE,MODERATE,TQQQ,QQQ,True,True,2,,,,
A-RVol v3 (NASDAQ QQQ Moderate),2025-03-03,MODERATE,DEFENSIVE,QQQ,TLT,True,False,10,-0.03832596922918852,,-0.13689651026381733,86.35260451360276
A-RVol v3 (NASDAQ QQQ Moderate),2025-03-17,DEFENSIVE,MODERATE,TLT,QQQ,True,True,1,,0.0,,
A-RVol v3 (NASDAQ QQQ Moderate),2025-03-18,MODERATE,DEFENSIVE,QQQ,TLT,True,False,36,-0.0011046062571856696,,-0.0006552983524363842,79.91987111733263
A-RVol v3 (NASDAQ QQQ Moderate),2025-05-08,DEFENSIVE,MODERATE,TLT,QQQ,True,False,18,,0.0006557280499470686,,84.99369785965254
A-RVol v3 (NASDAQ QQQ Moderate),2025-06-04,MODERATE,AGGRESSIVE,QQQ,TQQQ,True,False,90,,,,89.24422847186922
A-RVol v3 (NASDAQ QQQ Moderate),2025-10-13,AGGRESSIVE,MODERATE,TQQQ,QQQ,True,False,28,,,,82.66105307137204
A-RVol v3 (NASDAQ QQQ Moderate),2025-11-20,MODERATE,DEFENSIVE,QQQ,TLT,True,True,3,-0.020399852562680065,,-0.01392711364512611,78.66618678408848
A-RVol v3 (NASDAQ QQQ Moderate),2025-11-25,DEFENSIVE,MODERATE,TLT,QQQ,True,False,14,,0.0,,82.45954726409629
A-RVol v3 (NASDAQ QQQ Moderate),2025-12-16,MODERATE,AGGRESSIVE,QQQ,TQQQ,True,False,35,,,,76.97964107296926
A-RVol v3 (NASDAQ QQQ Moderate),2026-02-06,AGGRESSIVE,MODERATE,TQQQ,QQQ,True,False,34,,,,77.77115588110999
A-RVol v3 (NASDAQ QQQ Moderate),2026-03-27,MODERATE,DEFENSIVE,QQQ,TLT,True,False,15,-0.003174848912327888,,-0.0038033611288675884,79.92328702083006
A-RVol v3 (NASDAQ QQQ Moderate),2026-04-20,DEFENSIVE,MODERATE,TLT,QQQ,True,False,31,,0.003817881912528298,,86.85056522779801
A-RVol v3 (NASDAQ QQQ Moderate),2026-06-03,MODERATE,AGGRESSIVE,QQQ,TQQQ,True,True,2,,,,
A-RVol v3 (NASDAQ QQQ Moderate),2026-06-05,AGGRESSIVE,MODERATE,TQQQ,QQQ,True,True,1,,,,
A-RVol v3 (NASDAQ QQQ Moderate),2026-06-08,MODERATE,DEFENSIVE,QQQ,TLT,True,False,34,-0.06141534835427087,,-0.020370412535992255,74.25979120036688
A-RVol v3 (NASDAQ QQQ Moderate),2026-07-28,DEFENSIVE,MODERATE,TLT,QQQ,True,True,1,,0.0,,
A-RVol v3 (NASDAQ QQQ Moderate),2026-07-29,MODERATE,DEFENSIVE,QQQ,TLT,True,True,4,0.020988201895554726,,-0.012709748542233723,81.0167798833787
A-RVol v3 (NASDAQ QQQ Moderate),2026-08-04,DEFENSIVE,MODERATE,TLT,QQQ,True,True,1,,0.0,,
A-RVol v3 (NASDAQ QQQ Moderate),2026-08-05,MODERATE,DEFENSIVE,QQQ,TLT,True,False,8,,,,
A-RVol v3 (Semiconductors),2010-05-07,MODERATE,DEFENSIVE,USD,TLT,True,False,63,-0.07902044117428753,,-0.23777784601585628,89.539774740354
A-RVol v3 (Semiconductors),2010-08-06,DEFENSIVE,MODERATE,TLT,USD,True,False,10,,0.1682198983766119,,48.2938701592275
A-RVol v3 (Semiconductors),2010-08-20,MODERATE,DEFENSIVE,USD,TLT,True,False,21,0.005769951773806348,,-0.024487436379340255,81.95899491034723
A-RVol v3 (Semiconductors),2010-09-21,DEFENSIVE,MODERATE,TLT,USD,True,False,25,,0.025102123019773437,,83.01106070637896
A-RVol v3 (Semiconductors),2010-10-26,MODERATE,AGGRESSIVE,USD,SOXL,True,False,21,,,,100.0
A-RVol v3 (Semiconductors),2010-11-24,AGGRESSIVE,MODERATE,SOXL,USD,True,False,19,,,,81.85644563488003
A-RVol v3 (Semiconductors),2010-12-22,MODERATE,AGGRESSIVE,USD,SOXL,True,False,25,,,,88.3141233354793
A-RVol v3 (Semiconductors),2011-01-28,AGGRESSIVE,MODERATE,SOXL,USD,True,False,15,,,,87.15667198323317
A-RVol v3 (Semiconductors),2011-02-18,MODERATE,AGGRESSIVE,USD,SOXL,True,True,1,,,,
A-RVol v3 (Semiconductors),2011-02-22,AGGRESSIVE,MODERATE,SOXL,USD,True,False,15,,,,61.17035004045714
A-RVol v3 (Semiconductors),2011-03-15,MODERATE,DEFENSIVE,USD,TLT,True,True,4,-0.09605170221296966,,-0.029517680875377983,70.83521020447388
A-RVol v3 (Semiconductors),2011-03-21,DEFENSIVE,MODERATE,TLT,USD,True,False,37,,0.030415475164970562,,80.00663839469487
A-RVol v3 (Semiconductors),2011-05-12,MODERATE,AGGRESSIVE,USD,SOXL,True,False,13,,,,48.62566268808302
A-RVol v3 (Semiconductors),2011-06-01,AGGRESSIVE,MODERATE,SOXL,USD,True,True,5,,,,
A-RVol v3 (Semiconductors),2011-06-08,MODERATE,DEFENSIVE,USD,TLT,True,False,11,-0.029247715427900944,,-0.05792162431505654,81.1240040938564
A-RVol v3 (Semiconductors),2011-06-23,DEFENSIVE,MODERATE,TLT,USD,True,False,16,,0.04648163087830004,,80.88456861927597
A-RVol v3 (Semiconductors),2011-07-18,MODERATE,DEFENSIVE,USD,TLT,True,False,16,-0.24773799564419452,,-0.12291181030245579,60.104385346893125
A-RVol v3 (Semiconductors),2011-08-09,DEFENSIVE,MODERATE,TLT,USD,True,True,1,,0.0,,
A-RVol v3 (Semiconductors),2011-08-10,MODERATE,DEFENSIVE,USD,TLT,True,False,101,0.011240415473932064,,0.0,80.0
A-RVol v3 (Semiconductors),2012-01-04,DEFENSIVE,MODERATE,TLT,USD,True,False,24,,0.0,,96.7340355246938
A-RVol v3 (Semiconductors),2012-02-08,MODERATE,AGGRESSIVE,USD,SOXL,True,False,20,,,,57.45178946001371
A-RVol v3 (Semiconductors),2012-03-08,AGGRESSIVE,MODERATE,SOXL,USD,True,False,32,,,,85.93634711184221
A-RVol v3 (Semiconductors),2012-04-24,MODERATE,DEFENSIVE,USD,TLT,True,False,20,-0.11073410234795233,,-0.08006961769145671,73.11747713356226
A-RVol v3 (Semiconductors),2012-05-22,DEFENSIVE,MODERATE,TLT,USD,True,False,6,,0.02380935264065509,,77.84937499823282
A-RVol v3 (Semiconductors),2012-05-31,MODERATE,DEFENSIVE,USD,TLT,True,True,1,-0.10658222435916376,,-0.0031904966569386017,67.46537280945543
A-RVol v3 (Semiconductors),2012-06-01,DEFENSIVE,MODERATE,TLT,USD,True,True,1,,0.0,,
A-RVol v3 (Semiconductors),2012-06-04,MODERATE,DEFENSIVE,USD,TLT,True,True,2,-0.015388942094549551,,-0.046902108514383145,81.9054956298047
A-RVol v3 (Semiconductors),2012-06-06,DEFENSIVE,MODERATE,TLT,USD,True,False,56,,0.04921016921071519,,80.4704194783351
A-RVol v3 (Semiconductors),2012-08-24,MODERATE,AGGRESSIVE,USD,SOXL,True,False,8,,,,69.83367255570688
A-RVol v3 (Semiconductors),2012-09-06,AGGRESSIVE,MODERATE,SOXL,USD,True,False,12,,,,63.81627165682094
A-RVol v3 (Semiconductors),2012-09-24,MODERATE,DEFENSIVE,USD,TLT,True,False,16,-0.016619265856652188,,-0.12822916012642593,88.26402090731581
A-RVol v3 (Semiconductors),2012-10-16,DEFENSIVE,MODERATE,TLT,USD,True,False,20,,0.13203453368299956,,64.68592205756738
A-RVol v3 (Semiconductors),2012-11-15,MODERATE,DEFENSIVE,USD,TLT,True,True,5,-0.02944397635640661,,0.0,76.4667228372312
A-RVol v3 (Semiconductors),2012-11-23,DEFENSIVE,MODERATE,TLT,USD,True,False,10,,0.0,,81.92983913806366
A-RVol v3 (Semiconductors),2012-12-07,MODERATE,AGGRESSIVE,USD,SOXL,True,False,16,,,,81.5566291545867
A-RVol v3 (Semiconductors),2013-01-02,AGGRESSIVE,MODERATE,SOXL,USD,True,False,12,,,,77.3637634552031
A-RVol v3 (Semiconductors),2013-01-18,MODERATE,DEFENSIVE,USD,TLT,True,False,7,-0.03370523129154779,,-0.02098800426997327,77.63441258661213
A-RVol v3 (Semiconductors),2013-01-30,DEFENSIVE,MODERATE,TLT,USD,True,False,8,,0.010756089787419487,,80.67203829184143
A-RVol v3 (Semiconductors),2013-02-11,MODERATE,AGGRESSIVE,USD,SOXL,True,False,7,,,,83.46841326196625
A-RVol v3 (Semiconductors),2013-02-21,AGGRESSIVE,MODERATE,SOXL,USD,True,False,17,,,,88.30912492714491
A-RVol v3 (Semiconductors),2013-03-18,MODERATE,AGGRESSIVE,USD,SOXL,True,False,19,,,,68.26870827512639
A-RVol v3 (Semiconductors),2013-04-15,AGGRESSIVE,MODERATE,SOXL,USD,True,False,17,,,,84.62389873445159
A-RVol v3 (Semiconductors),2013-05-08,MODERATE,AGGRESSIVE,USD,SOXL,True,False,28,,,,84.40466657190345
A-RVol v3 (Semiconductors),2013-06-18,AGGRESSIVE,MODERATE,SOXL,USD,True,False,31,,,,64.28701260806753
A-RVol v3 (Semiconductors),2013-08-01,MODERATE,AGGRESSIVE,USD,SOXL,True,False,58,,,,44.24401154363187
A-RVol v3 (Semiconductors),2013-10-23,AGGRESSIVE,MODERATE,SOXL,USD,True,False,15,,,,84.86423193734748
A-RVol v3 (Semiconductors),2013-11-13,MODERATE,AGGRESSIVE,USD,SOXL,True,False,48,,,,72.11514176343654
A-RVol v3 (Semiconductors),2014-01-24,AGGRESSIVE,MODERATE,SOXL,USD,True,False,20,,,,73.64825703467841
A-RVol v3 (Semiconductors),2014-02-24,MODERATE,AGGRESSIVE,USD,SOXL,True,False,29,,,,84.9922909779594
A-RVol v3 (Semiconductors),2014-04-04,AGGRESSIVE,MODERATE,SOXL,USD,True,True,4,,,,
A-RVol v3 (Semiconductors),2014-04-10,MODERATE,DEFENSIVE,USD,TLT,True,False,17,-0.05864499750603169,,-0.02053920463770864,74.60573667029288
A-RVol v3 (Semiconductors),2014-05-06,DEFENSIVE,MODERATE,TLT,USD,True,False,8,,0.02096990990855474,,79.26262413972051
A-RVol v3 (Semiconductors),2014-05-16,MODERATE,AGGRESSIVE,USD,SOXL,True,False,48,,,,100.0
A-RVol v3 (Semiconductors),2014-07-25,AGGRESSIVE,MODERATE,SOXL,USD,True,True,4,,,,
A-RVol v3 (Semiconductors),2014-07-31,MODERATE,DEFENSIVE,USD,TLT,True,False,14,0.01485199789834879,,-0.01620696013506817,81.29655681080546
A-RVol v3 (Semiconductors),2014-08-20,DEFENSIVE,MODERATE,TLT,USD,True,True,1,,0.0,,
A-RVol v3 (Semiconductors),2014-08-21,MODERATE,AGGRESSIVE,USD,SOXL,True,False,28,,,,80.38687568569406
A-RVol v3 (Semiconductors),2014-10-01,AGGRESSIVE,MODERATE,SOXL,USD,True,True,5,,,,
A-RVol v3 (Semiconductors),2014-10-08,MODERATE,DEFENSIVE,USD,TLT,True,False,32,0.006026666342097142,,0.0,80.0
A-RVol v3 (Semiconductors),2014-11-21,DEFENSIVE,MODERATE,TLT,USD,True,True,1,,0.0,,
A-RVol v3 (Semiconductors),2014-11-24,MODERATE,AGGRESSIVE,USD,SOXL,True,False,16,,,,83.32086495878856
A-RVol v3 (Semiconductors),2014-12-17,AGGRESSIVE,MODERATE,SOXL,USD,True,False,66,,,,79.00507953252726
A-RVol v3 (Semiconductors),2015-03-25,MODERATE,DEFENSIVE,USD,TLT,True,False,15,-0.00705359228804181,,-0.06834592497421177,84.62124292337191
A-RVol v3 (Semiconductors),2015-04-16,DEFENSIVE,MODERATE,TLT,USD,True,False,26,,0.07335976604011529,,70.80931899322331
A-RVol v3 (Semiconductors),2015-05-22,MODERATE,AGGRESSIVE,USD,SOXL,True,False,6,,,,86.16635166793215
A-RVol v3 (Semiconductors),2015-06-02,AGGRESSIVE,MODERATE,SOXL,USD,True,False,11,,,,65.6855627444313
A-RVol v3 (Semiconductors),2015-06-17,MODERATE,AGGRESSIVE,USD,SOXL,True,False,7,,,,80.30635595078698
A-RVol v3 (Semiconductors),2015-06-26,AGGRESSIVE,MODERATE,SOXL,USD,True,True,1,,,,
A-RVol v3 (Semiconductors),2015-06-29,MODERATE,DEFENSIVE,USD,TLT,True,False,10,-0.05793603669033287,,-0.1068583508723272,81.59634366694623
A-RVol v3 (Semiconductors),2015-07-14,DEFENSIVE,MODERATE,TLT,USD,True,False,8,,0.09286523704371774,,66.26417298722978
A-RVol v3 (Semiconductors),2015-07-24,MODERATE,DEFENSIVE,USD,TLT,True,True,4,-0.060984535774447735,,-0.24647868015409602,92.40015011939394
A-RVol v3 (Semiconductors),2015-07-30,DEFENSIVE,MODERATE,TLT,USD,True,False,11,,0.0496911854392621,,71.18891346317952
A-RVol v3 (Semiconductors),2015-08-14,MODERATE,DEFENSIVE,USD,TLT,True,False,8,-0.16892815135513906,,0.0,59.72862183738331
A-RVol v3 (Semiconductors),2015-08-26,DEFENSIVE,MODERATE,TLT,USD,True,True,1,,0.0,,
A-RVol v3 (Semiconductors),2015-08-27,MODERATE,DEFENSIVE,USD,TLT,True,False,30,-0.003201450680496487,,-0.0144541968553491,80.77216166676834
A-RVol v3 (Semiconductors),2015-10-09,DEFENSIVE,MODERATE,TLT,USD,True,False,41,,0.014666184777236246,,91.76259235471866
A-RVol v3 (Semiconductors),2015-12-08,MODERATE,DEFENSIVE,USD,TLT,True,True,1,-0.04150399785488401,,-0.19596607168282165,90.69680599203966
A-RVol v3 (Semiconductors),2015-12-09,DEFENSIVE,MODERATE,TLT,USD,True,True,2,,0.0,,
A-RVol v3 (Semiconductors),2015-12-11,MODERATE,DEFENSIVE,USD,TLT,True,True,1,-0.07170797920737781,,-0.19526445421376215,87.01619883221564
A-RVol v3 (Semiconductors),2015-12-14,DEFENSIVE,MODERATE,TLT,USD,True,False,15,,0.0337535542133065,,81.37193679050146
A-RVol v3 (Semiconductors),2016-01-06,MODERATE,DEFENSIVE,USD,TLT,True,False,11,-0.09337338380015137,,-0.11449960295703487,77.95516218054462
A-RVol v3 (Semiconductors),2016-01-22,DEFENSIVE,MODERATE,TLT,USD,True,True,1,,0.0,,
A-RVol v3 (Semiconductors),2016-01-25,MODERATE,DEFENSIVE,USD,TLT,True,False,25,0.03886984288525763,,0.0,80.0
A-RVol v3 (Semiconductors),2016-03-01,DEFENSIVE,MODERATE,TLT,USD,True,False,20,,0.0,,83.40245436173306
A-RVol v3 (Semiconductors),2016-03-30,MODERATE,AGGRESSIVE,USD,SOXL,True,False,22,,,,71.64367571093689
A-RVol v3 (Semiconductors),2016-04-29,AGGRESSIVE,MODERATE,SOXL,USD,True,False,30,,,,89.38961801828314
A-RVol v3 (Semiconductors),2016-06-13,MODERATE,AGGRESSIVE,USD,SOXL,True,False,9,,,,76.86017813380528
A-RVol v3 (Semiconductors),2016-06-24,AGGRESSIVE,MODERATE,SOXL,USD,True,True,1,,,,
A-RVol v3 (Semiconductors),2016-06-27,MODERATE,DEFENSIVE,USD,TLT,True,False,15,-0.009438073368874589,,0.0,78.86743119573504
A-RVol v3 (Semiconductors),2016-07-19,DEFENSIVE,MODERATE,TLT,USD,True,False,20,,0.0,,87.37703394099073
A-RVol v3 (Semiconductors),2016-08-16,MODERATE,AGGRESSIVE,USD,SOXL,True,False,18,,,,77.29195450401625
A-RVol v3 (Semiconductors),2016-09-12,AGGRESSIVE,MODERATE,SOXL,USD,True,False,29,,,,85.4193040330877
A-RVol v3 (Semiconductors),2016-10-21,MODERATE,AGGRESSIVE,USD,SOXL,True,False,15,,,,76.03531930126029
A-RVol v3 (Semiconductors),2016-11-11,AGGRESSIVE,MODERATE,SOXL,USD,True,False,38,,,,85.83069197713348
A-RVol v3 (Semiconductors),2017-01-09,MODERATE,AGGRESSIVE,USD,SOXL,True,False,12,,,,81.93896242941645
A-RVol v3 (Semiconductors),2017-01-26,AGGRESSIVE,MODERATE,SOXL,USD,True,False,13,,,,76.95858057774623
A-RVol v3 (Semiconductors),2017-02-14,MODERATE,AGGRESSIVE,USD,SOXL,True,False,64,,,,90.86664214423112
A-RVol v3 (Semiconductors),2017-05-17,AGGRESSIVE,MODERATE,SOXL,USD,True,False,15,,,,88.28908054217831
A-RVol v3 (Semiconductors),2017-06-08,MODERATE,AGGRESSIVE,USD,SOXL,True,True,1,,,,
A-RVol v3 (Semiconductors),2017-06-09,AGGRESSIVE,MODERATE,SOXL,USD,True,False,13,,,,68.93569257660414
A-RVol v3 (Semiconductors),2017-06-28,MODERATE,DEFENSIVE,USD,TLT,True,False,14,0.017705179523071823,,-0.07448107275133131,85.9584858201065
A-RVol v3 (Semiconductors),2017-07-19,DEFENSIVE,MODERATE,TLT,USD,True,True,4,,0.02473513552320661,,
A-RVol v3 (Semiconductors),2017-07-25,MODERATE,AGGRESSIVE,USD,SOXL,True,False,14,,,,62.46236420833934
A-RVol v3 (Semiconductors),2017-08-14,AGGRESSIVE,MODERATE,SOXL,USD,True,False,18,,,,69.87538450973022
A-RVol v3 (Semiconductors),2017-09-08,MODERATE,AGGRESSIVE,USD,SOXL,True,False,13,,,,92.55000603116144
A-RVol v3 (Semiconductors),2017-09-27,AGGRESSIVE,MODERATE,SOXL,USD,True,False,10,,,,84.58685692735071
A-RVol v3 (Semiconductors),2017-10-11,MODERATE,AGGRESSIVE,USD,SOXL,True,False,28,,,,98.77257114607033
A-RVol v3 (Semiconductors),2017-11-20,AGGRESSIVE,MODERATE,SOXL,USD,True,False,6,,,,79.92528636904488
A-RVol v3 (Semiconductors),2017-11-29,MODERATE,DEFENSIVE,USD,TLT,True,False,15,0.010672374760701375,,-0.047572581863737806,83.80580654909903
A-RVol v3 (Semiconductors),2017-12-20,DEFENSIVE,MODERATE,TLT,USD,True,True,3,,0.024256584901108713,,
A-RVol v3 (Semiconductors),2017-12-26,MODERATE,AGGRESSIVE,USD,SOXL,True,False,14,,,,87.94198459109957
A-RVol v3 (Semiconductors),2018-01-17,AGGRESSIVE,MODERATE,SOXL,USD,True,False,7,,,,75.38613035843697
A-RVol v3 (Semiconductors),2018-01-26,MODERATE,DEFENSIVE,USD,TLT,True,False,28,-0.004064682408381426,,-0.17665771739196012,93.64485550235104
A-RVol v3 (Semiconductors),2018-03-08,DEFENSIVE,MODERATE,TLT,USD,True,False,12,,0.11124942062714838,,69.4635059054544
A-RVol v3 (Semiconductors),2018-03-26,MODERATE,DEFENSIVE,USD,TLT,True,False,32,0.037514535704589624,,-0.03761549537461051,83.00923962996885
A-RVol v3 (Semiconductors),2018-05-10,DEFENSIVE,MODERATE,TLT,USD,True,False,21,,0.03908572425451973,,80.70633642886065
A-RVol v3 (Semiconductors),2018-06-11,MODERATE,AGGRESSIVE,USD,SOXL,True,False,11,,,,56.481623424254586
A-RVol v3 (Semiconductors),2018-06-26,AGGRESSIVE,MODERATE,SOXL,USD,True,True,5,,,,
A-RVol v3 (Semiconductors),2018-07-03,MODERATE,DEFENSIVE,USD,TLT,True,True,4,0.02142846010791377,,-0.06971827093045158,85.57746167443612
A-RVol v3 (Semiconductors),2018-07-10,DEFENSIVE,MODERATE,TLT,USD,True,False,16,,0.07494317984744536,,68.78600303910552
A-RVol v3 (Semiconductors),2018-08-01,MODERATE,AGGRESSIVE,USD,SOXL,True,False,18,,,,74.71967979320483
A-RVol v3 (Semiconductors),2018-08-27,AGGRESSIVE,MODERATE,SOXL,USD,True,False,31,,,,69.38720896441166
A-RVol v3 (Semiconductors),2018-10-10,MODERATE,DEFENSIVE,USD,TLT,True,True,4,-0.14465990290266328,,-0.21414021812632322,79.77202910178627
A-RVol v3 (Semiconductors),2018-10-16,DEFENSIVE,MODERATE,TLT,USD,True,True,2,,0.010017781802407422,,
A-RVol v3 (Semiconductors),2018-10-18,MODERATE,DEFENSIVE,USD,TLT,True,False,80,0.00845444242294624,,-0.02541254730628839,82.03300378450308
A-RVol v3 (Semiconductors),2019-02-14,DEFENSIVE,MODERATE,TLT,USD,True,False,65,,0.026075184157203557,,84.10177706225667
A-RVol v3 (Semiconductors),2019-05-20,MODERATE,DEFENSIVE,USD,TLT,True,False,10,-0.03578216571423132,,-0.011526699135623764,76.62827604514214
A-RVol v3 (Semiconductors),2019-06-04,DEFENSIVE,MODERATE,TLT,USD,True,False,53,,0.011661113279988644,,93.82244693380252
A-RVol v3 (Semiconductors),2019-08-19,MODERATE,DEFENSIVE,USD,TLT,True,False,19,-0.02804307773574377,,-0.10852756732566016,85.31703605776356
A-RVol v3 (Semiconductors),2019-09-16,DEFENSIVE,MODERATE,TLT,USD,True,False,45,,0.1217396784778717,,63.53467769395978
A-RVol v3 (Semiconductors),2019-11-18,MODERATE,AGGRESSIVE,USD,SOXL,True,False,13,,,,61.72853897834342
A-RVol v3 (Semiconductors),2019-12-06,AGGRESSIVE,MODERATE,SOXL,USD,True,False,40,,,,91.31638446326272
A-RVol v3 (Semiconductors),2020-02-05,MODERATE,DEFENSIVE,USD,TLT,True,False,103,-0.0013216231523360822,,-0.0034739317731685704,80.11931976357316
A-RVol v3 (Semiconductors),2020-07-02,DEFENSIVE,MODERATE,TLT,USD,True,True,1,,0.0,,
A-RVol v3 (Semiconductors),2020-07-06,MODERATE,DEFENSIVE,USD,TLT,True,True,1,-0.02463836858850077,,-0.01825294532614985,78.5036313954719
A-RVol v3 (Semiconductors),2020-07-07,DEFENSIVE,MODERATE,TLT,USD,True,False,45,,0.018592309739308366,,88.85105705629202
A-RVol v3 (Semiconductors),2020-09-09,MODERATE,DEFENSIVE,USD,TLT,True,False,15,0.008209642182091859,,-0.06199107545205551,84.95928603616444
A-RVol v3 (Semiconductors),2020-09-30,DEFENSIVE,MODERATE,TLT,USD,True,False,30,,0.0660879377900705,,83.09123374229402
A-RVol v3 (Semiconductors),2020-11-11,MODERATE,DEFENSIVE,USD,TLT,True,False,14,0.010396705413815432,,-0.01908083014455253,81.5264664115642
A-RVol v3 (Semiconductors),2020-12-02,DEFENSIVE,MODERATE,TLT,USD,True,False,20,,0.019451990266806884,,80.36705600501716
A-RVol v3 (Semiconductors),2020-12-31,MODERATE,AGGRESSIVE,USD,SOXL,True,True,4,,,,
A-RVol v3 (Semiconductors),2021-01-07,AGGRESSIVE,MODERATE,SOXL,USD,True,False,13,,,,86.38965792338404
A-RVol v3 (Semiconductors),2021-01-27,MODERATE,DEFENSIVE,USD,TLT,True,False,62,-0.04407680067164299,,-0.21817753039770738,92.16498635121943
A-RVol v3 (Semiconductors),2021-04-27,DEFENSIVE,MODERATE,TLT,USD,True,False,11,,0.17906594261150532,,48.81113460285278
A-RVol v3 (Semiconductors),2021-05-12,MODERATE,DEFENSIVE,USD,TLT,True,True,2,-0.09120684662446976,,-0.029294920853045303,71.39877207330726
A-RVol v3 (Semiconductors),2021-05-14,DEFENSIVE,MODERATE,TLT,USD,True,True,4,,0.03017901263974987,,
A-RVol v3 (Semiconductors),2021-05-20,MODERATE,DEFENSIVE,USD,TLT,True,False,9,-0.02889452781567381,,0.0,76.53265666211914
A-RVol v3 (Semiconductors),2021-06-03,DEFENSIVE,MODERATE,TLT,USD,True,False,71,,0.0,,91.25485039701343
A-RVol v3 (Semiconductors),2021-09-14,MODERATE,AGGRESSIVE,USD,SOXL,True,False,8,,,,60.1988777704032
A-RVol v3 (Semiconductors),2021-09-24,AGGRESSIVE,MODERATE,SOXL,USD,True,False,6,,,,57.6757946745086
A-RVol v3 (Semiconductors),2021-10-04,MODERATE,DEFENSIVE,USD,TLT,True,False,8,0.02493534318190127,,0.0,80.0
A-RVol v3 (Semiconductors),2021-10-14,DEFENSIVE,MODERATE,TLT,USD,True,False,43,,0.0,,100.0
A-RVol v3 (Semiconductors),2021-12-15,MODERATE,DEFENSIVE,USD,TLT,True,False,328,-0.08336209495237246,,-0.08226429516795697,76.57769221915186
A-RVol v3 (Semiconductors),2023-04-06,DEFENSIVE,MODERATE,TLT,USD,True,False,34,,0.08963832913421665,,68.69999756527882
A-RVol v3 (Semiconductors),2023-05-25,MODERATE,DEFENSIVE,USD,TLT,True,False,16,-0.02221715660241408,,-0.09668442110163689,85.06869489584126
A-RVol v3 (Semiconductors),2023-06-20,DEFENSIVE,MODERATE,TLT,USD,True,False,37,,0.10703282812807036,,74.63114174998529
A-RVol v3 (Semiconductors),2023-08-11,MODERATE,DEFENSIVE,USD,TLT,True,False,6,-0.04550489891062848,,-0.09023259862830424,81.75802002098892
A-RVol v3 (Semiconductors),2023-08-21,DEFENSIVE,MODERATE,TLT,USD,True,False,46,,0.09918205300855654,,73.25163584777579
A-RVol v3 (Semiconductors),2023-10-25,MODERATE,DEFENSIVE,USD,TLT,True,True,5,-0.049920351667481655,,0.0,74.0095577999022
A-RVol v3 (Semiconductors),2023-11-01,DEFENSIVE,MODERATE,TLT,USD,True,False,24,,0.0,,100.0
A-RVol v3 (Semiconductors),2023-12-06,MODERATE,AGGRESSIVE,USD,SOXL,True,True,3,,,,
A-RVol v3 (Semiconductors),2023-12-11,AGGRESSIVE,MODERATE,SOXL,USD,True,False,55,,,,93.23989496759646
A-RVol v3 (Semiconductors),2024-03-01,MODERATE,DEFENSIVE,USD,TLT,True,False,20,-0.029465861125603232,,-0.2701573414409193,96.46409666492761
A-RVol v3 (Semiconductors),2024-04-01,DEFENSIVE,MODERATE,TLT,USD,True,False,14,,0.19226202173817897,,51.81607628437626
A-RVol v3 (Semiconductors),2024-04-19,MODERATE,DEFENSIVE,USD,TLT,True,True,4,-0.1509949865800826,,-0.036045643644864844,64.76425310197928
A-RVol v3 (Semiconductors),2024-04-25,DEFENSIVE,MODERATE,TLT,USD,True,True,3,,0.0,,
A-RVol v3 (Semiconductors),2024-04-30,MODERATE,DEFENSIVE,USD,TLT,True,False,16,0.004504550367607774,,0.0,80.0
A-RVol v3 (Semiconductors),2024-05-22,DEFENSIVE,MODERATE,TLT,USD,True,False,37,,0.0,,100.0
A-RVol v3 (Semiconductors),2024-07-17,MODERATE,DEFENSIVE,USD,TLT,True,False,60,0.012375850142987366,,-0.0936973641576152,87.49578913260922
A-RVol v3 (Semiconductors),2024-10-10,DEFENSIVE,MODERATE,TLT,USD,True,False,34,,0.10338419028267087,,75.35321305861714
A-RVol v3 (Semiconductors),2024-11-27,MODERATE,DEFENSIVE,USD,TLT,True,True,4,0.008840374081438673,,-0.10763843486885827,88.61107478950866
A-RVol v3 (Semiconductors),2024-12-04,DEFENSIVE,MODERATE,TLT,USD,True,False,34,,0.12062199793761819,,69.6189801116034
A-RVol v3 (Semiconductors),2025-01-27,MODERATE,DEFENSIVE,USD,TLT,True,False,7,-0.22953832947674857,,-0.2551924131215685,72.45540046279017
A-RVol v3 (Semiconductors),2025-02-05,DEFENSIVE,MODERATE,TLT,USD,True,True,1,,0.0,,
A-RVol v3 (Semiconductors),2025-02-06,MODERATE,DEFENSIVE,USD,TLT,True,False,7,0.013329556128762965,,-0.3748879790290305,100.0
A-RVol v3 (Semiconductors),2025-02-18,DEFENSIVE,MODERATE,TLT,USD,True,False,7,,0.19464304204373195,,43.60844491899741
A-RVol v3 (Semiconductors),2025-02-27,MODERATE,DEFENSIVE,USD,TLT,True,False,11,-0.07117492324777219,,-0.41231561902481595,91.45900921026734
A-RVol v3 (Semiconductors),2025-03-14,DEFENSIVE,MODERATE,TLT,USD,True,True,1,,0.0,,
A-RVol v3 (Semiconductors),2025-03-17,MODERATE,DEFENSIVE,USD,TLT,True,False,55,0.014605800790194357,,-0.015213433778475505,81.21707470227804
A-RVol v3 (Semiconductors),2025-06-04,DEFENSIVE,MODERATE,TLT,USD,True,False,90,,0.015448457869248866,,96.66167318310022
A-RVol v3 (Semiconductors),2025-10-13,MODERATE,DEFENSIVE,USD,TLT,True,False,15,-0.0291338002247149,,-0.23163025687934535,95.03436452338184
A-RVol v3 (Semiconductors),2025-11-03,DEFENSIVE,MODERATE,TLT,USD,True,False,15,,0.30145676473230565,,39.26394792628434
A-RVol v3 (Semiconductors),2025-11-24,MODERATE,DEFENSIVE,USD,TLT,True,False,31,-0.013583612437264025,,-0.10563501998938851,86.8207681066794
A-RVol v3 (Semiconductors),2026-01-09,DEFENSIVE,MODERATE,TLT,USD,True,False,19,,0.11811175789568051,,69.29099319354567
A-RVol v3 (Semiconductors),2026-02-06,MODERATE,DEFENSIVE,USD,TLT,True,False,15,-0.10851689979456836,,-0.2025080900555769,83.17861922909796
A-RVol v3 (Semiconductors),2026-03-02,DEFENSIVE,MODERATE,TLT,USD,True,False,8,,0.07686199058690768,,70.09784437032806
A-RVol v3 (Semiconductors),2026-03-12,MODERATE,DEFENSIVE,USD,TLT,True,False,28,0.04030330511544378,,-0.0008099653065032353,80.06479722452026
A-RVol v3 (Semiconductors),2026-04-22,DEFENSIVE,MODERATE,TLT,USD,True,False,12,,0.0008106218821044564,,95.63706417975754
A-RVol v3 (Semiconductors),2026-05-08,MODERATE,DEFENSIVE,USD,TLT,True,False,71,,,,
A-RVol v3 (S&P 500),2009-07-06,MODERATE,DEFENSIVE,SSO,TLT,True,True,1,-0.09920787147274157,,-0.0029314335027109673,68.3295701034879
A-RVol v3 (S&P 500),2009-07-07,DEFENSIVE,MODERATE,TLT,SSO,True,True,1,,0.0,,
A-RVol v3 (S&P 500),2009-07-08,MODERATE,DEFENSIVE,SSO,TLT,True,True,4,-0.04602052340984719,,0.0,74.47753719081834
A-RVol v3 (S&P 500),2009-07-14,DEFENSIVE,MODERATE,TLT,SSO,True,False,16,,0.0,,93.50730959944087
A-RVol v3 (S&P 500),2009-08-05,MODERATE,AGGRESSIVE,SSO,UPRO,True,False,12,,,,71.88445999649157
A-RVol v3 (S&P 500),2009-08-21,AGGRESSIVE,MODERATE,UPRO,SSO,True,False,6,,,,80.59259431141832
A-RVol v3 (S&P 500),2009-08-31,MODERATE,DEFENSIVE,SSO,TLT,True,True,1,-0.06288176449764948,,-0.007491800423146899,73.05353229413382
A-RVol v3 (S&P 500),2009-09-01,DEFENSIVE,MODERATE,TLT,SSO,True,True,1,,0.0,,
A-RVol v3 (S&P 500),2009-09-02,MODERATE,DEFENSIVE,SSO,TLT,True,True,1,-0.0549451488069993,,0.0,73.40658214316008
A-RVol v3 (S&P 500),2009-09-03,DEFENSIVE,MODERATE,TLT,SSO,True,True,1,,0.0,,
A-RVol v3 (S&P 500),2009-09-04,MODERATE,DEFENSIVE,SSO,TLT,True,True,1,-0.011294495543725858,,0.0,78.64466053475289
A-RVol v3 (S&P 500),2009-09-08,DEFENSIVE,MODERATE,TLT,SSO,True,False,11,,0.0,,87.33564855322314
A-RVol v3 (S&P 500),2009-09-23,MODERATE,AGGRESSIVE,SSO,UPRO,True,False,9,,,,65.23057177957631
A-RVol v3 (S&P 500),2009-10-06,AGGRESSIVE,MODERATE,UPRO,SSO,True,False,12,,,,85.73434939126072
A-RVol v3 (S&P 500),2009-10-22,MODERATE,AGGRESSIVE,SSO,UPRO,True,False,6,,,,56.00275964935743
A-RVol v3 (S&P 500),2009-10-30,AGGRESSIVE,MODERATE,UPRO,SSO,True,False,25,,,,89.86298104173403
A-RVol v3 (S&P 500),2009-12-07,MODERATE,AGGRESSIVE,SSO,UPRO,True,False,37,,,,83.54764089046898
A-RVol v3 (S&P 500),2010-02-01,AGGRESSIVE,MODERATE,UPRO,SSO,True,True,3,,,,
A-RVol v3 (S&P 500),2010-02-04,MODERATE,DEFENSIVE,SSO,TLT,True,False,8,-0.0042839278560460325,,-0.007528792041564425,80.08823202059963
A-RVol v3 (S&P 500),2010-02-17,DEFENSIVE,MODERATE,TLT,SSO,True,False,7,,0.007585904740805116,,79.84259751088324
A-RVol v3 (S&P 500),2010-02-26,MODERATE,AGGRESSIVE,SSO,UPRO,True,False,46,,,,94.39134993585098
A-RVol v3 (S&P 500),2010-05-04,AGGRESSIVE,MODERATE,UPRO,SSO,True,True,2,,,,
A-RVol v3 (S&P 500),2010-05-06,MODERATE,DEFENSIVE,SSO,TLT,True,True,2,-0.08889369957141091,,-0.1819950848508447,83.89236283949826
A-RVol v3 (S&P 500),2010-05-10,DEFENSIVE,MODERATE,TLT,SSO,True,True,1,,0.0,,
A-RVol v3 (S&P 500),2010-05-11,MODERATE,DEFENSIVE,SSO,TLT,True,False,61,-0.010389740527888658,,-0.12598405391943324,88.83195545020801
A-RVol v3 (S&P 500),2010-08-06,DEFENSIVE,MODERATE,TLT,SSO,True,False,10,,0.08639888970164966,,63.815854012120624
A-RVol v3 (S&P 500),2010-08-20,MODERATE,DEFENSIVE,SSO,TLT,True,False,14,0.01055182487187567,,0.0,80.0
A-RVol v3 (S&P 500),2010-09-10,DEFENSIVE,MODERATE,TLT,SSO,True,False,10,,0.0,,82.33463209227183
A-RVol v3 (S&P 500),2010-09-24,MODERATE,AGGRESSIVE,SSO,UPRO,True,False,48,,,,84.18701684599321
A-RVol v3 (S&P 500),2010-12-02,AGGRESSIVE,MODERATE,UPRO,SSO,True,False,9,,,,81.54114111636623
A-RVol v3 (S&P 500),2010-12-15,MODERATE,AGGRESSIVE,SSO,UPRO,True,False,63,,,,89.95566189210015
A-RVol v3 (S&P 500),2011-03-17,AGGRESSIVE,MODERATE,UPRO,SSO,True,False,12,,,,86.77871316561173
A-RVol v3 (S&P 500),2011-04-04,MODERATE,AGGRESSIVE,SSO,UPRO,True,False,79,,,,76.65715239941679
A-RVol v3 (S&P 500),2011-07-27,AGGRESSIVE,MODERATE,UPRO,SSO,True,True,4,,,,
A-RVol v3 (S&P 500),2011-08-02,MODERATE,DEFENSIVE,SSO,TLT,True,False,99,-0.029097108162069563,,0.0,76.50834702055165
A-RVol v3 (S&P 500),2011-12-21,DEFENSIVE,MODERATE,TLT,SSO,True,False,14,,0.0,,84.7057835968308
A-RVol v3 (S&P 500),2012-01-12,MODERATE,AGGRESSIVE,SSO,UPRO,True,False,100,,,,87.93776190565134
A-RVol v3 (S&P 500),2012-06-06,AGGRESSIVE,MODERATE,UPRO,SSO,True,False,32,,,,85.55468477597482
A-RVol v3 (S&P 500),2012-07-23,MODERATE,AGGRESSIVE,SSO,UPRO,True,False,111,,,,89.76726485219649
A-RVol v3 (S&P 500),2013-01-02,AGGRESSIVE,MODERATE,UPRO,SSO,True,False,14,,,,80.20905170812996
A-RVol v3 (S&P 500),2013-01-23,MODERATE,AGGRESSIVE,SSO,UPRO,True,False,58,,,,82.86506560511978
A-RVol v3 (S&P 500),2013-04-17,AGGRESSIVE,MODERATE,UPRO,SSO,True,False,15,,,,81.72000066994349
A-RVol v3 (S&P 500),2013-05-08,MODERATE,AGGRESSIVE,SSO,UPRO,True,False,27,,,,78.57631102990649
A-RVol v3 (S&P 500),2013-06-17,AGGRESSIVE,MODERATE,UPRO,SSO,True,True,3,,,,
A-RVol v3 (S&P 500),2013-06-20,MODERATE,DEFENSIVE,SSO,TLT,True,False,15,-0.0002391423435262885,,0.0,79.97130291877684
A-RVol v3 (S&P 500),2013-07-12,DEFENSIVE,MODERATE,TLT,SSO,True,True,1,,0.0,,
A-RVol v3 (S&P 500),2013-07-15,MODERATE,AGGRESSIVE,SSO,UPRO,True,False,66,,,,80.33624468412683
A-RVol v3 (S&P 500),2013-10-16,AGGRESSIVE,MODERATE,UPRO,SSO,True,False,11,,,,83.940342340236
A-RVol v3 (S&P 500),2013-10-31,MODERATE,AGGRESSIVE,SSO,UPRO,True,False,61,,,,85.30793719183748
A-RVol v3 (S&P 500),2014-01-30,AGGRESSIVE,MODERATE,UPRO,SSO,True,True,2,,,,
A-RVol v3 (S&P 500),2014-02-03,MODERATE,DEFENSIVE,SSO,TLT,True,False,15,0.00019583578216519903,,-0.0029356896445953407,80.23485517156763
A-RVol v3 (S&P 500),2014-02-25,DEFENSIVE,MODERATE,TLT,SSO,True,True,1,,0.0,,
A-RVol v3 (S&P 500),2014-02-26,MODERATE,AGGRESSIVE,SSO,UPRO,True,False,31,,,,82.9949421421925
A-RVol v3 (S&P 500),2014-04-10,AGGRESSIVE,MODERATE,UPRO,SSO,True,False,15,,,,80.61594312121896
A-RVol v3 (S&P 500),2014-05-02,MODERATE,AGGRESSIVE,SSO,UPRO,True,False,74,,,,83.49382312895541
A-RVol v3 (S&P 500),2014-08-18,AGGRESSIVE,MODERATE,UPRO,SSO,True,True,3,,,,
A-RVol v3 (S&P 500),2014-08-21,MODERATE,AGGRESSIVE,SSO,UPRO,True,False,30,,,,81.2901397055708
A-RVol v3 (S&P 500),2014-10-03,AGGRESSIVE,MODERATE,UPRO,SSO,True,True,3,,,,
A-RVol v3 (S&P 500),2014-10-08,MODERATE,DEFENSIVE,SSO,TLT,True,False,23,0.006004243942764331,,0.0,80.0
A-RVol v3 (S&P 500),2014-11-10,DEFENSIVE,MODERATE,TLT,SSO,True,True,1,,0.0,,
A-RVol v3 (S&P 500),2014-11-11,MODERATE,AGGRESSIVE,SSO,UPRO,True,False,25,,,,81.49914096731754
A-RVol v3 (S&P 500),2014-12-17,AGGRESSIVE,MODERATE,UPRO,SSO,True,True,1,,,,
A-RVol v3 (S&P 500),2014-12-18,MODERATE,DEFENSIVE,SSO,TLT,True,False,43,-0.0002962551453329354,,-0.06334855869864531,85.03233407845167
A-RVol v3 (S&P 500),2015-02-23,DEFENSIVE,MODERATE,TLT,SSO,True,True,1,,0.0,,
A-RVol v3 (S&P 500),2015-02-24,MODERATE,AGGRESSIVE,SSO,UPRO,True,False,16,,,,65.41973313066136
A-RVol v3 (S&P 500),2015-03-18,AGGRESSIVE,MODERATE,UPRO,SSO,True,True,5,,,,
A-RVol v3 (S&P 500),2015-03-25,MODERATE,DEFENSIVE,SSO,TLT,True,False,10,0.00554537922045073,,-0.010122927631256662,80.80983421050053
A-RVol v3 (S&P 500),2015-04-09,DEFENSIVE,MODERATE,TLT,SSO,True,True,5,,0.0,,
A-RVol v3 (S&P 500),2015-04-16,MODERATE,AGGRESSIVE,SSO,UPRO,True,False,60,,,,77.31160510814948
A-RVol v3 (S&P 500),2015-07-13,AGGRESSIVE,MODERATE,UPRO,SSO,True,False,29,,,,78.5370356748599
A-RVol v3 (S&P 500),2015-08-21,MODERATE,DEFENSIVE,SSO,TLT,True,False,40,0.0011214036119346904,,-0.013761950252319632,81.10095602018558
A-RVol v3 (S&P 500),2015-10-19,DEFENSIVE,MODERATE,TLT,SSO,True,False,11,,0.013953984289939436,,83.8688089129084
A-RVol v3 (S&P 500),2015-11-03,MODERATE,AGGRESSIVE,SSO,UPRO,True,False,31,,,,61.39856249828708
A-RVol v3 (S&P 500),2015-12-17,AGGRESSIVE,MODERATE,UPRO,SSO,True,True,4,,,,
A-RVol v3 (S&P 500),2015-12-23,MODERATE,DEFENSIVE,SSO,TLT,True,False,48,0.006016661846045546,,-0.019936685632396145,81.5949348505917
A-RVol v3 (S&P 500),2016-03-04,DEFENSIVE,MODERATE,TLT,SSO,True,False,17,,0.020342242526709242,,81.62607279112615
A-RVol v3 (S&P 500),2016-03-30,MODERATE,AGGRESSIVE,SSO,UPRO,True,False,62,,,,79.7449746287502
A-RVol v3 (S&P 500),2016-06-27,AGGRESSIVE,MODERATE,UPRO,SSO,True,True,3,,,,
A-RVol v3 (S&P 500),2016-06-30,MODERATE,DEFENSIVE,SSO,TLT,True,False,11,0.0031198516806880683,,-0.008341679102391919,80.66733432819136
A-RVol v3 (S&P 500),2016-07-18,DEFENSIVE,MODERATE,TLT,SSO,True,True,1,,0.0,,
A-RVol v3 (S&P 500),2016-07-19,MODERATE,AGGRESSIVE,SSO,UPRO,True,False,273,,,,80.6062246898582
A-RVol v3 (S&P 500),2017-08-17,AGGRESSIVE,MODERATE,UPRO,SSO,True,True,3,,,,
A-RVol v3 (S&P 500),2017-08-22,MODERATE,DEFENSIVE,SSO,TLT,True,False,12,-0.011329374083291266,,0.0,78.64047511000504
A-RVol v3 (S&P 500),2017-09-08,DEFENSIVE,MODERATE,TLT,SSO,True,True,3,,0.0,,
A-RVol v3 (S&P 500),2017-09-13,MODERATE,AGGRESSIVE,SSO,UPRO,True,False,95,,,,85.37060365416465
A-RVol v3 (S&P 500),2018-01-30,AGGRESSIVE,MODERATE,UPRO,SSO,True,True,1,,,,
A-RVol v3 (S&P 500),2018-01-31,MODERATE,DEFENSIVE,SSO,TLT,True,False,64,-0.0474491690545219,,0.0,74.30609971345737
A-RVol v3 (S&P 500),2018-05-03,DEFENSIVE,MODERATE,TLT,SSO,True,False,12,,0.0,,85.73568659645414
A-RVol v3 (S&P 500),2018-05-21,MODERATE,AGGRESSIVE,SSO,UPRO,True,False,99,,,,76.52191657857786
A-RVol v3 (S&P 500),2018-10-10,AGGRESSIVE,MODERATE,UPRO,SSO,True,True,1,,,,
A-RVol v3 (S&P 500),2018-10-11,MODERATE,DEFENSIVE,SSO,TLT,True,False,74,0.0073417936922277605,,0.0,80.0
A-RVol v3 (S&P 500),2019-01-30,DEFENSIVE,MODERATE,TLT,SSO,True,False,31,,0.0,,86.39091226544984
A-RVol v3 (S&P 500),2019-03-15,MODERATE,AGGRESSIVE,SSO,UPRO,True,False,48,,,,83.74576612547068
A-RVol v3 (S&P 500),2019-05-23,AGGRESSIVE,MODERATE,UPRO,SSO,True,False,20,,,,75.88222092481229
A-RVol v3 (S&P 500),2019-06-21,MODERATE,AGGRESSIVE,SSO,UPRO,True,False,33,,,,78.01660967778031
A-RVol v3 (S&P 500),2019-08-08,AGGRESSIVE,MODERATE,UPRO,SSO,True,True,3,,,,
A-RVol v3 (S&P 500),2019-08-13,MODERATE,DEFENSIVE,SSO,TLT,True,False,19,0.00015546041721714587,,-0.060490833826320256,84.83926670610562
A-RVol v3 (S&P 500),2019-09-10,DEFENSIVE,MODERATE,TLT,SSO,True,True,4,,0.0,,
A-RVol v3 (S&P 500),2019-09-16,MODERATE,AGGRESSIVE,SSO,UPRO,True,False,97,,,,65.00499914840344
A-RVol v3 (S&P 500),2020-02-04,AGGRESSIVE,MODERATE,UPRO,SSO,True,False,6,,,,82.97543676953701
A-RVol v3 (S&P 500),2020-02-12,MODERATE,DEFENSIVE,SSO,TLT,True,False,70,-0.010700764485062852,,0.0,78.71590826179246
A-RVol v3 (S&P 500),2020-05-22,DEFENSIVE,MODERATE,TLT,SSO,True,False,22,,0.0,,95.68040575031677
A-RVol v3 (S&P 500),2020-06-24,MODERATE,DEFENSIVE,SSO,TLT,True,False,6,-0.0011703875761922555,,0.0,79.85955349085692
A-RVol v3 (S&P 500),2020-07-02,DEFENSIVE,MODERATE,TLT,SSO,True,True,1,,0.0,,
A-RVol v3 (S&P 500),2020-07-06,MODERATE,DEFENSIVE,SSO,TLT,True,True,1,-0.020915725759133252,,0.0,77.49011290890401
A-RVol v3 (S&P 500),2020-07-07,DEFENSIVE,MODERATE,TLT,SSO,True,False,9,,0.0,,82.60681528128039
A-RVol v3 (S&P 500),2020-07-20,MODERATE,AGGRESSIVE,SSO,UPRO,True,False,33,,,,86.25941437731268
A-RVol v3 (S&P 500),2020-09-03,AGGRESSIVE,MODERATE,UPRO,SSO,True,False,63,,,,57.986582969649064
A-RVol v3 (S&P 500),2020-12-03,MODERATE,AGGRESSIVE,SSO,UPRO,True,False,40,,,,81.42780049548497
A-RVol v3 (S&P 500),2021-02-02,AGGRESSIVE,MODERATE,UPRO,SSO,True,False,11,,,,84.60954618298787
A-RVol v3 (S&P 500),2021-02-18,MODERATE,AGGRESSIVE,SSO,UPRO,True,False,11,,,,59.930980741144836
A-RVol v3 (S&P 500),2021-03-05,AGGRESSIVE,MODERATE,UPRO,SSO,True,False,14,,,,83.20599452607907
A-RVol v3 (S&P 500),2021-03-25,MODERATE,AGGRESSIVE,SSO,UPRO,True,False,133,,,,97.37026116997583
A-RVol v3 (S&P 500),2021-10-04,AGGRESSIVE,MODERATE,UPRO,SSO,True,False,14,,,,86.98675739934359
A-RVol v3 (S&P 500),2021-10-22,MODERATE,AGGRESSIVE,SSO,UPRO,True,False,27,,,,88.46723732286179
A-RVol v3 (S&P 500),2021-12-01,AGGRESSIVE,MODERATE,UPRO,SSO,True,True,1,,,,
A-RVol v3 (S&P 500),2021-12-02,MODERATE,DEFENSIVE,SSO,TLT,True,False,28,-0.02842701218252397,,-0.16366654746200182,89.68208233505727
A-RVol v3 (S&P 500),2022-01-12,DEFENSIVE,MODERATE,TLT,SSO,True,False,11,,0.1956953257882097,,48.415945854610115
A-RVol v3 (S&P 500),2022-01-28,MODERATE,DEFENSIVE,SSO,TLT,True,False,135,0.03311641327814008,,-0.16710466737983432,93.36837339038675
A-RVol v3 (S&P 500),2022-08-12,DEFENSIVE,MODERATE,TLT,SSO,True,False,6,,0.024403604706030757,,75.16578697187907
A-RVol v3 (S&P 500),2022-08-22,MODERATE,DEFENSIVE,SSO,TLT,True,False,72,-0.0033585329771054218,,-0.14069730675223047,90.85276058292578
A-RVol v3 (S&P 500),2022-12-02,DEFENSIVE,MODERATE,TLT,SSO,True,True,1,,0.0,,
A-RVol v3 (S&P 500),2022-12-05,MODERATE,DEFENSIVE,SSO,TLT,True,True,3,-0.056696870009580014,,-0.09210870865669774,80.56507229138623
A-RVol v3 (S&P 500),2022-12-08,DEFENSIVE,MODERATE,TLT,SSO,True,False,6,,0.035791843800263345,,72.9405743695184
A-RVol v3 (S&P 500),2022-12-16,MODERATE,DEFENSIVE,SSO,TLT,True,False,15,0.013132078387135815,,-0.012313655262417456,80.9850924209934
A-RVol v3 (S&P 500),2023-01-10,DEFENSIVE,MODERATE,TLT,SSO,True,False,61,,0.012467171717038372,,86.33283569671913
A-RVol v3 (S&P 500),2023-04-10,MODERATE,AGGRESSIVE,SSO,UPRO,True,False,266,,,,76.73075397591083
A-RVol v3 (S&P 500),2024-04-30,AGGRESSIVE,MODERATE,UPRO,SSO,True,False,15,,,,85.8530509642791
A-RVol v3 (S&P 500),2024-05-21,MODERATE,AGGRESSIVE,SSO,UPRO,True,False,43,,,,79.60432953800722
A-RVol v3 (S&P 500),2024-07-24,AGGRESSIVE,MODERATE,UPRO,SSO,True,True,2,,,,
A-RVol v3 (S&P 500),2024-07-26,MODERATE,DEFENSIVE,SSO,TLT,True,False,24,-0.014284023229599208,,-0.06532656712584983,83.51204258251609
A-RVol v3 (S&P 500),2024-08-29,DEFENSIVE,MODERATE,TLT,SSO,True,False,20,,0.0698923975243082,,72.32345646996389
A-RVol v3 (S&P 500),2024-09-27,MODERATE,AGGRESSIVE,SSO,UPRO,True,False,28,,,,80.2462984775973
A-RVol v3 (S&P 500),2024-11-06,AGGRESSIVE,MODERATE,UPRO,SSO,True,False,7,,,,81.57740639388193
A-RVol v3 (S&P 500),2024-11-15,MODERATE,DEFENSIVE,SSO,TLT,True,False,7,0.009202703672902324,,-0.052971296295873604,84.2377037036699
A-RVol v3 (S&P 500),2024-11-26,DEFENSIVE,MODERATE,TLT,SSO,True,True,1,,0.0,,
A-RVol v3 (S&P 500),2024-11-27,MODERATE,AGGRESSIVE,SSO,UPRO,True,False,16,,,,73.71009655170835
A-RVol v3 (S&P 500),2024-12-20,AGGRESSIVE,MODERATE,UPRO,SSO,True,True,5,,,,
A-RVol v3 (S&P 500),2024-12-30,MODERATE,DEFENSIVE,SSO,TLT,True,False,22,-0.04113582718400122,,-0.0747095256968705,81.04046279366949
A-RVol v3 (S&P 500),2025-02-03,DEFENSIVE,MODERATE,TLT,SSO,True,False,6,,0.0,,81.79974188677426
A-RVol v3 (S&P 500),2025-02-11,MODERATE,AGGRESSIVE,SSO,UPRO,True,False,13,,,,69.04917228590347
A-RVol v3 (S&P 500),2025-03-03,AGGRESSIVE,MODERATE,UPRO,SSO,True,True,3,,,,
A-RVol v3 (S&P 500),2025-03-06,MODERATE,DEFENSIVE,SSO,TLT,True,False,47,0.013604688869098824,,-0.02853610954754293,82.28288876380344
A-RVol v3 (S&P 500),2025-05-13,DEFENSIVE,MODERATE,TLT,SSO,True,False,14,,0.029374338900288288,,78.0000088931939
A-RVol v3 (S&P 500),2025-06-03,MODERATE,AGGRESSIVE,SSO,UPRO,True,False,205,,,,87.89944033101399
A-RVol v3 (S&P 500),2026-03-27,AGGRESSIVE,MODERATE,UPRO,SSO,True,True,1,,,,
A-RVol v3 (S&P 500),2026-03-30,MODERATE,DEFENSIVE,SSO,TLT,True,False,14,-0.0040570936994919204,,-0.01287269640782418,80.5429644686869
A-RVol v3 (S&P 500),2026-04-20,DEFENSIVE,MODERATE,TLT,SSO,True,True,2,,0.013040563624347357,,
A-RVol v3 (S&P 500),2026-04-22,MODERATE,AGGRESSIVE,SSO,UPRO,True,False,34,,,,88.15767008466374
A-RVol v3 (S&P 500),2026-06-10,AGGRESSIVE,MODERATE,UPRO,SSO,True,True,3,,,,
A-RVol v3 (S&P 500),2026-06-15,MODERATE,DEFENSIVE,SSO,TLT,True,False,17,0.00806811011549824,,-0.0685389842961941,85.48311874369553
A-RVol v3 (S&P 500),2026-07-10,DEFENSIVE,MODERATE,TLT,SSO,True,True,3,,0.015516522538973065,,
A-RVol v3 (S&P 500),2026-07-15,MODERATE,AGGRESSIVE,SSO,UPRO,True,False,14,,,,63.866034818489496
A-RVol v3 (S&P 500),2026-08-04,AGGRESSIVE,MODERATE,UPRO,SSO,True,False,9,,,,78.8788308051339
A-RVol v3 (NASDAQ 2-State Cash),1993-02-16,AGGRESSIVE,MODERATE,TQQQ,TQQQ,False,False,1,,,,
A-RVol v3 (NASDAQ 2-State Cash),1993-02-17,MODERATE,DEFENSIVE,TQQQ,CASH,True,False,6,-0.13353979999244625,,-0.04010018437123064,67.1832387506049
A-RVol v3 (NASDAQ 2-State Cash),1993-02-25,DEFENSIVE,MODERATE,CASH,TQQQ,True,True,3,,0.023050034808925757,,
A-RVol v3 (NASDAQ 2-State Cash),1993-03-02,MODERATE,DEFENSIVE,TQQQ,CASH,True,False,200,-0.1385690113732324,,0.0,63.37171863521211
A-RVol v3 (NASDAQ 2-State Cash),1993-12-14,DEFENSIVE,MODERATE,CASH,TQQQ,True,False,6,,0.0,,83.4527332999908
A-RVol v3 (NASDAQ 2-State Cash),1993-12-22,MODERATE,AGGRESSIVE,TQQQ,TQQQ,False,False,70,,,,
A-RVol v3 (NASDAQ 2-State Cash),1994-04-04,AGGRESSIVE,MODERATE,TQQQ,TQQQ,False,False,1,,,,
A-RVol v3 (NASDAQ 2-State Cash),1994-04-05,MODERATE,DEFENSIVE,TQQQ,CASH,True,False,29,-0.13896270783456433,,0.0,63.32447505985228
A-RVol v3 (NASDAQ 2-State Cash),1994-05-17,DEFENSIVE,MODERATE,CASH,TQQQ,True,False,27,,0.0,,92.46053289212571
A-RVol v3 (NASDAQ 2-State Cash),1994-06-24,MODERATE,DEFENSIVE,TQQQ,CASH,True,False,14,-0.0162576004002154,,-0.06374475828618376,83.14866861486885
A-RVol v3 (NASDAQ 2-State Cash),1994-07-15,DEFENSIVE,MODERATE,CASH,TQQQ,True,False,28,,0.06808480790932503,,77.27912085137703
A-RVol v3 (NASDAQ 2-State Cash),1994-08-24,MODERATE,AGGRESSIVE,TQQQ,TQQQ,False,False,15,,,,
A-RVol v3 (NASDAQ 2-State Cash),1994-09-15,AGGRESSIVE,MODERATE,TQQQ,TQQQ,False,False,31,,,,
A-RVol v3 (NASDAQ 2-State Cash),1994-10-28,MODERATE,AGGRESSIVE,TQQQ,TQQQ,False,False,17,,,,
A-RVol v3 (NASDAQ 2-State Cash),1994-11-22,AGGRESSIVE,MODERATE,TQQQ,TQQQ,False,False,35,,,,
A-RVol v3 (NASDAQ 2-State Cash),1995-01-13,MODERATE,AGGRESSIVE,TQQQ,TQQQ,False,False,94,,,,
A-RVol v3 (NASDAQ 2-State Cash),1995-05-30,AGGRESSIVE,MODERATE,TQQQ,TQQQ,False,False,15,,,,
A-RVol v3 (NASDAQ 2-State Cash),1995-06-20,MODERATE,AGGRESSIVE,TQQQ,TQQQ,False,False,5,,,,
A-RVol v3 (NASDAQ 2-State Cash),1995-06-27,AGGRESSIVE,MODERATE,TQQQ,TQQQ,False,False,9,,,,
A-RVol v3 (NASDAQ 2-State Cash),1995-07-11,MODERATE,DEFENSIVE,TQQQ,CASH,True,False,54,-0.1351956562703236,,-0.18031976901099311,78.20210276844062
A-RVol v3 (NASDAQ 2-State Cash),1995-09-26,DEFENSIVE,MODERATE,CASH,TQQQ,True,False,6,,0.048969561236433146,,70.38897335903064
A-RVol v3 (NASDAQ 2-State Cash),1995-10-04,MODERATE,DEFENSIVE,TQQQ,CASH,True,True,5,-0.16327095121343105,,0.0,60.40748585438827
A-RVol v3 (NASDAQ 2-State Cash),1995-10-11,DEFENSIVE,MODERATE,CASH,TQQQ,True,True,1,,0.0,,
A-RVol v3 (NASDAQ 2-State Cash),1995-10-12,MODERATE,DEFENSIVE,TQQQ,CASH,True,False,79,0.0665901307247474,,-0.08285443401862413,86.62835472148993
A-RVol v3 (NASDAQ 2-State Cash),1996-02-05,DEFENSIVE,MODERATE,CASH,TQQQ,True,False,47,,0.09033945874226323,,72.77064814210533
A-RVol v3 (NASDAQ 2-State Cash),1996-04-12,MODERATE,AGGRESSIVE,TQQQ,TQQQ,False,False,14,,,,
A-RVol v3 (NASDAQ 2-State Cash),1996-05-02,AGGRESSIVE,MODERATE,TQQQ,TQQQ,False,False,15,,,,
A-RVol v3 (NASDAQ 2-State Cash),1996-05-23,MODERATE,AGGRESSIVE,TQQQ,TQQQ,False,False,26,,,,
A-RVol v3 (NASDAQ 2-State Cash),1996-07-01,AGGRESSIVE,MODERATE,TQQQ,TQQQ,False,False,3,,,,
A-RVol v3 (NASDAQ 2-State Cash),1996-07-05,MODERATE,DEFENSIVE,TQQQ,CASH,True,False,8,-0.21655175736124166,,-0.15741499912771062,66.60698904686785
A-RVol v3 (NASDAQ 2-State Cash),1996-07-17,DEFENSIVE,MODERATE,CASH,TQQQ,True,True,4,,0.03964957938044611,,
A-RVol v3 (NASDAQ 2-State Cash),1996-07-23,MODERATE,DEFENSIVE,TQQQ,CASH,True,True,3,-0.060421504315858576,,-0.0615090579374602,77.67014411709378
A-RVol v3 (NASDAQ 2-State Cash),1996-07-26,DEFENSIVE,MODERATE,CASH,TQQQ,True,True,1,,0.0,,
A-RVol v3 (NASDAQ 2-State Cash),1996-07-29,MODERATE,DEFENSIVE,TQQQ,CASH,True,False,11,-0.05993076428656641,,-0.08638379718643252,79.71901206052664
A-RVol v3 (NASDAQ 2-State Cash),1996-08-13,DEFENSIVE,MODERATE,CASH,TQQQ,True,False,143,,0.09455151618415436,,71.62172627704312
A-RVol v3 (NASDAQ 2-State Cash),1997-03-07,MODERATE,DEFENSIVE,TQQQ,CASH,True,False,13,-0.03200883613557992,,-0.17612639412044961,90.24905119336637
A-RVol v3 (NASDAQ 2-State Cash),1997-03-26,DEFENSIVE,MODERATE,CASH,TQQQ,True,True,2,,0.06018137520690359,,
A-RVol v3 (NASDAQ 2-State Cash),1997-03-31,MODERATE,DEFENSIVE,TQQQ,CASH,True,True,4,-0.052845342782327,,-0.12050136369065179,83.2986679613729
A-RVol v3 (NASDAQ 2-State Cash),1997-04-04,DEFENSIVE,MODERATE,CASH,TQQQ,True,True,5,,0.038038681921886086,,
A-RVol v3 (NASDAQ 2-State Cash),1997-04-11,MODERATE,DEFENSIVE,TQQQ,CASH,True,False,30,0.025537894231099756,,-0.1203713318943197,89.62970655154558
A-RVol v3 (NASDAQ 2-State Cash),1997-05-23,DEFENSIVE,MODERATE,CASH,TQQQ,True,False,107,,0.13684334794765696,,64.29212000527441
A-RVol v3 (NASDAQ 2-State Cash),1997-10-24,MODERATE,DEFENSIVE,TQQQ,CASH,True,True,2,-0.24354348208557064,,-0.19350102191144147,66.25486390264683
A-RVol v3 (NASDAQ 2-State Cash),1997-10-28,DEFENSIVE,MODERATE,CASH,TQQQ,True,True,1,,0.0,,
A-RVol v3 (NASDAQ 2-State Cash),1997-10-29,MODERATE,DEFENSIVE,TQQQ,CASH,True,False,46,-0.033342129597695225,,-0.14831228772310012,87.86392746612458
A-RVol v3 (NASDAQ 2-State Cash),1998-01-06,DEFENSIVE,MODERATE,CASH,TQQQ,True,False,58,,0.17413928319642236,,79.10328601642931
A-RVol v3 (NASDAQ 2-State Cash),1998-03-31,MODERATE,AGGRESSIVE,TQQQ,TQQQ,False,False,5,,,,
A-RVol v3 (NASDAQ 2-State Cash),1998-04-07,AGGRESSIVE,MODERATE,TQQQ,TQQQ,False,False,99,,,,
A-RVol v3 (NASDAQ 2-State Cash),1998-08-27,MODERATE,DEFENSIVE,TQQQ,CASH,True,True,3,-0.39127520679511674,,-0.025622896031407216,35.09680686709857
A-RVol v3 (NASDAQ 2-State Cash),1998-09-01,DEFENSIVE,MODERATE,CASH,TQQQ,True,True,1,,0.0,,
A-RVol v3 (NASDAQ 2-State Cash),1998-09-02,MODERATE,DEFENSIVE,TQQQ,CASH,True,False,48,0.019655087514817593,,-0.026389227873777843,82.11113822990222
A-RVol v3 (NASDAQ 2-State Cash),1998-11-10,DEFENSIVE,MODERATE,CASH,TQQQ,True,False,17,,0.02710449455704733,,93.84495078610274
A-RVol v3 (NASDAQ 2-State Cash),1998-12-04,MODERATE,DEFENSIVE,TQQQ,CASH,True,False,21,0.09563822637049757,,-0.09304945543168353,87.44395643453468
A-RVol v3 (NASDAQ 2-State Cash),1999-01-06,DEFENSIVE,MODERATE,CASH,TQQQ,True,False,13,,0.10259595298657942,,65.83330087125866
A-RVol v3 (NASDAQ 2-State Cash),1999-01-26,MODERATE,DEFENSIVE,TQQQ,CASH,True,False,113,0.03218928294844203,,-0.22541935639816568,98.03354851185327
A-RVol v3 (NASDAQ 2-State Cash),1999-07-08,DEFENSIVE,MODERATE,CASH,TQQQ,True,False,70,,0.2910211586878233,,50.41872440272559
A-RVol v3 (NASDAQ 2-State Cash),1999-10-15,MODERATE,DEFENSIVE,TQQQ,CASH,True,False,15,0.057861379373630895,,0.0,80.0
A-RVol v3 (NASDAQ 2-State Cash),1999-11-05,DEFENSIVE,MODERATE,CASH,TQQQ,True,False,40,,0.0,,100.0
A-RVol v3 (NASDAQ 2-State Cash),2000-01-04,MODERATE,DEFENSIVE,TQQQ,CASH,True,False,162,0.039929505738220294,,-0.27607457356038645,100.0
A-RVol v3 (NASDAQ 2-State Cash),2000-08-24,DEFENSIVE,MODERATE,CASH,TQQQ,True,False,17,,0.38135775243890446,,41.806245798610746
A-RVol v3 (NASDAQ 2-State Cash),2000-09-19,MODERATE,DEFENSIVE,TQQQ,CASH,True,False,647,0.051609766871538953,,-0.053846281356629055,84.30770250853033
A-RVol v3 (NASDAQ 2-State Cash),2003-04-22,DEFENSIVE,MODERATE,CASH,TQQQ,True,False,89,,0.05691071154255534,,83.94162956274052
A-RVol v3 (NASDAQ 2-State Cash),2003-08-27,MODERATE,AGGRESSIVE,TQQQ,TQQQ,False,False,13,,,,
A-RVol v3 (NASDAQ 2-State Cash),2003-09-16,AGGRESSIVE,MODERATE,TQQQ,TQQQ,False,False,78,,,,
A-RVol v3 (NASDAQ 2-State Cash),2004-01-07,MODERATE,AGGRESSIVE,TQQQ,TQQQ,False,False,24,,,,
A-RVol v3 (NASDAQ 2-State Cash),2004-02-11,AGGRESSIVE,MODERATE,TQQQ,TQQQ,False,False,12,,,,
A-RVol v3 (NASDAQ 2-State Cash),2004-03-01,MODERATE,AGGRESSIVE,TQQQ,TQQQ,False,False,10,,,,
A-RVol v3 (NASDAQ 2-State Cash),2004-03-15,AGGRESSIVE,MODERATE,TQQQ,TQQQ,False,False,4,,,,
A-RVol v3 (NASDAQ 2-State Cash),2004-03-19,MODERATE,DEFENSIVE,TQQQ,CASH,True,True,4,-0.019703676823605742,,-0.02219725060690858,79.41133882972
A-RVol v3 (NASDAQ 2-State Cash),2004-03-25,DEFENSIVE,MODERATE,CASH,TQQQ,True,False,45,,0.022701153807029195,,88.5793199442306
A-RVol v3 (NASDAQ 2-State Cash),2004-05-28,MODERATE,AGGRESSIVE,TQQQ,TQQQ,False,False,16,,,,
A-RVol v3 (NASDAQ 2-State Cash),2004-06-23,AGGRESSIVE,MODERATE,TQQQ,TQQQ,False,False,19,,,,
A-RVol v3 (NASDAQ 2-State Cash),2004-07-21,MODERATE,DEFENSIVE,TQQQ,CASH,True,False,20,-0.04340692489153519,,-0.02327149275871543,76.652888433713
A-RVol v3 (NASDAQ 2-State Cash),2004-08-18,DEFENSIVE,MODERATE,CASH,TQQQ,True,False,61,,0.023825958376544554,,86.17639605919365
A-RVol v3 (NASDAQ 2-State Cash),2004-11-12,MODERATE,AGGRESSIVE,TQQQ,TQQQ,False,False,57,,,,
A-RVol v3 (NASDAQ 2-State Cash),2005-02-04,AGGRESSIVE,MODERATE,TQQQ,TQQQ,False,False,26,,,,
A-RVol v3 (NASDAQ 2-State Cash),2005-03-15,MODERATE,AGGRESSIVE,TQQQ,TQQQ,False,False,26,,,,
A-RVol v3 (NASDAQ 2-State Cash),2005-04-21,AGGRESSIVE,MODERATE,TQQQ,TQQQ,False,False,20,,,,
A-RVol v3 (NASDAQ 2-State Cash),2005-05-19,MODERATE,AGGRESSIVE,TQQQ,TQQQ,False,False,109,,,,
A-RVol v3 (NASDAQ 2-State Cash),2005-10-24,AGGRESSIVE,MODERATE,TQQQ,TQQQ,False,False,18,,,,
A-RVol v3 (NASDAQ 2-State Cash),2005-11-17,MODERATE,AGGRESSIVE,TQQQ,TQQQ,False,False,33,,,,
A-RVol v3 (NASDAQ 2-State Cash),2006-01-06,AGGRESSIVE,MODERATE,TQQQ,TQQQ,False,False,9,,,,
A-RVol v3 (NASDAQ 2-State Cash),2006-01-20,MODERATE,DEFENSIVE,TQQQ,CASH,True,False,15,-0.09015906749718172,,-0.04535088734244086,72.80898288773346
A-RVol v3 (NASDAQ 2-State Cash),2006-02-10,DEFENSIVE,MODERATE,CASH,TQQQ,True,False,30,,0.047505294606300597,,78.40280042374498
A-RVol v3 (NASDAQ 2-State Cash),2006-03-27,MODERATE,AGGRESSIVE,TQQQ,TQQQ,False,False,44,,,,
A-RVol v3 (NASDAQ 2-State Cash),2006-05-30,AGGRESSIVE,MODERATE,TQQQ,TQQQ,False,False,2,,,,
A-RVol v3 (NASDAQ 2-State Cash),2006-06-01,MODERATE,DEFENSIVE,TQQQ,CASH,True,False,51,-0.036478336945075185,,0.0,75.62259956659098
A-RVol v3 (NASDAQ 2-State Cash),2006-08-14,DEFENSIVE,MODERATE,CASH,TQQQ,True,False,22,,0.0,,99.3884519262823
A-RVol v3 (NASDAQ 2-State Cash),2006-09-14,MODERATE,AGGRESSIVE,TQQQ,TQQQ,False,False,112,,,,
A-RVol v3 (NASDAQ 2-State Cash),2007-02-27,AGGRESSIVE,MODERATE,TQQQ,TQQQ,False,False,1,,,,
A-RVol v3 (NASDAQ 2-State Cash),2007-02-28,MODERATE,DEFENSIVE,TQQQ,CASH,True,False,14,0.014886213420662653,,0.0,80.0
A-RVol v3 (NASDAQ 2-State Cash),2007-03-20,DEFENSIVE,MODERATE,CASH,TQQQ,True,False,10,,0.0,,82.77192109739684
A-RVol v3 (NASDAQ 2-State Cash),2007-04-03,MODERATE,AGGRESSIVE,TQQQ,TQQQ,False,False,82,,,,
A-RVol v3 (NASDAQ 2-State Cash),2007-07-31,AGGRESSIVE,MODERATE,TQQQ,TQQQ,False,False,1,,,,
A-RVol v3 (NASDAQ 2-State Cash),2007-08-01,MODERATE,DEFENSIVE,TQQQ,CASH,True,False,39,0.01621535077113001,,0.0,80.0
A-RVol v3 (NASDAQ 2-State Cash),2007-09-26,DEFENSIVE,MODERATE,CASH,TQQQ,True,True,2,,0.0,,
A-RVol v3 (NASDAQ 2-State Cash),2007-09-28,MODERATE,AGGRESSIVE,TQQQ,TQQQ,False,False,15,,,,
A-RVol v3 (NASDAQ 2-State Cash),2007-10-19,AGGRESSIVE,MODERATE,TQQQ,TQQQ,False,False,2,,,,
A-RVol v3 (NASDAQ 2-State Cash),2007-10-23,MODERATE,DEFENSIVE,TQQQ,CASH,True,False,132,0.0019078242793071354,,-0.047426544449248986,83.79412355593992
A-RVol v3 (NASDAQ 2-State Cash),2008-05-02,DEFENSIVE,MODERATE,CASH,TQQQ,True,False,24,,0.04978780814528183,,79.65250461752623
A-RVol v3 (NASDAQ 2-State Cash),2008-06-06,MODERATE,DEFENSIVE,TQQQ,CASH,True,False,250,0.024749932934895247,,-0.1341940441783076,90.73552353426462
A-RVol v3 (NASDAQ 2-State Cash),2009-06-04,DEFENSIVE,MODERATE,CASH,TQQQ,True,False,21,,0.15499320982488607,,62.02288877931933
A-RVol v3 (NASDAQ 2-State Cash),2009-07-06,MODERATE,DEFENSIVE,TQQQ,CASH,True,True,1,-0.15524549816237576,,0.0,61.37054022051491
A-RVol v3 (NASDAQ 2-State Cash),2009-07-07,DEFENSIVE,MODERATE,CASH,TQQQ,True,True,1,,0.0,,
A-RVol v3 (NASDAQ 2-State Cash),2009-07-08,MODERATE,DEFENSIVE,TQQQ,CASH,True,True,1,-0.13695595406784333,,0.0,63.5652855118588
A-RVol v3 (NASDAQ 2-State Cash),2009-07-09,DEFENSIVE,MODERATE,CASH,TQQQ,True,True,1,,0.0,,
A-RVol v3 (NASDAQ 2-State Cash),2009-07-10,MODERATE,DEFENSIVE,TQQQ,CASH,True,True,1,-0.07691112434449099,,0.0,70.77066507866108
A-RVol v3 (NASDAQ 2-State Cash),2009-07-13,DEFENSIVE,MODERATE,CASH,TQQQ,True,False,17,,0.0,,100.0
A-RVol v3 (NASDAQ 2-State Cash),2009-08-05,MODERATE,AGGRESSIVE,TQQQ,TQQQ,False,False,8,,,,
A-RVol v3 (NASDAQ 2-State Cash),2009-08-17,AGGRESSIVE,MODERATE,TQQQ,TQQQ,False,False,10,,,,
A-RVol v3 (NASDAQ 2-State Cash),2009-08-31,MODERATE,DEFENSIVE,TQQQ,CASH,True,True,1,-0.08553318020742551,,-0.003031021249527699,69.97850007507115
A-RVol v3 (NASDAQ 2-State Cash),2009-09-01,DEFENSIVE,MODERATE,CASH,TQQQ,True,True,1,,0.0,,
A-RVol v3 (NASDAQ 2-State Cash),2009-09-02,MODERATE,DEFENSIVE,TQQQ,CASH,True,True,1,-0.06832342059500207,,0.0,71.80118952859975
A-RVol v3 (NASDAQ 2-State Cash),2009-09-03,DEFENSIVE,MODERATE,CASH,TQQQ,True,True,1,,0.0,,
A-RVol v3 (NASDAQ 2-State Cash),2009-09-04,MODERATE,DEFENSIVE,TQQQ,CASH,True,True,1,0.017609872665867332,,0.0,80.0
A-RVol v3 (NASDAQ 2-State Cash),2009-09-08,DEFENSIVE,MODERATE,CASH,TQQQ,True,False,10,,0.0,,86.56611201287839
A-RVol v3 (NASDAQ 2-State Cash),2009-09-22,MODERATE,AGGRESSIVE,TQQQ,TQQQ,False,False,10,,,,
A-RVol v3 (NASDAQ 2-State Cash),2009-10-06,AGGRESSIVE,MODERATE,TQQQ,TQQQ,False,False,12,,,,
A-RVol v3 (NASDAQ 2-State Cash),2009-10-22,MODERATE,AGGRESSIVE,TQQQ,TQQQ,False,False,6,,,,
A-RVol v3 (NASDAQ 2-State Cash),2009-10-30,AGGRESSIVE,MODERATE,TQQQ,TQQQ,False,False,26,,,,
A-RVol v3 (NASDAQ 2-State Cash),2009-12-08,MODERATE,AGGRESSIVE,TQQQ,TQQQ,False,False,30,,,,
A-RVol v3 (NASDAQ 2-State Cash),2010-01-22,AGGRESSIVE,MODERATE,TQQQ,TQQQ,False,False,5,,,,
A-RVol v3 (NASDAQ 2-State Cash),2010-01-29,MODERATE,DEFENSIVE,TQQQ,CASH,True,False,11,0.0202861540130983,,-0.011198012093240006,80.89584096745921
A-RVol v3 (NASDAQ 2-State Cash),2010-02-16,DEFENSIVE,MODERATE,CASH,TQQQ,True,False,8,,0.011324827650220914,,77.74517971451428
A-RVol v3 (NASDAQ 2-State Cash),2010-02-26,MODERATE,AGGRESSIVE,TQQQ,TQQQ,False,False,46,,,,
A-RVol v3 (NASDAQ 2-State Cash),2010-05-04,AGGRESSIVE,MODERATE,TQQQ,TQQQ,False,False,2,,,,
A-RVol v3 (NASDAQ 2-State Cash),2010-05-06,MODERATE,DEFENSIVE,TQQQ,CASH,True,True,2,-0.16560398037053037,,-0.22463599746810792,78.09840215298499
A-RVol v3 (NASDAQ 2-State Cash),2010-05-10,DEFENSIVE,MODERATE,CASH,TQQQ,True,True,1,,0.0,,
A-RVol v3 (NASDAQ 2-State Cash),2010-05-11,MODERATE,DEFENSIVE,TQQQ,CASH,True,False,54,-0.020650190381356515,,-0.15819832345250084,90.17784303043729
A-RVol v3 (NASDAQ 2-State Cash),2010-07-28,DEFENSIVE,MODERATE,CASH,TQQQ,True,False,17,,0.1009146280104325,,72.26045297722372
A-RVol v3 (NASDAQ 2-State Cash),2010-08-20,MODERATE,DEFENSIVE,TQQQ,CASH,True,False,16,0.012665149360054917,,0.0,80.0
A-RVol v3 (NASDAQ 2-State Cash),2010-09-14,DEFENSIVE,MODERATE,CASH,TQQQ,True,False,8,,0.0,,87.4516635540654
A-RVol v3 (NASDAQ 2-State Cash),2010-09-24,MODERATE,AGGRESSIVE,TQQQ,TQQQ,False,False,47,,,,
A-RVol v3 (NASDAQ 2-State Cash),2010-12-01,AGGRESSIVE,MODERATE,TQQQ,TQQQ,False,False,11,,,,
A-RVol v3 (NASDAQ 2-State Cash),2010-12-16,MODERATE,AGGRESSIVE,TQQQ,TQQQ,False,False,52,,,,
A-RVol v3 (NASDAQ 2-State Cash),2011-03-03,AGGRESSIVE,MODERATE,TQQQ,TQQQ,False,False,24,,,,
A-RVol v3 (NASDAQ 2-State Cash),2011-04-06,MODERATE,AGGRESSIVE,TQQQ,TQQQ,False,False,48,,,,
A-RVol v3 (NASDAQ 2-State Cash),2011-06-15,AGGRESSIVE,MODERATE,TQQQ,TQQQ,False,False,1,,,,
A-RVol v3 (NASDAQ 2-State Cash),2011-06-16,MODERATE,DEFENSIVE,TQQQ,CASH,True,True,4,-0.03206862668113919,,-0.026448117963195017,78.26761423531889
A-RVol v3 (NASDAQ 2-State Cash),2011-06-22,DEFENSIVE,MODERATE,CASH,TQQQ,True,False,28,,0.027166624040479315,,96.74000511514248
A-RVol v3 (NASDAQ 2-State Cash),2011-08-02,MODERATE,DEFENSIVE,TQQQ,CASH,True,False,99,-0.09716521977765935,,0.0,68.34017362668087
A-RVol v3 (NASDAQ 2-State Cash),2011-12-21,DEFENSIVE,MODERATE,CASH,TQQQ,True,False,14,,0.0,,91.80469732360538
A-RVol v3 (NASDAQ 2-State Cash),2012-01-12,MODERATE,AGGRESSIVE,TQQQ,TQQQ,False,False,71,,,,
A-RVol v3 (NASDAQ 2-State Cash),2012-04-25,AGGRESSIVE,MODERATE,TQQQ,TQQQ,False,False,15,,,,
A-RVol v3 (NASDAQ 2-State Cash),2012-05-16,MODERATE,AGGRESSIVE,TQQQ,TQQQ,False,False,3,,,,
A-RVol v3 (NASDAQ 2-State Cash),2012-05-21,AGGRESSIVE,MODERATE,TQQQ,TQQQ,False,False,7,,,,
A-RVol v3 (NASDAQ 2-State Cash),2012-05-31,MODERATE,DEFENSIVE,TQQQ,CASH,True,True,1,-0.11383365657640976,,0.0,66.33996121083082
A-RVol v3 (NASDAQ 2-State Cash),2012-06-01,DEFENSIVE,MODERATE,CASH,TQQQ,True,True,1,,0.0,,
A-RVol v3 (NASDAQ 2-State Cash),2012-06-04,MODERATE,DEFENSIVE,TQQQ,CASH,True,True,1,-0.0823656947571394,,0.0,70.11611662914328
A-RVol v3 (NASDAQ 2-State Cash),2012-06-05,DEFENSIVE,MODERATE,CASH,TQQQ,True,False,49,,0.0,,95.00581188663288
A-RVol v3 (NASDAQ 2-State Cash),2012-08-14,MODERATE,AGGRESSIVE,TQQQ,TQQQ,False,False,58,,,,
A-RVol v3 (NASDAQ 2-State Cash),2012-11-07,AGGRESSIVE,MODERATE,TQQQ,TQQQ,False,False,16,,,,
A-RVol v3 (NASDAQ 2-State Cash),2012-11-30,MODERATE,AGGRESSIVE,TQQQ,TQQQ,False,False,21,,,,
A-RVol v3 (NASDAQ 2-State Cash),2013-01-02,AGGRESSIVE,MODERATE,TQQQ,TQQQ,False,False,15,,,,
A-RVol v3 (NASDAQ 2-State Cash),2013-01-24,MODERATE,AGGRESSIVE,TQQQ,TQQQ,False,False,58,,,,
A-RVol v3 (NASDAQ 2-State Cash),2013-04-18,AGGRESSIVE,MODERATE,TQQQ,TQQQ,False,False,14,,,,
A-RVol v3 (NASDAQ 2-State Cash),2013-05-08,MODERATE,AGGRESSIVE,TQQQ,TQQQ,False,False,33,,,,
A-RVol v3 (NASDAQ 2-State Cash),2013-06-25,AGGRESSIVE,MODERATE,TQQQ,TQQQ,False,False,12,,,,
A-RVol v3 (NASDAQ 2-State Cash),2013-07-12,MODERATE,AGGRESSIVE,TQQQ,TQQQ,False,False,67,,,,
A-RVol v3 (NASDAQ 2-State Cash),2013-10-16,AGGRESSIVE,MODERATE,TQQQ,TQQQ,False,False,9,,,,
A-RVol v3 (NASDAQ 2-State Cash),2013-10-29,MODERATE,AGGRESSIVE,TQQQ,TQQQ,False,False,59,,,,
A-RVol v3 (NASDAQ 2-State Cash),2014-01-24,AGGRESSIVE,MODERATE,TQQQ,TQQQ,False,False,4,,,,
A-RVol v3 (NASDAQ 2-State Cash),2014-01-30,MODERATE,DEFENSIVE,TQQQ,CASH,True,False,17,-0.0036055774828901432,,-0.05352890565491231,83.84964315444617
A-RVol v3 (NASDAQ 2-State Cash),2014-02-25,DEFENSIVE,MODERATE,CASH,TQQQ,True,True,1,,0.0,,
A-RVol v3 (NASDAQ 2-State Cash),2014-02-26,MODERATE,AGGRESSIVE,TQQQ,TQQQ,False,False,24,,,,
A-RVol v3 (NASDAQ 2-State Cash),2014-04-01,AGGRESSIVE,MODERATE,TQQQ,TQQQ,False,False,3,,,,
A-RVol v3 (NASDAQ 2-State Cash),2014-04-04,MODERATE,DEFENSIVE,TQQQ,CASH,True,False,19,-0.0049390453706007476,,-0.03706187011095441,82.37226416440426
A-RVol v3 (NASDAQ 2-State Cash),2014-05-02,DEFENSIVE,MODERATE,CASH,TQQQ,True,False,10,,0.038488319197854226,,73.3165461381171
A-RVol v3 (NASDAQ 2-State Cash),2014-05-16,MODERATE,AGGRESSIVE,TQQQ,TQQQ,False,False,97,,,,
A-RVol v3 (NASDAQ 2-State Cash),2014-10-03,AGGRESSIVE,MODERATE,TQQQ,TQQQ,False,False,3,,,,
A-RVol v3 (NASDAQ 2-State Cash),2014-10-08,MODERATE,DEFENSIVE,TQQQ,CASH,True,False,23,0.005475170602889934,,0.0,80.0
A-RVol v3 (NASDAQ 2-State Cash),2014-11-10,DEFENSIVE,MODERATE,CASH,TQQQ,True,True,1,,0.0,,
A-RVol v3 (NASDAQ 2-State Cash),2014-11-11,MODERATE,AGGRESSIVE,TQQQ,TQQQ,False,False,26,,,,
A-RVol v3 (NASDAQ 2-State Cash),2014-12-18,AGGRESSIVE,MODERATE,TQQQ,TQQQ,False,False,1,,,,
A-RVol v3 (NASDAQ 2-State Cash),2014-12-19,MODERATE,DEFENSIVE,TQQQ,CASH,True,False,39,0.004292965342373112,,-0.05919479995669952,84.73558399653596
A-RVol v3 (NASDAQ 2-State Cash),2015-02-18,DEFENSIVE,MODERATE,CASH,TQQQ,True,True,1,,0.0,,
A-RVol v3 (NASDAQ 2-State Cash),2015-02-19,MODERATE,AGGRESSIVE,TQQQ,TQQQ,False,False,52,,,,
A-RVol v3 (NASDAQ 2-State Cash),2015-05-05,AGGRESSIVE,MODERATE,TQQQ,TQQQ,False,False,19,,,,
A-RVol v3 (NASDAQ 2-State Cash),2015-06-02,MODERATE,AGGRESSIVE,TQQQ,TQQQ,False,False,28,,,,
A-RVol v3 (NASDAQ 2-State Cash),2015-07-13,AGGRESSIVE,MODERATE,TQQQ,TQQQ,False,False,29,,,,
A-RVol v3 (NASDAQ 2-State Cash),2015-08-21,MODERATE,DEFENSIVE,TQQQ,CASH,True,True,3,-0.22771753984963472,,-0.056830393823458114,57.22032672392048
A-RVol v3 (NASDAQ 2-State Cash),2015-08-26,DEFENSIVE,MODERATE,CASH,TQQQ,True,True,1,,0.0,,
A-RVol v3 (NASDAQ 2-State Cash),2015-08-27,MODERATE,DEFENSIVE,TQQQ,CASH,True,False,36,0.017927091565181907,,-0.03239735606843319,82.59178848547465
A-RVol v3 (NASDAQ 2-State Cash),2015-10-19,DEFENSIVE,MODERATE,CASH,TQQQ,True,False,35,,0.03348208716834011,,89.20500468792576
A-RVol v3 (NASDAQ 2-State Cash),2015-12-08,MODERATE,DEFENSIVE,TQQQ,CASH,True,True,1,-0.062169668231645714,,-0.21928929000168484,90.0827830123373
A-RVol v3 (NASDAQ 2-State Cash),2015-12-09,DEFENSIVE,MODERATE,CASH,TQQQ,True,True,2,,0.0,,
A-RVol v3 (NASDAQ 2-State Cash),2015-12-11,MODERATE,DEFENSIVE,TQQQ,CASH,True,True,1,-0.09421568222860266,,-0.24526821863348813,88.31557562324673
A-RVol v3 (NASDAQ 2-State Cash),2015-12-14,DEFENSIVE,MODERATE,CASH,TQQQ,True,False,13,,0.03972786480799306,,81.37452275535135
A-RVol v3 (NASDAQ 2-State Cash),2016-01-04,MODERATE,DEFENSIVE,TQQQ,CASH,True,False,18,-0.008365360392361798,,-0.21567324005792476,96.25001595755056
A-RVol v3 (NASDAQ 2-State Cash),2016-01-29,DEFENSIVE,MODERATE,CASH,TQQQ,True,True,1,,0.0,,
A-RVol v3 (NASDAQ 2-State Cash),2016-02-01,MODERATE,DEFENSIVE,TQQQ,CASH,True,False,26,-0.030048504694468625,,-0.0037751372116485715,76.69619041359564
A-RVol v3 (NASDAQ 2-State Cash),2016-03-09,DEFENSIVE,MODERATE,CASH,TQQQ,True,False,14,,0.0037894428784703837,,85.9587882919672
A-RVol v3 (NASDAQ 2-State Cash),2016-03-30,MODERATE,AGGRESSIVE,TQQQ,TQQQ,False,False,61,,,,
A-RVol v3 (NASDAQ 2-State Cash),2016-06-24,AGGRESSIVE,MODERATE,TQQQ,TQQQ,False,False,1,,,,
A-RVol v3 (NASDAQ 2-State Cash),2016-06-27,MODERATE,DEFENSIVE,TQQQ,CASH,True,True,4,-0.02942302869322888,,-0.01771838624702471,77.88670745657451
A-RVol v3 (NASDAQ 2-State Cash),2016-07-01,DEFENSIVE,MODERATE,CASH,TQQQ,True,False,11,,0.01803799032675424,,88.01159341898546
A-RVol v3 (NASDAQ 2-State Cash),2016-07-19,MODERATE,AGGRESSIVE,TQQQ,TQQQ,False,False,220,,,,
A-RVol v3 (NASDAQ 2-State Cash),2017-06-02,AGGRESSIVE,MODERATE,TQQQ,TQQQ,False,False,4,,,,
A-RVol v3 (NASDAQ 2-State Cash),2017-06-08,MODERATE,AGGRESSIVE,TQQQ,TQQQ,False,False,1,,,,
A-RVol v3 (NASDAQ 2-State Cash),2017-06-09,AGGRESSIVE,MODERATE,TQQQ,TQQQ,False,False,6,,,,
A-RVol v3 (NASDAQ 2-State Cash),2017-06-19,MODERATE,DEFENSIVE,TQQQ,CASH,True,False,23,-0.0015144824794239842,,-0.06683978687700587,85.1654450526296
A-RVol v3 (NASDAQ 2-State Cash),2017-07-21,DEFENSIVE,MODERATE,CASH,TQQQ,True,True,2,,0.0,,
A-RVol v3 (NASDAQ 2-State Cash),2017-07-25,MODERATE,AGGRESSIVE,TQQQ,TQQQ,False,False,17,,,,
A-RVol v3 (NASDAQ 2-State Cash),2017-08-17,AGGRESSIVE,MODERATE,TQQQ,TQQQ,False,False,1,,,,
A-RVol v3 (NASDAQ 2-State Cash),2017-08-18,MODERATE,DEFENSIVE,TQQQ,CASH,True,False,14,-0.0373256731081999,,-0.025098827601127582,77.52882543510623
A-RVol v3 (NASDAQ 2-State Cash),2017-09-08,DEFENSIVE,MODERATE,CASH,TQQQ,True,False,10,,0.0,,82.8427273008335
A-RVol v3 (NASDAQ 2-State Cash),2017-09-22,MODERATE,AGGRESSIVE,TQQQ,TQQQ,False,False,25,,,,
A-RVol v3 (NASDAQ 2-State Cash),2017-10-27,AGGRESSIVE,MODERATE,TQQQ,TQQQ,False,False,15,,,,
A-RVol v3 (NASDAQ 2-State Cash),2017-11-17,MODERATE,AGGRESSIVE,TQQQ,TQQQ,False,False,10,,,,
A-RVol v3 (NASDAQ 2-State Cash),2017-12-04,AGGRESSIVE,MODERATE,TQQQ,TQQQ,False,False,15,,,,
A-RVol v3 (NASDAQ 2-State Cash),2017-12-26,MODERATE,AGGRESSIVE,TQQQ,TQQQ,False,False,26,,,,
A-RVol v3 (NASDAQ 2-State Cash),2018-02-02,AGGRESSIVE,MODERATE,TQQQ,TQQQ,False,False,1,,,,
A-RVol v3 (NASDAQ 2-State Cash),2018-02-05,MODERATE,DEFENSIVE,TQQQ,CASH,True,False,69,-0.03234858457965084,,-0.009207467554657067,76.85476725481448
A-RVol v3 (NASDAQ 2-State Cash),2018-05-15,DEFENSIVE,MODERATE,CASH,TQQQ,True,True,2,,0.0,,
A-RVol v3 (NASDAQ 2-State Cash),2018-05-17,MODERATE,AGGRESSIVE,TQQQ,TQQQ,False,False,38,,,,
A-RVol v3 (NASDAQ 2-State Cash),2018-07-12,AGGRESSIVE,MODERATE,TQQQ,TQQQ,False,False,5,,,,
A-RVol v3 (NASDAQ 2-State Cash),2018-07-19,MODERATE,AGGRESSIVE,TQQQ,TQQQ,False,False,58,,,,
A-RVol v3 (NASDAQ 2-State Cash),2018-10-10,AGGRESSIVE,MODERATE,TQQQ,TQQQ,False,False,1,,,,
A-RVol v3 (NASDAQ 2-State Cash),2018-10-11,MODERATE,DEFENSIVE,TQQQ,CASH,True,False,10,-0.11355797129217027,,-0.21412657308717165,83.50316929191331
A-RVol v3 (NASDAQ 2-State Cash),2018-10-25,DEFENSIVE,MODERATE,CASH,TQQQ,True,True,1,,0.0,,
A-RVol v3 (NASDAQ 2-State Cash),2018-10-26,MODERATE,DEFENSIVE,TQQQ,CASH,True,False,63,0.0026718076791503176,,0.0,80.0
A-RVol v3 (NASDAQ 2-State Cash),2019-01-30,DEFENSIVE,MODERATE,CASH,TQQQ,True,False,31,,0.0,,90.6773492611886
A-RVol v3 (NASDAQ 2-State Cash),2019-03-15,MODERATE,AGGRESSIVE,TQQQ,TQQQ,False,False,40,,,,
A-RVol v3 (NASDAQ 2-State Cash),2019-05-13,AGGRESSIVE,MODERATE,TQQQ,TQQQ,False,False,9,,,,
A-RVol v3 (NASDAQ 2-State Cash),2019-05-24,MODERATE,DEFENSIVE,TQQQ,CASH,True,False,7,-0.09779390727999848,,0.0,68.26473112640019
A-RVol v3 (NASDAQ 2-State Cash),2019-06-05,DEFENSIVE,MODERATE,CASH,TQQQ,True,False,17,,0.0,,95.40237722617019
A-RVol v3 (NASDAQ 2-State Cash),2019-06-28,MODERATE,AGGRESSIVE,TQQQ,TQQQ,False,False,25,,,,
A-RVol v3 (NASDAQ 2-State Cash),2019-08-05,AGGRESSIVE,MODERATE,TQQQ,TQQQ,False,False,9,,,,
A-RVol v3 (NASDAQ 2-State Cash),2019-08-16,MODERATE,DEFENSIVE,TQQQ,CASH,True,False,13,0.04161296854439245,,-0.11644493125841249,89.315594500673
A-RVol v3 (NASDAQ 2-State Cash),2019-09-05,DEFENSIVE,MODERATE,CASH,TQQQ,True,False,7,,0.017648989049943165,,79.61639314340374
A-RVol v3 (NASDAQ 2-State Cash),2019-09-16,MODERATE,AGGRESSIVE,TQQQ,TQQQ,False,False,19,,,,
A-RVol v3 (NASDAQ 2-State Cash),2019-10-11,AGGRESSIVE,MODERATE,TQQQ,TQQQ,False,False,10,,,,
A-RVol v3 (NASDAQ 2-State Cash),2019-10-25,MODERATE,AGGRESSIVE,TQQQ,TQQQ,False,False,68,,,,
A-RVol v3 (NASDAQ 2-State Cash),2020-02-04,AGGRESSIVE,MODERATE,TQQQ,TQQQ,False,False,13,,,,
A-RVol v3 (NASDAQ 2-State Cash),2020-02-24,MODERATE,DEFENSIVE,TQQQ,CASH,True,False,61,0.05044751594214092,,-0.03074086766070272,82.45926941285622
A-RVol v3 (NASDAQ 2-State Cash),2020-05-20,DEFENSIVE,MODERATE,CASH,TQQQ,True,False,14,,0.031715840104090676,,80.00642145138715
A-RVol v3 (NASDAQ 2-State Cash),2020-06-10,MODERATE,AGGRESSIVE,TQQQ,TQQQ,False,False,1,,,,
A-RVol v3 (NASDAQ 2-State Cash),2020-06-11,AGGRESSIVE,MODERATE,TQQQ,TQQQ,False,False,12,,,,
A-RVol v3 (NASDAQ 2-State Cash),2020-06-29,MODERATE,DEFENSIVE,TQQQ,CASH,True,True,3,0.021257850062920358,,0.0,80.0
A-RVol v3 (NASDAQ 2-State Cash),2020-07-02,DEFENSIVE,MODERATE,CASH,TQQQ,True,True,1,,0.0,,
A-RVol v3 (NASDAQ 2-State Cash),2020-07-06,MODERATE,DEFENSIVE,TQQQ,CASH,True,True,1,-0.019660843804087946,,-0.022171228983901448,79.41439706222157
A-RVol v3 (NASDAQ 2-State Cash),2020-07-07,DEFENSIVE,MODERATE,CASH,TQQQ,True,False,40,,0.022673938056519294,,89.5992829324684
A-RVol v3 (NASDAQ 2-State Cash),2020-09-01,MODERATE,AGGRESSIVE,TQQQ,TQQQ,False,False,2,,,,
A-RVol v3 (NASDAQ 2-State Cash),2020-09-03,AGGRESSIVE,MODERATE,TQQQ,TQQQ,False,False,3,,,,
A-RVol v3 (NASDAQ 2-State Cash),2020-09-09,MODERATE,DEFENSIVE,TQQQ,CASH,True,False,32,-0.09709617744259047,,-0.15685573883772197,80.8969178139069
A-RVol v3 (NASDAQ 2-State Cash),2020-10-23,DEFENSIVE,MODERATE,CASH,TQQQ,True,False,27,,0.18603665595908314,,64.6246259413976
A-RVol v3 (NASDAQ 2-State Cash),2020-12-02,MODERATE,AGGRESSIVE,TQQQ,TQQQ,False,False,31,,,,
A-RVol v3 (NASDAQ 2-State Cash),2021-01-19,AGGRESSIVE,MODERATE,TQQQ,TQQQ,False,False,31,,,,
A-RVol v3 (NASDAQ 2-State Cash),2021-03-04,MODERATE,DEFENSIVE,TQQQ,CASH,True,True,3,-0.1276618497801263,,-0.008525929148889277,65.36265235829599
A-RVol v3 (NASDAQ 2-State Cash),2021-03-09,DEFENSIVE,MODERATE,CASH,TQQQ,True,True,2,,0.008599245708534209,,
A-RVol v3 (NASDAQ 2-State Cash),2021-03-11,MODERATE,DEFENSIVE,TQQQ,CASH,True,False,13,-0.0710485033878957,,0.0,71.47417959345252
A-RVol v3 (NASDAQ 2-State Cash),2021-03-30,DEFENSIVE,MODERATE,CASH,TQQQ,True,False,26,,0.0,,99.50081015411303
A-RVol v3 (NASDAQ 2-State Cash),2021-05-06,MODERATE,AGGRESSIVE,TQQQ,TQQQ,False,False,4,,,,
A-RVol v3 (NASDAQ 2-State Cash),2021-05-12,AGGRESSIVE,MODERATE,TQQQ,TQQQ,False,False,18,,,,
A-RVol v3 (NASDAQ 2-State Cash),2021-06-08,MODERATE,AGGRESSIVE,TQQQ,TQQQ,False,False,82,,,,
A-RVol v3 (NASDAQ 2-State Cash),2021-10-04,AGGRESSIVE,MODERATE,TQQQ,TQQQ,False,False,15,,,,
A-RVol v3 (NASDAQ 2-State Cash),2021-10-25,MODERATE,AGGRESSIVE,TQQQ,TQQQ,False,False,26,,,,
A-RVol v3 (NASDAQ 2-State Cash),2021-12-01,AGGRESSIVE,MODERATE,TQQQ,TQQQ,False,False,4,,,,
A-RVol v3 (NASDAQ 2-State Cash),2021-12-07,MODERATE,DEFENSIVE,TQQQ,CASH,True,False,173,-0.006428331882775473,,-0.3312630257554282,99.22860017406694
A-RVol v3 (NASDAQ 2-State Cash),2022-08-16,DEFENSIVE,MODERATE,CASH,TQQQ,True,True,4,,0.09306951121725393,,
A-RVol v3 (NASDAQ 2-State Cash),2022-08-22,MODERATE,DEFENSIVE,TQQQ,CASH,True,False,72,-0.01181946291138658,,-0.30611382221451466,98.58166445063361
A-RVol v3 (NASDAQ 2-State Cash),2022-12-02,DEFENSIVE,MODERATE,CASH,TQQQ,True,True,1,,0.0,,
A-RVol v3 (NASDAQ 2-State Cash),2022-12-05,MODERATE,DEFENSIVE,TQQQ,CASH,True,False,24,0.026651792426456655,,0.0,80.0
A-RVol v3 (NASDAQ 2-State Cash),2023-01-10,DEFENSIVE,MODERATE,CASH,TQQQ,True,False,69,,0.0,,100.0
A-RVol v3 (NASDAQ 2-State Cash),2023-04-20,MODERATE,AGGRESSIVE,TQQQ,TQQQ,False,False,13,,,,
A-RVol v3 (NASDAQ 2-State Cash),2023-05-09,AGGRESSIVE,MODERATE,TQQQ,TQQQ,False,False,28,,,,
A-RVol v3 (NASDAQ 2-State Cash),2023-06-20,MODERATE,AGGRESSIVE,TQQQ,TQQQ,False,False,5,,,,
A-RVol v3 (NASDAQ 2-State Cash),2023-06-27,AGGRESSIVE,MODERATE,TQQQ,TQQQ,False,False,14,,,,
A-RVol v3 (NASDAQ 2-State Cash),2023-07-18,MODERATE,AGGRESSIVE,TQQQ,TQQQ,False,False,11,,,,
A-RVol v3 (NASDAQ 2-State Cash),2023-08-02,AGGRESSIVE,MODERATE,TQQQ,TQQQ,False,False,12,,,,
A-RVol v3 (NASDAQ 2-State Cash),2023-08-18,MODERATE,AGGRESSIVE,TQQQ,TQQQ,False,False,7,,,,
A-RVol v3 (NASDAQ 2-State Cash),2023-08-29,AGGRESSIVE,MODERATE,TQQQ,TQQQ,False,False,15,,,,
A-RVol v3 (NASDAQ 2-State Cash),2023-09-20,MODERATE,AGGRESSIVE,TQQQ,TQQQ,False,False,25,,,,
A-RVol v3 (NASDAQ 2-State Cash),2023-10-25,AGGRESSIVE,MODERATE,TQQQ,TQQQ,False,False,26,,,,
A-RVol v3 (NASDAQ 2-State Cash),2023-12-01,MODERATE,AGGRESSIVE,TQQQ,TQQQ,False,False,55,,,,
A-RVol v3 (NASDAQ 2-State Cash),2024-02-22,AGGRESSIVE,MODERATE,TQQQ,TQQQ,False,False,25,,,,
A-RVol v3 (NASDAQ 2-State Cash),2024-03-28,MODERATE,AGGRESSIVE,TQQQ,TQQQ,False,False,16,,,,
A-RVol v3 (NASDAQ 2-State Cash),2024-04-22,AGGRESSIVE,MODERATE,TQQQ,TQQQ,False,False,21,,,,
A-RVol v3 (NASDAQ 2-State Cash),2024-05-21,MODERATE,AGGRESSIVE,TQQQ,TQQQ,False,False,38,,,,
A-RVol v3 (NASDAQ 2-State Cash),2024-07-17,AGGRESSIVE,MODERATE,TQQQ,TQQQ,False,False,5,,,,
A-RVol v3 (NASDAQ 2-State Cash),2024-07-24,MODERATE,DEFENSIVE,TQQQ,CASH,True,False,46,-0.01721539856075116,,-0.03489516755825772,80.72576557737048
A-RVol v3 (NASDAQ 2-State Cash),2024-09-27,DEFENSIVE,MODERATE,CASH,TQQQ,True,True,3,,0.036156867508343016,,
A-RVol v3 (NASDAQ 2-State Cash),2024-10-02,MODERATE,AGGRESSIVE,TQQQ,TQQQ,False,False,25,,,,
A-RVol v3 (NASDAQ 2-State Cash),2024-11-06,AGGRESSIVE,MODERATE,TQQQ,TQQQ,False,False,15,,,,
A-RVol v3 (NASDAQ 2-State Cash),2024-11-27,MODERATE,AGGRESSIVE,TQQQ,TQQQ,False,False,14,,,,
A-RVol v3 (NASDAQ 2-State Cash),2024-12-18,AGGRESSIVE,MODERATE,TQQQ,TQQQ,False,False,39,,,,
A-RVol v3 (NASDAQ 2-State Cash),2025-02-18,MODERATE,AGGRESSIVE,TQQQ,TQQQ,False,False,7,,,,
A-RVol v3 (NASDAQ 2-State Cash),2025-02-27,AGGRESSIVE,MODERATE,TQQQ,TQQQ,False,False,2,,,,
A-RVol v3 (NASDAQ 2-State Cash),2025-03-03,MODERATE,DEFENSIVE,TQQQ,CASH,True,False,10,-0.12387162570862076,,-0.3816014499306901,85.1354049149655
A-RVol v3 (NASDAQ 2-State Cash),2025-03-17,DEFENSIVE,MODERATE,CASH,TQQQ,True,True,1,,0.0,,
A-RVol v3 (NASDAQ 2-State Cash),2025-03-18,MODERATE,DEFENSIVE,TQQQ,CASH,True,False,36,-0.005384467026430251,,-0.002368489768588722,79.54334313831546
A-RVol v3 (NASDAQ 2-State Cash),2025-05-08,DEFENSIVE,MODERATE,CASH,TQQQ,True,False,18,,0.002374112830537234,,95.23869987420923
A-RVol v3 (NASDAQ 2-State Cash),2025-06-04,MODERATE,AGGRESSIVE,TQQQ,TQQQ,False,False,90,,,,
A-RVol v3 (NASDAQ 2-State Cash),2025-10-13,AGGRESSIVE,MODERATE,TQQQ,TQQQ,False,False,28,,,,
A-RVol v3 (NASDAQ 2-State Cash),2025-11-20,MODERATE,DEFENSIVE,TQQQ,CASH,True,True,3,-0.06942205922739275,,-0.05018266323542908,75.6839659515472
A-RVol v3 (NASDAQ 2-State Cash),2025-11-25,DEFENSIVE,MODERATE,CASH,TQQQ,True,False,14,,0.0,,87.1370905381449
A-RVol v3 (NASDAQ 2-State Cash),2025-12-16,MODERATE,AGGRESSIVE,TQQQ,TQQQ,False,False,35,,,,
A-RVol v3 (NASDAQ 2-State Cash),2026-02-06,AGGRESSIVE,MODERATE,TQQQ,TQQQ,False,False,34,,,,
A-RVol v3 (NASDAQ 2-State Cash),2026-03-27,MODERATE,DEFENSIVE,TQQQ,CASH,True,False,15,-0.0087045358071699,,-0.011708025931563726,79.8920977776647
A-RVol v3 (NASDAQ 2-State Cash),2026-04-20,DEFENSIVE,MODERATE,CASH,TQQQ,True,False,31,,0.011846727726995576,,98.57839267276053
A-RVol v3 (NASDAQ 2-State Cash),2026-06-03,MODERATE,AGGRESSIVE,TQQQ,TQQQ,False,False,2,,,,
A-RVol v3 (NASDAQ 2-State Cash),2026-06-05,AGGRESSIVE,MODERATE,TQQQ,TQQQ,False,False,1,,,,
A-RVol v3 (NASDAQ 2-State Cash),2026-06-08,MODERATE,DEFENSIVE,TQQQ,CASH,True,False,34,-0.17941876662344525,,-0.06189085913426384,63.42101673592767
A-RVol v3 (NASDAQ 2-State Cash),2026-07-28,DEFENSIVE,MODERATE,CASH,TQQQ,True,True,1,,0.0,,
A-RVol v3 (NASDAQ 2-State Cash),2026-07-29,MODERATE,DEFENSIVE,TQQQ,CASH,True,True,4,0.0483395938830109,,-0.03728950717563162,82.98316057405053
A-RVol v3 (NASDAQ 2-State Cash),2026-08-04,DEFENSIVE,MODERATE,CASH,TQQQ,True,True,1,,0.0,,
A-RVol v3 (NASDAQ 2-State Cash),2026-08-05,MODERATE,DEFENSIVE,TQQQ,CASH,True,False,8,,,,
A-RVol v3 (NASDAQ 2-State SQQQ),1993-02-16,AGGRESSIVE,MODERATE,TQQQ,TQQQ,False,False,1,,,,
A-RVol v3 (NASDAQ 2-State SQQQ),1993-02-17,MODERATE,DEFENSIVE,TQQQ,SQQQ,True,False,6,-0.13353979999244625,,-0.04010018437123064,67.1832387506049
A-RVol v3 (NASDAQ 2-State SQQQ),1993-02-25,DEFENSIVE,MODERATE,SQQQ,TQQQ,True,True,3,,0.023050034808925757,,
A-RVol v3 (NASDAQ 2-State SQQQ),1993-03-02,MODERATE,DEFENSIVE,TQQQ,SQQQ,True,False,200,-0.1385690113732324,,0.0,63.37171863521211
A-RVol v3 (NASDAQ 2-State SQQQ),1993-12-14,DEFENSIVE,MODERATE,SQQQ,TQQQ,True,False,6,,0.0,,83.4527332999908
A-RVol v3 (NASDAQ 2-State SQQQ),1993-12-22,MODERATE,AGGRESSIVE,TQQQ,TQQQ,False,False,70,,,,
A-RVol v3 (NASDAQ 2-State SQQQ),1994-04-04,AGGRESSIVE,MODERATE,TQQQ,TQQQ,False,False,1,,,,
A-RVol v3 (NASDAQ 2-State SQQQ),1994-04-05,MODERATE,DEFENSIVE,TQQQ,SQQQ,True,False,29,-0.13896270783456433,,0.0,63.32447505985228
A-RVol v3 (NASDAQ 2-State SQQQ),1994-05-17,DEFENSIVE,MODERATE,SQQQ,TQQQ,True,False,27,,0.0,,92.46053289212571
A-RVol v3 (NASDAQ 2-State SQQQ),1994-06-24,MODERATE,DEFENSIVE,TQQQ,SQQQ,True,False,14,-0.0162576004002154,,-0.06374475828618376,83.14866861486885
A-RVol v3 (NASDAQ 2-State SQQQ),1994-07-15,DEFENSIVE,MODERATE,SQQQ,TQQQ,True,False,28,,0.06808480790932503,,77.27912085137703
A-RVol v3 (NASDAQ 2-State SQQQ),1994-08-24,MODERATE,AGGRESSIVE,TQQQ,TQQQ,False,False,15,,,,
A-RVol v3 (NASDAQ 2-State SQQQ),1994-09-15,AGGRESSIVE,MODERATE,TQQQ,TQQQ,False,False,31,,,,
A-RVol v3 (NASDAQ 2-State SQQQ),1994-10-28,MODERATE,AGGRESSIVE,TQQQ,TQQQ,False,False,17,,,,
A-RVol v3 (NASDAQ 2-State SQQQ),1994-11-22,AGGRESSIVE,MODERATE,TQQQ,TQQQ,False,False,35,,,,
A-RVol v3 (NASDAQ 2-State SQQQ),1995-01-13,MODERATE,AGGRESSIVE,TQQQ,TQQQ,False,False,94,,,,
A-RVol v3 (NASDAQ 2-State SQQQ),1995-05-30,AGGRESSIVE,MODERATE,TQQQ,TQQQ,False,False,15,,,,
A-RVol v3 (NASDAQ 2-State SQQQ),1995-06-20,MODERATE,AGGRESSIVE,TQQQ,TQQQ,False,False,5,,,,
A-RVol v3 (NASDAQ 2-State SQQQ),1995-06-27,AGGRESSIVE,MODERATE,TQQQ,TQQQ,False,False,9,,,,
A-RVol v3 (NASDAQ 2-State SQQQ),1995-07-11,MODERATE,DEFENSIVE,TQQQ,SQQQ,True,False,54,-0.1351956562703236,,-0.18031976901099311,78.20210276844062
A-RVol v3 (NASDAQ 2-State SQQQ),1995-09-26,DEFENSIVE,MODERATE,SQQQ,TQQQ,True,False,6,,0.048969561236433146,,70.38897335903064
A-RVol v3 (NASDAQ 2-State SQQQ),1995-10-04,MODERATE,DEFENSIVE,TQQQ,SQQQ,True,True,5,-0.16327095121343105,,0.0,60.40748585438827
A-RVol v3 (NASDAQ 2-State SQQQ),1995-10-11,DEFENSIVE,MODERATE,SQQQ,TQQQ,True,True,1,,0.0,,
A-RVol v3 (NASDAQ 2-State SQQQ),1995-10-12,MODERATE,DEFENSIVE,TQQQ,SQQQ,True,False,79,0.0665901307247474,,-0.08285443401862413,86.62835472148993
A-RVol v3 (NASDAQ 2-State SQQQ),1996-02-05,DEFENSIVE,MODERATE,SQQQ,TQQQ,True,False,47,,0.09033945874226323,,72.77064814210533
A-RVol v3 (NASDAQ 2-State SQQQ),1996-04-12,MODERATE,AGGRESSIVE,TQQQ,TQQQ,False,False,14,,,,
A-RVol v3 (NASDAQ 2-State SQQQ),1996-05-02,AGGRESSIVE,MODERATE,TQQQ,TQQQ,False,False,15,,,,
A-RVol v3 (NASDAQ 2-State SQQQ),1996-05-23,MODERATE,AGGRESSIVE,TQQQ,TQQQ,False,False,26,,,,
A-RVol v3 (NASDAQ 2-State SQQQ),1996-07-01,AGGRESSIVE,MODERATE,TQQQ,TQQQ,False,False,3,,,,
A-RVol v3 (NASDAQ 2-State SQQQ),1996-07-05,MODERATE,DEFENSIVE,TQQQ,SQQQ,True,False,8,-0.21655175736124166,,-0.15741499912771062,66.60698904686785
A-RVol v3 (NASDAQ 2-State SQQQ),1996-07-17,DEFENSIVE,MODERATE,SQQQ,TQQQ,True,True,4,,0.03964957938044611,,
A-RVol v3 (NASDAQ 2-State SQQQ),1996-07-23,MODERATE,DEFENSIVE,TQQQ,SQQQ,True,True,3,-0.060421504315858576,,-0.0615090579374602,77.67014411709378
A-RVol v3 (NASDAQ 2-State SQQQ),1996-07-26,DEFENSIVE,MODERATE,SQQQ,TQQQ,True,True,1,,0.0,,
A-RVol v3 (NASDAQ 2-State SQQQ),1996-07-29,MODERATE,DEFENSIVE,TQQQ,SQQQ,True,False,11,-0.05993076428656641,,-0.08638379718643252,79.71901206052664
A-RVol v3 (NASDAQ 2-State SQQQ),1996-08-13,DEFENSIVE,MODERATE,SQQQ,TQQQ,True,False,143,,0.09455151618415436,,71.62172627704312
A-RVol v3 (NASDAQ 2-State SQQQ),1997-03-07,MODERATE,DEFENSIVE,TQQQ,SQQQ,True,False,13,-0.03200883613557992,,-0.17612639412044961,90.24905119336637
A-RVol v3 (NASDAQ 2-State SQQQ),1997-03-26,DEFENSIVE,MODERATE,SQQQ,TQQQ,True,True,2,,0.06018137520690359,,
A-RVol v3 (NASDAQ 2-State SQQQ),1997-03-31,MODERATE,DEFENSIVE,TQQQ,SQQQ,True,True,4,-0.052845342782327,,-0.12050136369065179,83.2986679613729
A-RVol v3 (NASDAQ 2-State SQQQ),1997-04-04,DEFENSIVE,MODERATE,SQQQ,TQQQ,True,True,5,,0.038038681921886086,,
A-RVol v3 (NASDAQ 2-State SQQQ),1997-04-11,MODERATE,DEFENSIVE,TQQQ,SQQQ,True,False,30,0.025537894231099756,,-0.1203713318943197,89.62970655154558
A-RVol v3 (NASDAQ 2-State SQQQ),1997-05-23,DEFENSIVE,MODERATE,SQQQ,TQQQ,True,False,107,,0.13684334794765696,,64.29212000527441
A-RVol v3 (NASDAQ 2-State SQQQ),1997-10-24,MODERATE,DEFENSIVE,TQQQ,SQQQ,True,True,2,-0.24354348208557064,,-0.19350102191144147,66.25486390264683
A-RVol v3 (NASDAQ 2-State SQQQ),1997-10-28,DEFENSIVE,MODERATE,SQQQ,TQQQ,True,True,1,,0.0,,
A-RVol v3 (NASDAQ 2-State SQQQ),1997-10-29,MODERATE,DEFENSIVE,TQQQ,SQQQ,True,False,46,-0.033342129597695225,,-0.14831228772310012,87.86392746612458
A-RVol v3 (NASDAQ 2-State SQQQ),1998-01-06,DEFENSIVE,MODERATE,SQQQ,TQQQ,True,False,58,,0.17413928319642236,,79.10328601642931
A-RVol v3 (NASDAQ 2-State SQQQ),1998-03-31,MODERATE,AGGRESSIVE,TQQQ,TQQQ,False,False,5,,,,
A-RVol v3 (NASDAQ 2-State SQQQ),1998-04-07,AGGRESSIVE,MODERATE,TQQQ,TQQQ,False,False,99,,,,
A-RVol v3 (NASDAQ 2-State SQQQ),1998-08-27,MODERATE,DEFENSIVE,TQQQ,SQQQ,True,True,3,-0.39127520679511674,,-0.025622896031407216,35.09680686709857
A-RVol v3 (NASDAQ 2-State SQQQ),1998-09-01,DEFENSIVE,MODERATE,SQQQ,TQQQ,True,True,1,,0.0,,
A-RVol v3 (NASDAQ 2-State SQQQ),1998-09-02,MODERATE,DEFENSIVE,TQQQ,SQQQ,True,False,48,0.019655087514817593,,-0.026389227873777843,82.11113822990222
A-RVol v3 (NASDAQ 2-State SQQQ),1998-11-10,DEFENSIVE,MODERATE,SQQQ,TQQQ,True,False,17,,0.02710449455704733,,93.84495078610274
A-RVol v3 (NASDAQ 2-State SQQQ),1998-12-04,MODERATE,DEFENSIVE,TQQQ,SQQQ,True,False,21,0.09563822637049757,,-0.09304945543168353,87.44395643453468
A-RVol v3 (NASDAQ 2-State SQQQ),1999-01-06,DEFENSIVE,MODERATE,SQQQ,TQQQ,True,False,13,,0.10259595298657942,,65.83330087125866
A-RVol v3 (NASDAQ 2-State SQQQ),1999-01-26,MODERATE,DEFENSIVE,TQQQ,SQQQ,True,False,113,0.03218928294844203,,-0.22541935639816568,98.03354851185327
A-RVol v3 (NASDAQ 2-State SQQQ),1999-07-08,DEFENSIVE,MODERATE,SQQQ,TQQQ,True,False,70,,0.2910211586878233,,50.41872440272559
A-RVol v3 (NASDAQ 2-State SQQQ),1999-10-15,MODERATE,DEFENSIVE,TQQQ,SQQQ,True,False,15,0.057861379373630895,,0.0,80.0
A-RVol v3 (NASDAQ 2-State SQQQ),1999-11-05,DEFENSIVE,MODERATE,SQQQ,TQQQ,True,False,40,,0.0,,100.0
A-RVol v3 (NASDAQ 2-State SQQQ),2000-01-04,MODERATE,DEFENSIVE,TQQQ,SQQQ,True,False,162,0.039929505738220294,,-0.27607457356038645,100.0
A-RVol v3 (NASDAQ 2-State SQQQ),2000-08-24,DEFENSIVE,MODERATE,SQQQ,TQQQ,True,False,17,,0.38135775243890446,,41.806245798610746
A-RVol v3 (NASDAQ 2-State SQQQ),2000-09-19,MODERATE,DEFENSIVE,TQQQ,SQQQ,True,False,647,0.051609766871538953,,-0.053846281356629055,84.30770250853033
A-RVol v3 (NASDAQ 2-State SQQQ),2003-04-22,DEFENSIVE,MODERATE,SQQQ,TQQQ,True,False,89,,0.05691071154255534,,83.94162956274052
A-RVol v3 (NASDAQ 2-State SQQQ),2003-08-27,MODERATE,AGGRESSIVE,TQQQ,TQQQ,False,False,13,,,,
A-RVol v3 (NASDAQ 2-State SQQQ),2003-09-16,AGGRESSIVE,MODERATE,TQQQ,TQQQ,False,False,78,,,,
A-RVol v3 (NASDAQ 2-State SQQQ),2004-01-07,MODERATE,AGGRESSIVE,TQQQ,TQQQ,False,False,24,,,,
A-RVol v3 (NASDAQ 2-State SQQQ),2004-02-11,AGGRESSIVE,MODERATE,TQQQ,TQQQ,False,False,12,,,,
A-RVol v3 (NASDAQ 2-State SQQQ),2004-03-01,MODERATE,AGGRESSIVE,TQQQ,TQQQ,False,False,10,,,,
A-RVol v3 (NASDAQ 2-State SQQQ),2004-03-15,AGGRESSIVE,MODERATE,TQQQ,TQQQ,False,False,4,,,,
A-RVol v3 (NASDAQ 2-State SQQQ),2004-03-19,MODERATE,DEFENSIVE,TQQQ,SQQQ,True,True,4,-0.019703676823605742,,-0.02219725060690858,79.41133882972
A-RVol v3 (NASDAQ 2-State SQQQ),2004-03-25,DEFENSIVE,MODERATE,SQQQ,TQQQ,True,False,45,,0.022701153807029195,,88.5793199442306
A-RVol v3 (NASDAQ 2-State SQQQ),2004-05-28,MODERATE,AGGRESSIVE,TQQQ,TQQQ,False,False,16,,,,
A-RVol v3 (NASDAQ 2-State SQQQ),2004-06-23,AGGRESSIVE,MODERATE,TQQQ,TQQQ,False,False,19,,,,
A-RVol v3 (NASDAQ 2-State SQQQ),2004-07-21,MODERATE,DEFENSIVE,TQQQ,SQQQ,True,False,20,-0.04340692489153519,,-0.02327149275871543,76.652888433713
A-RVol v3 (NASDAQ 2-State SQQQ),2004-08-18,DEFENSIVE,MODERATE,SQQQ,TQQQ,True,False,61,,0.023825958376544554,,86.17639605919365
A-RVol v3 (NASDAQ 2-State SQQQ),2004-11-12,MODERATE,AGGRESSIVE,TQQQ,TQQQ,False,False,57,,,,
A-RVol v3 (NASDAQ 2-State SQQQ),2005-02-04,AGGRESSIVE,MODERATE,TQQQ,TQQQ,False,False,26,,,,
A-RVol v3 (NASDAQ 2-State SQQQ),2005-03-15,MODERATE,AGGRESSIVE,TQQQ,TQQQ,False,False,26,,,,
A-RVol v3 (NASDAQ 2-State SQQQ),2005-04-21,AGGRESSIVE,MODERATE,TQQQ,TQQQ,False,False,20,,,,
A-RVol v3 (NASDAQ 2-State SQQQ),2005-05-19,MODERATE,AGGRESSIVE,TQQQ,TQQQ,False,False,109,,,,
A-RVol v3 (NASDAQ 2-State SQQQ),2005-10-24,AGGRESSIVE,MODERATE,TQQQ,TQQQ,False,False,18,,,,
A-RVol v3 (NASDAQ 2-State SQQQ),2005-11-17,MODERATE,AGGRESSIVE,TQQQ,TQQQ,False,False,33,,,,
A-RVol v3 (NASDAQ 2-State SQQQ),2006-01-06,AGGRESSIVE,MODERATE,TQQQ,TQQQ,False,False,9,,,,
A-RVol v3 (NASDAQ 2-State SQQQ),2006-01-20,MODERATE,DEFENSIVE,TQQQ,SQQQ,True,False,15,-0.09015906749718172,,-0.04535088734244086,72.80898288773346
A-RVol v3 (NASDAQ 2-State SQQQ),2006-02-10,DEFENSIVE,MODERATE,SQQQ,TQQQ,True,False,30,,0.047505294606300597,,78.40280042374498
A-RVol v3 (NASDAQ 2-State SQQQ),2006-03-27,MODERATE,AGGRESSIVE,TQQQ,TQQQ,False,False,44,,,,
A-RVol v3 (NASDAQ 2-State SQQQ),2006-05-30,AGGRESSIVE,MODERATE,TQQQ,TQQQ,False,False,2,,,,
A-RVol v3 (NASDAQ 2-State SQQQ),2006-06-01,MODERATE,DEFENSIVE,TQQQ,SQQQ,True,False,51,-0.036478336945075185,,0.0,75.62259956659098
A-RVol v3 (NASDAQ 2-State SQQQ),2006-08-14,DEFENSIVE,MODERATE,SQQQ,TQQQ,True,False,22,,0.0,,99.3884519262823
A-RVol v3 (NASDAQ 2-State SQQQ),2006-09-14,MODERATE,AGGRESSIVE,TQQQ,TQQQ,False,False,112,,,,
A-RVol v3 (NASDAQ 2-State SQQQ),2007-02-27,AGGRESSIVE,MODERATE,TQQQ,TQQQ,False,False,1,,,,
A-RVol v3 (NASDAQ 2-State SQQQ),2007-02-28,MODERATE,DEFENSIVE,TQQQ,SQQQ,True,False,14,0.014886213420662653,,0.0,80.0
A-RVol v3 (NASDAQ 2-State SQQQ),2007-03-20,DEFENSIVE,MODERATE,SQQQ,TQQQ,True,False,10,,0.0,,82.77192109739684
A-RVol v3 (NASDAQ 2-State SQQQ),2007-04-03,MODERATE,AGGRESSIVE,TQQQ,TQQQ,False,False,82,,,,
A-RVol v3 (NASDAQ 2-State SQQQ),2007-07-31,AGGRESSIVE,MODERATE,TQQQ,TQQQ,False,False,1,,,,
A-RVol v3 (NASDAQ 2-State SQQQ),2007-08-01,MODERATE,DEFENSIVE,TQQQ,SQQQ,True,False,39,0.01621535077113001,,0.0,80.0
A-RVol v3 (NASDAQ 2-State SQQQ),2007-09-26,DEFENSIVE,MODERATE,SQQQ,TQQQ,True,True,2,,0.0,,
A-RVol v3 (NASDAQ 2-State SQQQ),2007-09-28,MODERATE,AGGRESSIVE,TQQQ,TQQQ,False,False,15,,,,
A-RVol v3 (NASDAQ 2-State SQQQ),2007-10-19,AGGRESSIVE,MODERATE,TQQQ,TQQQ,False,False,2,,,,
A-RVol v3 (NASDAQ 2-State SQQQ),2007-10-23,MODERATE,DEFENSIVE,TQQQ,SQQQ,True,False,132,0.0019078242793071354,,-0.047426544449248986,83.79412355593992
A-RVol v3 (NASDAQ 2-State SQQQ),2008-05-02,DEFENSIVE,MODERATE,SQQQ,TQQQ,True,False,24,,0.04978780814528183,,79.65250461752623
A-RVol v3 (NASDAQ 2-State SQQQ),2008-06-06,MODERATE,DEFENSIVE,TQQQ,SQQQ,True,False,250,0.024749932934895247,,-0.1341940441783076,90.73552353426462
A-RVol v3 (NASDAQ 2-State SQQQ),2009-06-04,DEFENSIVE,MODERATE,SQQQ,TQQQ,True,False,21,,0.15499320982488607,,62.02288877931933
A-RVol v3 (NASDAQ 2-State SQQQ),2009-07-06,MODERATE,DEFENSIVE,TQQQ,SQQQ,True,True,1,-0.15524549816237576,,0.0,61.37054022051491
A-RVol v3 (NASDAQ 2-State SQQQ),2009-07-07,DEFENSIVE,MODERATE,SQQQ,TQQQ,True,True,1,,0.0,,
A-RVol v3 (NASDAQ 2-State SQQQ),2009-07-08,MODERATE,DEFENSIVE,TQQQ,SQQQ,True,True,1,-0.13695595406784333,,0.0,63.5652855118588
A-RVol v3 (NASDAQ 2-State SQQQ),2009-07-09,DEFENSIVE,MODERATE,SQQQ,TQQQ,True,True,1,,0.0,,
A-RVol v3 (NASDAQ 2-State SQQQ),2009-07-10,MODERATE,DEFENSIVE,TQQQ,SQQQ,True,True,1,-0.07691112434449099,,0.0,70.77066507866108
A-RVol v3 (NASDAQ 2-State SQQQ),2009-07-13,DEFENSIVE,MODERATE,SQQQ,TQQQ,True,False,17,,0.0,,100.0
A-RVol v3 (NASDAQ 2-State SQQQ),2009-08-05,MODERATE,AGGRESSIVE,TQQQ,TQQQ,False,False,8,,,,
A-RVol v3 (NASDAQ 2-State SQQQ),2009-08-17,AGGRESSIVE,MODERATE,TQQQ,TQQQ,False,False,10,,,,
A-RVol v3 (NASDAQ 2-State SQQQ),2009-08-31,MODERATE,DEFENSIVE,TQQQ,SQQQ,True,True,1,-0.08553318020742551,,-0.003031021249527699,69.97850007507115
A-RVol v3 (NASDAQ 2-State SQQQ),2009-09-01,DEFENSIVE,MODERATE,SQQQ,TQQQ,True,True,1,,0.0,,
A-RVol v3 (NASDAQ 2-State SQQQ),2009-09-02,MODERATE,DEFENSIVE,TQQQ,SQQQ,True,True,1,-0.06832342059500207,,0.0,71.80118952859975
A-RVol v3 (NASDAQ 2-State SQQQ),2009-09-03,DEFENSIVE,MODERATE,SQQQ,TQQQ,True,True,1,,0.0,,
A-RVol v3 (NASDAQ 2-State SQQQ),2009-09-04,MODERATE,DEFENSIVE,TQQQ,SQQQ,True,True,1,0.017609872665867332,,0.0,80.0
A-RVol v3 (NASDAQ 2-State SQQQ),2009-09-08,DEFENSIVE,MODERATE,SQQQ,TQQQ,True,False,10,,0.0,,86.56611201287839
A-RVol v3 (NASDAQ 2-State SQQQ),2009-09-22,MODERATE,AGGRESSIVE,TQQQ,TQQQ,False,False,10,,,,
A-RVol v3 (NASDAQ 2-State SQQQ),2009-10-06,AGGRESSIVE,MODERATE,TQQQ,TQQQ,False,False,12,,,,
A-RVol v3 (NASDAQ 2-State SQQQ),2009-10-22,MODERATE,AGGRESSIVE,TQQQ,TQQQ,False,False,6,,,,
A-RVol v3 (NASDAQ 2-State SQQQ),2009-10-30,AGGRESSIVE,MODERATE,TQQQ,TQQQ,False,False,26,,,,
A-RVol v3 (NASDAQ 2-State SQQQ),2009-12-08,MODERATE,AGGRESSIVE,TQQQ,TQQQ,False,False,30,,,,
A-RVol v3 (NASDAQ 2-State SQQQ),2010-01-22,AGGRESSIVE,MODERATE,TQQQ,TQQQ,False,False,5,,,,
A-RVol v3 (NASDAQ 2-State SQQQ),2010-01-29,MODERATE,DEFENSIVE,TQQQ,SQQQ,True,False,11,0.0202861540130983,,-0.011198012093240006,80.89584096745921
A-RVol v3 (NASDAQ 2-State SQQQ),2010-02-16,DEFENSIVE,MODERATE,SQQQ,TQQQ,True,False,8,,0.011324827650220914,,77.74517971451428
A-RVol v3 (NASDAQ 2-State SQQQ),2010-02-26,MODERATE,AGGRESSIVE,TQQQ,TQQQ,False,False,46,,,,
A-RVol v3 (NASDAQ 2-State SQQQ),2010-05-04,AGGRESSIVE,MODERATE,TQQQ,TQQQ,False,False,2,,,,
A-RVol v3 (NASDAQ 2-State SQQQ),2010-05-06,MODERATE,DEFENSIVE,TQQQ,SQQQ,True,True,2,-0.16560398037053037,,-0.22463599746810792,78.09840215298499
A-RVol v3 (NASDAQ 2-State SQQQ),2010-05-10,DEFENSIVE,MODERATE,SQQQ,TQQQ,True,True,1,,0.0,,
A-RVol v3 (NASDAQ 2-State SQQQ),2010-05-11,MODERATE,DEFENSIVE,TQQQ,SQQQ,True,False,54,-0.020650190381356515,,-0.15819832345250084,90.17784303043729
A-RVol v3 (NASDAQ 2-State SQQQ),2010-07-28,DEFENSIVE,MODERATE,SQQQ,TQQQ,True,False,17,,0.1009146280104325,,72.26045297722372
A-RVol v3 (NASDAQ 2-State SQQQ),2010-08-20,MODERATE,DEFENSIVE,TQQQ,SQQQ,True,False,16,0.012665149360054917,,0.0,80.0
A-RVol v3 (NASDAQ 2-State SQQQ),2010-09-14,DEFENSIVE,MODERATE,SQQQ,TQQQ,True,False,8,,0.0,,87.4516635540654
A-RVol v3 (NASDAQ 2-State SQQQ),2010-09-24,MODERATE,AGGRESSIVE,TQQQ,TQQQ,False,False,47,,,,
A-RVol v3 (NASDAQ 2-State SQQQ),2010-12-01,AGGRESSIVE,MODERATE,TQQQ,TQQQ,False,False,11,,,,
A-RVol v3 (NASDAQ 2-State SQQQ),2010-12-16,MODERATE,AGGRESSIVE,TQQQ,TQQQ,False,False,52,,,,
A-RVol v3 (NASDAQ 2-State SQQQ),2011-03-03,AGGRESSIVE,MODERATE,TQQQ,TQQQ,False,False,24,,,,
A-RVol v3 (NASDAQ 2-State SQQQ),2011-04-06,MODERATE,AGGRESSIVE,TQQQ,TQQQ,False,False,48,,,,
A-RVol v3 (NASDAQ 2-State SQQQ),2011-06-15,AGGRESSIVE,MODERATE,TQQQ,TQQQ,False,False,1,,,,
A-RVol v3 (NASDAQ 2-State SQQQ),2011-06-16,MODERATE,DEFENSIVE,TQQQ,SQQQ,True,True,4,-0.03206862668113919,,-0.026448117963195017,78.26761423531889
A-RVol v3 (NASDAQ 2-State SQQQ),2011-06-22,DEFENSIVE,MODERATE,SQQQ,TQQQ,True,False,28,,0.027166624040479315,,96.74000511514248
A-RVol v3 (NASDAQ 2-State SQQQ),2011-08-02,MODERATE,DEFENSIVE,TQQQ,SQQQ,True,False,99,-0.09716521977765935,,0.0,68.34017362668087
A-RVol v3 (NASDAQ 2-State SQQQ),2011-12-21,DEFENSIVE,MODERATE,SQQQ,TQQQ,True,False,14,,0.0,,91.80469732360538
A-RVol v3 (NASDAQ 2-State SQQQ),2012-01-12,MODERATE,AGGRESSIVE,TQQQ,TQQQ,False,False,71,,,,
A-RVol v3 (NASDAQ 2-State SQQQ),2012-04-25,AGGRESSIVE,MODERATE,TQQQ,TQQQ,False,False,15,,,,
A-RVol v3 (NASDAQ 2-State SQQQ),2012-05-16,MODERATE,AGGRESSIVE,TQQQ,TQQQ,False,False,3,,,,
A-RVol v3 (NASDAQ 2-State SQQQ),2012-05-21,AGGRESSIVE,MODERATE,TQQQ,TQQQ,False,False,7,,,,
A-RVol v3 (NASDAQ 2-State SQQQ),2012-05-31,MODERATE,DEFENSIVE,TQQQ,SQQQ,True,True,1,-0.11383365657640976,,0.0,66.33996121083082
A-RVol v3 (NASDAQ 2-State SQQQ),2012-06-01,DEFENSIVE,MODERATE,SQQQ,TQQQ,True,True,1,,0.0,,
A-RVol v3 (NASDAQ 2-State SQQQ),2012-06-04,MODERATE,DEFENSIVE,TQQQ,SQQQ,True,True,1,-0.0823656947571394,,0.0,70.11611662914328
A-RVol v3 (NASDAQ 2-State SQQQ),2012-06-05,DEFENSIVE,MODERATE,SQQQ,TQQQ,True,False,49,,0.0,,95.00581188663288
A-RVol v3 (NASDAQ 2-State SQQQ),2012-08-14,MODERATE,AGGRESSIVE,TQQQ,TQQQ,False,False,58,,,,
A-RVol v3 (NASDAQ 2-State SQQQ),2012-11-07,AGGRESSIVE,MODERATE,TQQQ,TQQQ,False,False,16,,,,
A-RVol v3 (NASDAQ 2-State SQQQ),2012-11-30,MODERATE,AGGRESSIVE,TQQQ,TQQQ,False,False,21,,,,
A-RVol v3 (NASDAQ 2-State SQQQ),2013-01-02,AGGRESSIVE,MODERATE,TQQQ,TQQQ,False,False,15,,,,
A-RVol v3 (NASDAQ 2-State SQQQ),2013-01-24,MODERATE,AGGRESSIVE,TQQQ,TQQQ,False,False,58,,,,
A-RVol v3 (NASDAQ 2-State SQQQ),2013-04-18,AGGRESSIVE,MODERATE,TQQQ,TQQQ,False,False,14,,,,
A-RVol v3 (NASDAQ 2-State SQQQ),2013-05-08,MODERATE,AGGRESSIVE,TQQQ,TQQQ,False,False,33,,,,
A-RVol v3 (NASDAQ 2-State SQQQ),2013-06-25,AGGRESSIVE,MODERATE,TQQQ,TQQQ,False,False,12,,,,
A-RVol v3 (NASDAQ 2-State SQQQ),2013-07-12,MODERATE,AGGRESSIVE,TQQQ,TQQQ,False,False,67,,,,
A-RVol v3 (NASDAQ 2-State SQQQ),2013-10-16,AGGRESSIVE,MODERATE,TQQQ,TQQQ,False,False,9,,,,
A-RVol v3 (NASDAQ 2-State SQQQ),2013-10-29,MODERATE,AGGRESSIVE,TQQQ,TQQQ,False,False,59,,,,
A-RVol v3 (NASDAQ 2-State SQQQ),2014-01-24,AGGRESSIVE,MODERATE,TQQQ,TQQQ,False,False,4,,,,
A-RVol v3 (NASDAQ 2-State SQQQ),2014-01-30,MODERATE,DEFENSIVE,TQQQ,SQQQ,True,False,17,-0.0036055774828901432,,-0.05352890565491231,83.84964315444617
A-RVol v3 (NASDAQ 2-State SQQQ),2014-02-25,DEFENSIVE,MODERATE,SQQQ,TQQQ,True,True,1,,0.0,,
A-RVol v3 (NASDAQ 2-State SQQQ),2014-02-26,MODERATE,AGGRESSIVE,TQQQ,TQQQ,False,False,24,,,,
A-RVol v3 (NASDAQ 2-State SQQQ),2014-04-01,AGGRESSIVE,MODERATE,TQQQ,TQQQ,False,False,3,,,,
A-RVol v3 (NASDAQ 2-State SQQQ),2014-04-04,MODERATE,DEFENSIVE,TQQQ,SQQQ,True,False,19,-0.0049390453706007476,,-0.03706187011095441,82.37226416440426
A-RVol v3 (NASDAQ 2-State SQQQ),2014-05-02,DEFENSIVE,MODERATE,SQQQ,TQQQ,True,False,10,,0.038488319197854226,,73.3165461381171
A-RVol v3 (NASDAQ 2-State SQQQ),2014-05-16,MODERATE,AGGRESSIVE,TQQQ,TQQQ,False,False,97,,,,
A-RVol v3 (NASDAQ 2-State SQQQ),2014-10-03,AGGRESSIVE,MODERATE,TQQQ,TQQQ,False,False,3,,,,
A-RVol v3 (NASDAQ 2-State SQQQ),2014-10-08,MODERATE,DEFENSIVE,TQQQ,SQQQ,True,False,23,0.005475170602889934,,0.0,80.0
A-RVol v3 (NASDAQ 2-State SQQQ),2014-11-10,DEFENSIVE,MODERATE,SQQQ,TQQQ,True,True,1,,0.0,,
A-RVol v3 (NASDAQ 2-State SQQQ),2014-11-11,MODERATE,AGGRESSIVE,TQQQ,TQQQ,False,False,26,,,,
A-RVol v3 (NASDAQ 2-State SQQQ),2014-12-18,AGGRESSIVE,MODERATE,TQQQ,TQQQ,False,False,1,,,,
A-RVol v3 (NASDAQ 2-State SQQQ),2014-12-19,MODERATE,DEFENSIVE,TQQQ,SQQQ,True,False,39,0.004292965342373112,,-0.05919479995669952,84.73558399653596
A-RVol v3 (NASDAQ 2-State SQQQ),2015-02-18,DEFENSIVE,MODERATE,SQQQ,TQQQ,True,True,1,,0.0,,
A-RVol v3 (NASDAQ 2-State SQQQ),2015-02-19,MODERATE,AGGRESSIVE,TQQQ,TQQQ,False,False,52,,,,
A-RVol v3 (NASDAQ 2-State SQQQ),2015-05-05,AGGRESSIVE,MODERATE,TQQQ,TQQQ,False,False,19,,,,
A-RVol v3 (NASDAQ 2-State SQQQ),2015-06-02,MODERATE,AGGRESSIVE,TQQQ,TQQQ,False,False,28,,,,
A-RVol v3 (NASDAQ 2-State SQQQ),2015-07-13,AGGRESSIVE,MODERATE,TQQQ,TQQQ,False,False,29,,,,
A-RVol v3 (NASDAQ 2-State SQQQ),2015-08-21,MODERATE,DEFENSIVE,TQQQ,SQQQ,True,True,3,-0.22771753984963472,,-0.056830393823458114,57.22032672392048
A-RVol v3 (NASDAQ 2-State SQQQ),2015-08-26,DEFENSIVE,MODERATE,SQQQ,TQQQ,True,True,1,,0.0,,
A-RVol v3 (NASDAQ 2-State SQQQ),2015-08-27,MODERATE,DEFENSIVE,TQQQ,SQQQ,True,False,36,0.017927091565181907,,-0.03239735606843319,82.59178848547465
A-RVol v3 (NASDAQ 2-State SQQQ),2015-10-19,DEFENSIVE,MODERATE,SQQQ,TQQQ,True,False,35,,0.03348208716834011,,89.20500468792576
A-RVol v3 (NASDAQ 2-State SQQQ),2015-12-08,MODERATE,DEFENSIVE,TQQQ,SQQQ,True,True,1,-0.062169668231645714,,-0.21928929000168484,90.0827830123373
A-RVol v3 (NASDAQ 2-State SQQQ),2015-12-09,DEFENSIVE,MODERATE,SQQQ,TQQQ,True,True,2,,0.0,,
A-RVol v3 (NASDAQ 2-State SQQQ),2015-12-11,MODERATE,DEFENSIVE,TQQQ,SQQQ,True,True,1,-0.09421568222860266,,-0.24526821863348813,88.31557562324673
A-RVol v3 (NASDAQ 2-State SQQQ),2015-12-14,DEFENSIVE,MODERATE,SQQQ,TQQQ,True,False,13,,0.03972786480799306,,81.37452275535135
A-RVol v3 (NASDAQ 2-State SQQQ),2016-01-04,MODERATE,DEFENSIVE,TQQQ,SQQQ,True,False,18,-0.008365360392361798,,-0.21567324005792476,96.25001595755056
A-RVol v3 (NASDAQ 2-State SQQQ),2016-01-29,DEFENSIVE,MODERATE,SQQQ,TQQQ,True,True,1,,0.0,,
A-RVol v3 (NASDAQ 2-State SQQQ),2016-02-01,MODERATE,DEFENSIVE,TQQQ,SQQQ,True,False,26,-0.030048504694468625,,-0.0037751372116485715,76.69619041359564
A-RVol v3 (NASDAQ 2-State SQQQ),2016-03-09,DEFENSIVE,MODERATE,SQQQ,TQQQ,True,False,14,,0.0037894428784703837,,85.9587882919672
A-RVol v3 (NASDAQ 2-State SQQQ),2016-03-30,MODERATE,AGGRESSIVE,TQQQ,TQQQ,False,False,61,,,,
A-RVol v3 (NASDAQ 2-State SQQQ),2016-06-24,AGGRESSIVE,MODERATE,TQQQ,TQQQ,False,False,1,,,,
A-RVol v3 (NASDAQ 2-State SQQQ),2016-06-27,MODERATE,DEFENSIVE,TQQQ,SQQQ,True,True,4,-0.02942302869322888,,-0.01771838624702471,77.88670745657451
A-RVol v3 (NASDAQ 2-State SQQQ),2016-07-01,DEFENSIVE,MODERATE,SQQQ,TQQQ,True,False,11,,0.01803799032675424,,88.01159341898546
A-RVol v3 (NASDAQ 2-State SQQQ),2016-07-19,MODERATE,AGGRESSIVE,TQQQ,TQQQ,False,False,220,,,,
A-RVol v3 (NASDAQ 2-State SQQQ),2017-06-02,AGGRESSIVE,MODERATE,TQQQ,TQQQ,False,False,4,,,,
A-RVol v3 (NASDAQ 2-State SQQQ),2017-06-08,MODERATE,AGGRESSIVE,TQQQ,TQQQ,False,False,1,,,,
A-RVol v3 (NASDAQ 2-State SQQQ),2017-06-09,AGGRESSIVE,MODERATE,TQQQ,TQQQ,False,False,6,,,,
A-RVol v3 (NASDAQ 2-State SQQQ),2017-06-19,MODERATE,DEFENSIVE,TQQQ,SQQQ,True,False,23,-0.0015144824794239842,,-0.06683978687700587,85.1654450526296
A-RVol v3 (NASDAQ 2-State SQQQ),2017-07-21,DEFENSIVE,MODERATE,SQQQ,TQQQ,True,True,2,,0.0,,
A-RVol v3 (NASDAQ 2-State SQQQ),2017-07-25,MODERATE,AGGRESSIVE,TQQQ,TQQQ,False,False,17,,,,
A-RVol v3 (NASDAQ 2-State SQQQ),2017-08-17,AGGRESSIVE,MODERATE,TQQQ,TQQQ,False,False,1,,,,
A-RVol v3 (NASDAQ 2-State SQQQ),2017-08-18,MODERATE,DEFENSIVE,TQQQ,SQQQ,True,False,14,-0.0373256731081999,,-0.025098827601127582,77.52882543510623
A-RVol v3 (NASDAQ 2-State SQQQ),2017-09-08,DEFENSIVE,MODERATE,SQQQ,TQQQ,True,False,10,,0.0,,82.8427273008335
A-RVol v3 (NASDAQ 2-State SQQQ),2017-09-22,MODERATE,AGGRESSIVE,TQQQ,TQQQ,False,False,25,,,,
A-RVol v3 (NASDAQ 2-State SQQQ),2017-10-27,AGGRESSIVE,MODERATE,TQQQ,TQQQ,False,False,15,,,,
A-RVol v3 (NASDAQ 2-State SQQQ),2017-11-17,MODERATE,AGGRESSIVE,TQQQ,TQQQ,False,False,10,,,,
A-RVol v3 (NASDAQ 2-State SQQQ),2017-12-04,AGGRESSIVE,MODERATE,TQQQ,TQQQ,False,False,15,,,,
A-RVol v3 (NASDAQ 2-State SQQQ),2017-12-26,MODERATE,AGGRESSIVE,TQQQ,TQQQ,False,False,26,,,,
A-RVol v3 (NASDAQ 2-State SQQQ),2018-02-02,AGGRESSIVE,MODERATE,TQQQ,TQQQ,False,False,1,,,,
A-RVol v3 (NASDAQ 2-State SQQQ),2018-02-05,MODERATE,DEFENSIVE,TQQQ,SQQQ,True,False,69,-0.03234858457965084,,-0.009207467554657067,76.85476725481448
A-RVol v3 (NASDAQ 2-State SQQQ),2018-05-15,DEFENSIVE,MODERATE,SQQQ,TQQQ,True,True,2,,0.0,,
A-RVol v3 (NASDAQ 2-State SQQQ),2018-05-17,MODERATE,AGGRESSIVE,TQQQ,TQQQ,False,False,38,,,,
A-RVol v3 (NASDAQ 2-State SQQQ),2018-07-12,AGGRESSIVE,MODERATE,TQQQ,TQQQ,False,False,5,,,,
A-RVol v3 (NASDAQ 2-State SQQQ),2018-07-19,MODERATE,AGGRESSIVE,TQQQ,TQQQ,False,False,58,,,,
A-RVol v3 (NASDAQ 2-State SQQQ),2018-10-10,AGGRESSIVE,MODERATE,TQQQ,TQQQ,False,False,1,,,,
A-RVol v3 (NASDAQ 2-State SQQQ),2018-10-11,MODERATE,DEFENSIVE,TQQQ,SQQQ,True,False,10,-0.11355797129217027,,-0.21412657308717165,83.50316929191331
A-RVol v3 (NASDAQ 2-State SQQQ),2018-10-25,DEFENSIVE,MODERATE,SQQQ,TQQQ,True,True,1,,0.0,,
A-RVol v3 (NASDAQ 2-State SQQQ),2018-10-26,MODERATE,DEFENSIVE,TQQQ,SQQQ,True,False,63,0.0026718076791503176,,0.0,80.0
A-RVol v3 (NASDAQ 2-State SQQQ),2019-01-30,DEFENSIVE,MODERATE,SQQQ,TQQQ,True,False,31,,0.0,,90.6773492611886
A-RVol v3 (NASDAQ 2-State SQQQ),2019-03-15,MODERATE,AGGRESSIVE,TQQQ,TQQQ,False,False,40,,,,
A-RVol v3 (NASDAQ 2-State SQQQ),2019-05-13,AGGRESSIVE,MODERATE,TQQQ,TQQQ,False,False,9,,,,
A-RVol v3 (NASDAQ 2-State SQQQ),2019-05-24,MODERATE,DEFENSIVE,TQQQ,SQQQ,True,False,7,-0.09779390727999848,,0.0,68.26473112640019
A-RVol v3 (NASDAQ 2-State SQQQ),2019-06-05,DEFENSIVE,MODERATE,SQQQ,TQQQ,True,False,17,,0.0,,95.40237722617019
A-RVol v3 (NASDAQ 2-State SQQQ),2019-06-28,MODERATE,AGGRESSIVE,TQQQ,TQQQ,False,False,25,,,,
A-RVol v3 (NASDAQ 2-State SQQQ),2019-08-05,AGGRESSIVE,MODERATE,TQQQ,TQQQ,False,False,9,,,,
A-RVol v3 (NASDAQ 2-State SQQQ),2019-08-16,MODERATE,DEFENSIVE,TQQQ,SQQQ,True,False,13,0.04161296854439245,,-0.11644493125841249,89.315594500673
A-RVol v3 (NASDAQ 2-State SQQQ),2019-09-05,DEFENSIVE,MODERATE,SQQQ,TQQQ,True,False,7,,0.017648989049943165,,79.61639314340374
A-RVol v3 (NASDAQ 2-State SQQQ),2019-09-16,MODERATE,AGGRESSIVE,TQQQ,TQQQ,False,False,19,,,,
A-RVol v3 (NASDAQ 2-State SQQQ),2019-10-11,AGGRESSIVE,MODERATE,TQQQ,TQQQ,False,False,10,,,,
A-RVol v3 (NASDAQ 2-State SQQQ),2019-10-25,MODERATE,AGGRESSIVE,TQQQ,TQQQ,False,False,68,,,,
A-RVol v3 (NASDAQ 2-State SQQQ),2020-02-04,AGGRESSIVE,MODERATE,TQQQ,TQQQ,False,False,13,,,,
A-RVol v3 (NASDAQ 2-State SQQQ),2020-02-24,MODERATE,DEFENSIVE,TQQQ,SQQQ,True,False,61,0.05044751594214092,,-0.03074086766070272,82.45926941285622
A-RVol v3 (NASDAQ 2-State SQQQ),2020-05-20,DEFENSIVE,MODERATE,SQQQ,TQQQ,True,False,14,,0.031715840104090676,,80.00642145138715
A-RVol v3 (NASDAQ 2-State SQQQ),2020-06-10,MODERATE,AGGRESSIVE,TQQQ,TQQQ,False,False,1,,,,
A-RVol v3 (NASDAQ 2-State SQQQ),2020-06-11,AGGRESSIVE,MODERATE,TQQQ,TQQQ,False,False,12,,,,
A-RVol v3 (NASDAQ 2-State SQQQ),2020-06-29,MODERATE,DEFENSIVE,TQQQ,SQQQ,True,True,3,0.021257850062920358,,0.0,80.0
A-RVol v3 (NASDAQ 2-State SQQQ),2020-07-02,DEFENSIVE,MODERATE,SQQQ,TQQQ,True,True,1,,0.0,,
A-RVol v3 (NASDAQ 2-State SQQQ),2020-07-06,MODERATE,DEFENSIVE,TQQQ,SQQQ,True,True,1,-0.019660843804087946,,-0.022171228983901448,79.41439706222157
A-RVol v3 (NASDAQ 2-State SQQQ),2020-07-07,DEFENSIVE,MODERATE,SQQQ,TQQQ,True,False,40,,0.022673938056519294,,89.5992829324684
A-RVol v3 (NASDAQ 2-State SQQQ),2020-09-01,MODERATE,AGGRESSIVE,TQQQ,TQQQ,False,False,2,,,,
A-RVol v3 (NASDAQ 2-State SQQQ),2020-09-03,AGGRESSIVE,MODERATE,TQQQ,TQQQ,False,False,3,,,,
A-RVol v3 (NASDAQ 2-State SQQQ),2020-09-09,MODERATE,DEFENSIVE,TQQQ,SQQQ,True,False,32,-0.09709617744259047,,-0.15685573883772197,80.8969178139069
A-RVol v3 (NASDAQ 2-State SQQQ),2020-10-23,DEFENSIVE,MODERATE,SQQQ,TQQQ,True,False,27,,0.18603665595908314,,64.6246259413976
A-RVol v3 (NASDAQ 2-State SQQQ),2020-12-02,MODERATE,AGGRESSIVE,TQQQ,TQQQ,False,False,31,,,,
A-RVol v3 (NASDAQ 2-State SQQQ),2021-01-19,AGGRESSIVE,MODERATE,TQQQ,TQQQ,False,False,31,,,,
A-RVol v3 (NASDAQ 2-State SQQQ),2021-03-04,MODERATE,DEFENSIVE,TQQQ,SQQQ,True,True,3,-0.1276618497801263,,-0.008525929148889277,65.36265235829599
A-RVol v3 (NASDAQ 2-State SQQQ),2021-03-09,DEFENSIVE,MODERATE,SQQQ,TQQQ,True,True,2,,0.008599245708534209,,
A-RVol v3 (NASDAQ 2-State SQQQ),2021-03-11,MODERATE,DEFENSIVE,TQQQ,SQQQ,True,False,13,-0.0710485033878957,,0.0,71.47417959345252
A-RVol v3 (NASDAQ 2-State SQQQ),2021-03-30,DEFENSIVE,MODERATE,SQQQ,TQQQ,True,False,26,,0.0,,99.50081015411303
A-RVol v3 (NASDAQ 2-State SQQQ),2021-05-06,MODERATE,AGGRESSIVE,TQQQ,TQQQ,False,False,4,,,,
A-RVol v3 (NASDAQ 2-State SQQQ),2021-05-12,AGGRESSIVE,MODERATE,TQQQ,TQQQ,False,False,18,,,,
A-RVol v3 (NASDAQ 2-State SQQQ),2021-06-08,MODERATE,AGGRESSIVE,TQQQ,TQQQ,False,False,82,,,,
A-RVol v3 (NASDAQ 2-State SQQQ),2021-10-04,AGGRESSIVE,MODERATE,TQQQ,TQQQ,False,False,15,,,,
A-RVol v3 (NASDAQ 2-State SQQQ),2021-10-25,MODERATE,AGGRESSIVE,TQQQ,TQQQ,False,False,26,,,,
A-RVol v3 (NASDAQ 2-State SQQQ),2021-12-01,AGGRESSIVE,MODERATE,TQQQ,TQQQ,False,False,4,,,,
A-RVol v3 (NASDAQ 2-State SQQQ),2021-12-07,MODERATE,DEFENSIVE,TQQQ,SQQQ,True,False,173,-0.006428331882775473,,-0.3312630257554282,99.22860017406694
A-RVol v3 (NASDAQ 2-State SQQQ),2022-08-16,DEFENSIVE,MODERATE,SQQQ,TQQQ,True,True,4,,0.09306951121725393,,
A-RVol v3 (NASDAQ 2-State SQQQ),2022-08-22,MODERATE,DEFENSIVE,TQQQ,SQQQ,True,False,72,-0.01181946291138658,,-0.30611382221451466,98.58166445063361
A-RVol v3 (NASDAQ 2-State SQQQ),2022-12-02,DEFENSIVE,MODERATE,SQQQ,TQQQ,True,True,1,,0.0,,
A-RVol v3 (NASDAQ 2-State SQQQ),2022-12-05,MODERATE,DEFENSIVE,TQQQ,SQQQ,True,False,24,0.026651792426456655,,0.0,80.0
A-RVol v3 (NASDAQ 2-State SQQQ),2023-01-10,DEFENSIVE,MODERATE,SQQQ,TQQQ,True,False,69,,0.0,,100.0
A-RVol v3 (NASDAQ 2-State SQQQ),2023-04-20,MODERATE,AGGRESSIVE,TQQQ,TQQQ,False,False,13,,,,
A-RVol v3 (NASDAQ 2-State SQQQ),2023-05-09,AGGRESSIVE,MODERATE,TQQQ,TQQQ,False,False,28,,,,
A-RVol v3 (NASDAQ 2-State SQQQ),2023-06-20,MODERATE,AGGRESSIVE,TQQQ,TQQQ,False,False,5,,,,
A-RVol v3 (NASDAQ 2-State SQQQ),2023-06-27,AGGRESSIVE,MODERATE,TQQQ,TQQQ,False,False,14,,,,
A-RVol v3 (NASDAQ 2-State SQQQ),2023-07-18,MODERATE,AGGRESSIVE,TQQQ,TQQQ,False,False,11,,,,
A-RVol v3 (NASDAQ 2-State SQQQ),2023-08-02,AGGRESSIVE,MODERATE,TQQQ,TQQQ,False,False,12,,,,
A-RVol v3 (NASDAQ 2-State SQQQ),2023-08-18,MODERATE,AGGRESSIVE,TQQQ,TQQQ,False,False,7,,,,
A-RVol v3 (NASDAQ 2-State SQQQ),2023-08-29,AGGRESSIVE,MODERATE,TQQQ,TQQQ,False,False,15,,,,
A-RVol v3 (NASDAQ 2-State SQQQ),2023-09-20,MODERATE,AGGRESSIVE,TQQQ,TQQQ,False,False,25,,,,
A-RVol v3 (NASDAQ 2-State SQQQ),2023-10-25,AGGRESSIVE,MODERATE,TQQQ,TQQQ,False,False,26,,,,
A-RVol v3 (NASDAQ 2-State SQQQ),2023-12-01,MODERATE,AGGRESSIVE,TQQQ,TQQQ,False,False,55,,,,
A-RVol v3 (NASDAQ 2-State SQQQ),2024-02-22,AGGRESSIVE,MODERATE,TQQQ,TQQQ,False,False,25,,,,
A-RVol v3 (NASDAQ 2-State SQQQ),2024-03-28,MODERATE,AGGRESSIVE,TQQQ,TQQQ,False,False,16,,,,
A-RVol v3 (NASDAQ 2-State SQQQ),2024-04-22,AGGRESSIVE,MODERATE,TQQQ,TQQQ,False,False,21,,,,
A-RVol v3 (NASDAQ 2-State SQQQ),2024-05-21,MODERATE,AGGRESSIVE,TQQQ,TQQQ,False,False,38,,,,
A-RVol v3 (NASDAQ 2-State SQQQ),2024-07-17,AGGRESSIVE,MODERATE,TQQQ,TQQQ,False,False,5,,,,
A-RVol v3 (NASDAQ 2-State SQQQ),2024-07-24,MODERATE,DEFENSIVE,TQQQ,SQQQ,True,False,46,-0.01721539856075116,,-0.03489516755825772,80.72576557737048
A-RVol v3 (NASDAQ 2-State SQQQ),2024-09-27,DEFENSIVE,MODERATE,SQQQ,TQQQ,True,True,3,,0.036156867508343016,,
A-RVol v3 (NASDAQ 2-State SQQQ),2024-10-02,MODERATE,AGGRESSIVE,TQQQ,TQQQ,False,False,25,,,,
A-RVol v3 (NASDAQ 2-State SQQQ),2024-11-06,AGGRESSIVE,MODERATE,TQQQ,TQQQ,False,False,15,,,,
A-RVol v3 (NASDAQ 2-State SQQQ),2024-11-27,MODERATE,AGGRESSIVE,TQQQ,TQQQ,False,False,14,,,,
A-RVol v3 (NASDAQ 2-State SQQQ),2024-12-18,AGGRESSIVE,MODERATE,TQQQ,TQQQ,False,False,39,,,,
A-RVol v3 (NASDAQ 2-State SQQQ),2025-02-18,MODERATE,AGGRESSIVE,TQQQ,TQQQ,False,False,7,,,,
A-RVol v3 (NASDAQ 2-State SQQQ),2025-02-27,AGGRESSIVE,MODERATE,TQQQ,TQQQ,False,False,2,,,,
A-RVol v3 (NASDAQ 2-State SQQQ),2025-03-03,MODERATE,DEFENSIVE,TQQQ,SQQQ,True,False,10,-0.12387162570862076,,-0.3816014499306901,85.1354049149655
A-RVol v3 (NASDAQ 2-State SQQQ),2025-03-17,DEFENSIVE,MODERATE,SQQQ,TQQQ,True,True,1,,0.0,,
A-RVol v3 (NASDAQ 2-State SQQQ),2025-03-18,MODERATE,DEFENSIVE,TQQQ,SQQQ,True,False,36,-0.005384467026430251,,-0.002368489768588722,79.54334313831546
A-RVol v3 (NASDAQ 2-State SQQQ),2025-05-08,DEFENSIVE,MODERATE,SQQQ,TQQQ,True,False,18,,0.002374112830537234,,95.23869987420923
A-RVol v3 (NASDAQ 2-State SQQQ),2025-06-04,MODERATE,AGGRESSIVE,TQQQ,TQQQ,False,False,90,,,,
A-RVol v3 (NASDAQ 2-State SQQQ),2025-10-13,AGGRESSIVE,MODERATE,TQQQ,TQQQ,False,False,28,,,,
A-RVol v3 (NASDAQ 2-State SQQQ),2025-11-20,MODERATE,DEFENSIVE,TQQQ,SQQQ,True,True,3,-0.06942205922739275,,-0.05018266323542908,75.6839659515472
A-RVol v3 (NASDAQ 2-State SQQQ),2025-11-25,DEFENSIVE,MODERATE,SQQQ,TQQQ,True,False,14,,0.0,,87.1370905381449
A-RVol v3 (NASDAQ 2-State SQQQ),2025-12-16,MODERATE,AGGRESSIVE,TQQQ,TQQQ,False,False,35,,,,
A-RVol v3 (NASDAQ 2-State SQQQ),2026-02-06,AGGRESSIVE,MODERATE,TQQQ,TQQQ,False,False,34,,,,
A-RVol v3 (NASDAQ 2-State SQQQ),2026-03-27,MODERATE,DEFENSIVE,TQQQ,SQQQ,True,False,15,-0.0087045358071699,,-0.011708025931563726,79.8920977776647
A-RVol v3 (NASDAQ 2-State SQQQ),2026-04-20,DEFENSIVE,MODERATE,SQQQ,TQQQ,True,False,31,,0.011846727726995576,,98.57839267276053
A-RVol v3 (NASDAQ 2-State SQQQ),2026-06-03,MODERATE,AGGRESSIVE,TQQQ,TQQQ,False,False,2,,,,
A-RVol v3 (NASDAQ 2-State SQQQ),2026-06-05,AGGRESSIVE,MODERATE,TQQQ,TQQQ,False,False,1,,,,
A-RVol v3 (NASDAQ 2-State SQQQ),2026-06-08,MODERATE,DEFENSIVE,TQQQ,SQQQ,True,False,34,-0.17941876662344525,,-0.06189085913426384,63.42101673592767
A-RVol v3 (NASDAQ 2-State SQQQ),2026-07-28,DEFENSIVE,MODERATE,SQQQ,TQQQ,True,True,1,,0.0,,
A-RVol v3 (NASDAQ 2-State SQQQ),2026-07-29,MODERATE,DEFENSIVE,TQQQ,SQQQ,True,True,4,0.0483395938830109,,-0.03728950717563162,82.98316057405053
A-RVol v3 (NASDAQ 2-State SQQQ),2026-08-04,DEFENSIVE,MODERATE,SQQQ,TQQQ,True,True,1,,0.0,,
A-RVol v3 (NASDAQ 2-State SQQQ),2026-08-05,MODERATE,DEFENSIVE,TQQQ,SQQQ,True,False,8,,,,
