Date,Exit Date,From State,To State,Exited Asset,Entered Asset,Duration Days,Whipsaw,Entry Price,Exit Price,Previous 10D High,Following 10D Low,Entry vs 10D Low,Exit vs Previous 10D High,Return 1D,Return 3D,Return 5D,Return 10D,Return 20D,MAE,MFE,Downside Avoided,Upside Captured,Timing Score,Outcome Score,Transition Quality,Timing Class
1993-02-16,1993-02-17,AGGRESSIVE,MODERATE,TQQQ,TQQQ,1,True,1.17873345147,1.16830539418,1.53442023947,1.17873345147,0.0,-0.23860141822455283,,,,,,0.0,0.0,-0.04995299450017632,0.0,100.0,,,EXCELLENT
1993-02-17,1993-02-25,MODERATE,DEFENSIVE,TQQQ,SQQQ,6,False,3231754450590.0,1.22081471289,1.40896802055,3100090691480.0,0.04247093785735112,-0.13353979999244625,-0.02013909993629559,0.04787901086413027,-0.040740644477479715,,,-0.040740644477479715,0.04787901086413027,-0.04010018437123064,0.04787901086413027,73.29204000151076,58.02003687424613,67.1832387506049,GOOD
1993-02-25,1993-03-02,DEFENSIVE,MODERATE,SQQQ,TQQQ,3,True,1.22081471289,2940884245620.0,3386487657040.0,1.19330890118,0.023050034808925757,-0.13158276555169401,-0.00480562615936353,,,,,-0.02253070135834645,0.0,-0.06410143227186327,0.0,95.38999303821485,,,EXCELLENT
1993-03-02,1993-12-14,MODERATE,DEFENSIVE,TQQQ,SQQQ,200,False,2940884245620.0,1.37488570415,1.59604857766,2752369353330.0,0.06849185850072126,-0.1385690113732324,-0.031117606449929225,0.005202222386952338,-0.026503096603031406,-0.05831820188279557,-0.014491356378093512,-0.06410143227186327,0.07107709510203186,0.0,0.07107709510203186,72.28619772535352,50.0,63.37171863521211,GOOD
1993-12-14,1993-12-22,DEFENSIVE,MODERATE,SQQQ,TQQQ,6,False,1.37488570415,2161125238980.0,2252654695340.0,1.37488570415,0.0,-0.040631818338311754,0.016253464497120174,0.048113284690014524,0.04315916624988492,,,0.0,0.05331448495590929,-0.1576709807298463,0.05331448495590929,100.0,58.631833249976985,83.4527332999908,EXCELLENT
1993-12-22,1994-04-04,MODERATE,AGGRESSIVE,TQQQ,TQQQ,70,False,1.43259950924,1.24206826698,1.72581280566,1.43259950924,0.0,-0.28029954181212735,0.014460375364075073,0.048416326421050204,0.07158711949748353,0.12233543036949324,0.17879260107095973,0.0,0.18334607507951972,-0.1629323110814639,0.18334607507951972,100.0,85.75852021419195,94.30340808567678,EXCELLENT
1994-04-04,1994-04-05,AGGRESSIVE,MODERATE,TQQQ,TQQQ,1,True,1.24206826698,1.37946802549,1.66904841578,1.24206826698,0.0,-0.17350029367163078,,,,,,0.0,0.0,-0.24630713107635072,0.0,100.0,,,EXCELLENT
1994-04-05,1994-05-17,MODERATE,DEFENSIVE,TQQQ,SQQQ,29,False,2128536824280.0,1.0698128017,1.24246976459,2103192206920.0,0.012050547390110244,-0.13896270783456433,0.0047334312825000335,0.03458527747336548,0.11245825707101398,0.28713968968647774,0.08533818103496693,-0.011907060789785984,0.30921896434779206,0.0,0.30921896434779206,72.20745843308714,50.0,63.32447505985228,GOOD
1994-05-17,1994-06-24,DEFENSIVE,MODERATE,SQQQ,TQQQ,27,False,1.0698128017,2842397216800.0,2799598213610.0,1.0698128017,0.0,0.015287551971542301,0.0668977349740758,0.08124939558759814,0.138214355151701,0.15575666115157127,0.13402592702401406,0.0,0.1873589309096788,-0.13695999010943027,0.1873589309096788,100.0,81.15133223031425,92.46053289212571,EXCELLENT
1994-06-24,1994-07-15,MODERATE,DEFENSIVE,TQQQ,SQQQ,14,False,2842397216800.0,1.09375279983,1.11182846269,2453102522100.0,0.1586948328465052,-0.0162576004002154,-0.07954351324074938,-0.09038563453465309,-0.06869514489245965,-0.05829126654807659,,-0.13695999010943027,0.0,-0.06374475828618376,0.0,96.74847991995692,62.74895165723675,83.14866861486885,EXCELLENT
1994-07-15,1994-08-24,DEFENSIVE,MODERATE,SQQQ,TQQQ,28,False,1.09375279983,2121681784170.0,2370729997340.0,1.02403179198,0.06808480790932503,-0.10505127680057891,0.007257493659658332,-0.06374475828618376,-0.02106887326238771,0.016720639949760363,0.06811622250620042,-0.06374475828618376,0.06811622250620042,-0.13303763677285907,0.06811622250620042,86.38303841813499,63.62324450124008,77.27912085137703,EXCELLENT
1994-08-24,1994-09-15,MODERATE,AGGRESSIVE,TQQQ,TQQQ,15,False,1.27179865522,1.44521567863,1.38583240265,1.27179865522,0.0,0.04285025798678599,0.023100905178200515,0.07636909906403289,0.07049027706708189,0.08966336531490837,,0.0,0.10261198716822473,-0.17795911448580726,0.10261198716822473,100.0,67.93267306298168,87.17306922519268,EXCELLENT
1994-09-15,1994-10-28,AGGRESSIVE,MODERATE,TQQQ,TQQQ,31,False,1.44521567863,1.46204949348,1.39836972342,1.18802637622,0.21648450535947794,0.045538578956256126,-0.019847689832144133,-0.0759693932632104,-0.09985358112555165,-0.11812017694260313,-0.06740046829711843,-0.17795911448580726,0.0,-0.11626827904805481,0.0,56.70309892810441,36.51990634057631,48.629821893093165,FAIR
1994-10-28,1994-11-22,MODERATE,AGGRESSIVE,TQQQ,TQQQ,17,False,1.46204949348,1.3001816914,1.45774957013,1.33620764054,0.09417836653676326,-0.10808981320155586,0.008349754679605859,-0.02278048142592204,-0.07689039763108241,-0.05705143920364886,,-0.0860722249836211,0.008349754679605859,-0.09500416805361578,0.008349754679605859,81.16432669264735,38.58971215927023,64.1344808792965,GOOD
1994-11-22,1995-01-13,AGGRESSIVE,MODERATE,TQQQ,TQQQ,35,False,1.3001816914,1.38773345441,1.36078129011,1.17665901149,0.10497746475725678,0.019806389532164514,-0.006246954916934833,0.042917796427293986,0.04869773460032589,-0.024572374885235226,-0.017917559233521674,-0.09500416805361578,0.08326711762371164,-0.07065363018987358,0.08326711762371164,79.00450704854865,59.73954692006518,71.29852299715526,GOOD
1995-01-13,1995-05-30,MODERATE,AGGRESSIVE,TQQQ,TQQQ,94,False,1.38773345441,2.08222531577,2.37973697016,1.28968504812,0.07602507793117952,-0.1250187134631089,0.022647237998136838,0.06342415682226266,-0.006683243392689664,-0.030791147265500363,0.13800273413558495,-0.07065363018987358,0.13800273413558495,0.0,0.13800273413558495,84.7949844137641,77.60054682711699,81.91720937910526,GOOD
1995-05-30,1995-06-20,AGGRESSIVE,MODERATE,TQQQ,TQQQ,15,False,2.08222531577,2.87915158251,2.74090396609,2.08222531577,0.0,0.05043869399671652,0.036894530413290605,0.06481694717561859,0.0784225650477286,0.14280591864768444,,0.0,0.31633399389173333,-0.06897685030076406,0.31633399389173333,100.0,78.56118372953688,91.42447349181475,EXCELLENT
1995-06-20,1995-06-27,MODERATE,AGGRESSIVE,TQQQ,TQQQ,5,True,2.87915158251,2.68055677481,2.97757869156,2.81301494289,0.023510945004811434,-0.09975283527918644,-0.022970877956464797,0.025650493565058108,,,,-0.022970877956464797,0.03418615040900108,0.0,0.03418615040900108,95.29781099903771,,,EXCELLENT
1995-06-27,1995-07-11,AGGRESSIVE,MODERATE,TQQQ,TQQQ,9,False,2.68055677481,3.23831638,3.41110029104,2.68055677481,0.0,-0.050653424495859745,0.015412797515892418,0.056838601790405896,0.0873079412416431,,,0.0,0.27253424478643296,-0.10491257927985409,0.27253424478643296,100.0,67.46158824832861,86.98463529933144,EXCELLENT
1995-07-11,1995-09-26,MODERATE,DEFENSIVE,TQQQ,SQQQ,54,False,727558132609.0,3.28980363148,3.80410165066,611731016363.0,0.18934321318974678,-0.1351956562703236,-0.08281690466290392,-0.12866137090423613,-0.08052393665082547,-0.07046063959201199,-0.034725536163551785,-0.15919980968482572,0.06972252173457805,-0.18031976901099311,0.06972252173457805,72.96086874593529,86.06395380219863,78.20210276844062,GOOD
1995-09-26,1995-10-04,DEFENSIVE,MODERATE,SQQQ,TQQQ,6,False,3.28980363148,713894952365.0,664078324905.0,3.13622411274,0.048969561236433146,0.07501619250579594,-0.024044801401843396,0.016414567156309845,-0.04668349115746717,,,-0.04668349115746717,0.07303122205561974,-0.23525851294593636,0.07303122205561974,90.20608775271337,40.663301768506564,70.38897335903064,EXCELLENT
1995-10-04,1995-10-11,MODERATE,DEFENSIVE,TQQQ,SQQQ,5,True,713894952365.0,2.95370542863,3.53006201101,661781319185.0,0.07874751321808127,-0.16327095121343105,-0.07299902178514828,0.05777720931259833,,,,-0.07299902178514828,0.05777720931259833,0.0,0.05777720931259833,67.34580975731379,50.0,60.40748585438827,FAIR
1995-10-11,1995-10-12,DEFENSIVE,MODERATE,SQQQ,TQQQ,1,True,2.95370542863,654514246845.0,755141810455.0,2.95370542863,0.0,-0.13325651184559395,,,,,,0.0,0.0,-0.22464665011000173,0.0,100.0,,,EXCELLENT
1995-10-12,1996-02-05,MODERATE,DEFENSIVE,TQQQ,SQQQ,79,False,654514246845.0,3.38194195228,3.17079809278,507479813842.0,0.28973454508434515,0.0665901307247474,0.01707751258414847,-0.08650786561474,-0.13913608610198225,-0.05208660960297384,-0.2135167604275161,-0.22464665011000173,0.026192201625306666,-0.08285443401862413,0.026192201625306666,100.0,66.57088680372482,86.62835472148993,EXCELLENT
1996-02-05,1996-04-12,DEFENSIVE,MODERATE,SQQQ,TQQQ,47,False,3.38194195228,499609308678.0,501662869219.0,3.10173306594,0.09033945874226323,-0.004093507147931885,0.01767984322430194,0.03876414151094987,0.04514228988971136,0.0003413372128464598,-0.017543398791928122,-0.08285443401862413,0.13121974650417023,-0.2761732096527605,0.13121974650417023,81.93210825154735,59.028457977942274,72.77064814210533,GOOD
1996-04-12,1996-05-02,MODERATE,AGGRESSIVE,TQQQ,TQQQ,14,False,3.06322144957,3.8592376854,4.17037709925,3.06322144957,0.0,-0.07460702148636766,0.029397707721275257,0.07574974384648958,0.1385087854583804,0.3235218454608022,,0.0,0.3614350669408566,0.0,0.3614350669408566,100.0,100.0,100.0,EXCELLENT
1996-05-02,1996-05-23,AGGRESSIVE,MODERATE,TQQQ,TQQQ,15,False,3.8592376854,4.46718215508,4.55178023215,3.8592376854,0.0,-0.018585712129172927,0.019320066776937095,0.017091882479677745,0.023964952205428602,0.1769328969094648,,0.0,0.17945060740103624,-0.12828279875230142,0.17945060740103624,100.0,85.38657938189296,94.15463175275718,EXCELLENT
1996-05-23,1996-07-01,MODERATE,AGGRESSIVE,TQQQ,TQQQ,26,False,4.46718215508,4.27643817845,4.156858157,3.89411952569,0.14716102718712998,0.02876692370381506,-0.014283773041902537,-0.06560088346447834,-0.002533357511990131,-0.010575937579862082,-0.096928283082794,-0.12828279875230142,0.025874184800939615,-0.36023218904297594,0.025874184800939615,70.56779456257401,49.49332849760197,62.1380081365852,GOOD
1996-07-01,1996-07-05,AGGRESSIVE,MODERATE,TQQQ,TQQQ,3,True,4.27643817845,3.73499023678,4.27643817845,4.02676783648,0.062002666185058564,-0.12661189501077952,-0.03083359639909311,,,,,-0.058382778272850655,0.0,-0.2674873778308211,0.0,87.59946676298829,,,EXCELLENT
1996-07-05,1996-07-17,MODERATE,DEFENSIVE,TQQQ,SQQQ,8,False,389332472033.0,3.24706408171,4.14458020963,384372179877.0,0.012904919803476078,-0.21655175736124166,0.00844464145729229,0.002850227290843499,0.10738061426188072,,,-0.012740504613187209,0.2556359664769088,-0.15741499912771062,0.2556359664769088,56.68964852775167,81.48299982554212,66.60698904686785,FAIR
1996-07-17,1996-07-23,DEFENSIVE,MODERATE,SQQQ,TQQQ,4,True,3.24706408171,502057791909.0,488859854802.0,3.12322935161,0.03964957938044611,0.02699738376419858,0.058612947755491085,-0.03813744569980426,,,,-0.03813744569980426,0.058612947755491085,-0.3351472085458608,0.058612947755491085,92.07008412391077,,,EXCELLENT
1996-07-23,1996-07-26,MODERATE,DEFENSIVE,TQQQ,SQQQ,3,True,502057791909.0,3.22969216212,3.43738407909,449022641409.0,0.1181124193060279,-0.060421504315858576,-0.032858311518826344,,,,,-0.10563554904374994,0.0,-0.0615090579374602,0.0,87.91569913682828,62.30181158749204,77.67014411709378,EXCELLENT
1996-07-26,1996-07-29,DEFENSIVE,MODERATE,SQQQ,TQQQ,1,True,3.22969216212,447173388366.0,502057791909.0,3.22969216212,0.0,-0.10931889600659361,,,,,,0.0,0.0,-0.2535456422357636,0.0,100.0,,,EXCELLENT
1996-07-29,1996-08-13,MODERATE,DEFENSIVE,TQQQ,SQQQ,11,False,447173388366.0,3.75247328316,3.99169884579,333794524422.0,0.33966663815210074,-0.05993076428656641,-0.04663775146192417,-0.13656736184179263,-0.17756605469556885,-0.24220559975128209,,-0.2535456422357636,0.0,-0.08638379718643252,0.0,88.01384714268671,67.2767594372865,79.71901206052664,EXCELLENT
1996-08-13,1997-03-07,DEFENSIVE,MODERATE,SQQQ,TQQQ,143,False,3.75247328316,169286391191.0,164950872888.0,3.42832039212,0.09455151618415436,0.026283694212056563,0.03570836328171301,0.012229316100914378,-0.031056696486819746,0.037098852739270605,0.009402498349112332,-0.08638379718643252,0.051070096083034144,-0.04848443649991607,0.051070096083034144,81.08969676316913,57.41977054785412,71.62172627704312,GOOD
1997-03-07,1997-03-26,MODERATE,DEFENSIVE,TQQQ,SQQQ,13,False,169286391191.0,6.15507060196,6.35860205313,161078635907.0,0.05095495897257796,-0.03200883613557992,-0.04848443649991607,0.005735748314845246,0.0084717434810333,0.10891617126622433,,-0.04848443649991607,0.1522246383935557,-0.17612639412044961,0.1522246383935557,93.59823277288402,85.22527882408993,90.24905119336637,EXCELLENT
1997-03-26,1997-03-31,DEFENSIVE,MODERATE,SQQQ,TQQQ,2,True,6.15507060196,197015700654.0,195055950875.0,5.80567697745,0.06018137520690359,0.010047116072125828,-0.05676516925715536,,,,,-0.05676516925715536,0.0,-0.1538300145846,0.0,87.96372495861928,,,EXCELLENT
1997-03-31,1997-04-04,MODERATE,DEFENSIVE,TQQQ,SQQQ,4,True,197015700654.0,5.82980378615,6.15507060196,190847933989.0,0.03231770203682416,-0.052845342782327,0.0019431372156086812,-0.031305965182094164,,,,-0.031305965182094164,0.05131393879493196,-0.12050136369065179,0.05131393879493196,89.4309314435346,74.10027273813036,83.2986679613729,EXCELLENT
1997-04-04,1997-04-11,DEFENSIVE,MODERATE,SQQQ,TQQQ,5,True,5.82980378615,200168722220.0,207125352259.0,5.61617200561,0.038038681921886086,-0.033586569500681285,0.0356414626326933,0.02038868416504558,,,,-0.03664476342197487,0.06515530452369611,-0.4066781442084184,0.06515530452369611,92.39226361562278,,,EXCELLENT
1997-04-11,1997-05-23,MODERATE,DEFENSIVE,TQQQ,SQQQ,30,False,200168722220.0,8.8035832257,8.58435682896,118764477739.0,0.6854258615938693,0.025537894231099756,-0.06305933500003535,-0.0333263260014629,-0.09486329617536382,-0.1078232478562704,-0.37943559068396393,-0.4066781442084184,0.0,-0.1203713318943197,0.0,100.0,74.07426637886394,89.62970655154558,EXCELLENT
1997-05-23,1997-10-24,DEFENSIVE,MODERATE,SQQQ,TQQQ,107,False,8.8035832257,77847348322.7,74373219525.9,7.74388418738,0.13684334794765696,0.04671209366686302,0.07934577491138062,0.03212309626885057,-0.006740912809997557,-0.025802864042548945,0.00891652198741566,-0.1203713318943197,0.07934577491138062,-0.09430071664444051,0.07934577491138062,72.6313304104686,51.783304397483136,64.29212000527441,GOOD
1997-10-24,1997-10-28,MODERATE,DEFENSIVE,TQQQ,SQQQ,2,True,77847348322.7,9.81392010973,12.9735416079,77847348322.7,0.0,-0.24354348208557064,0.22557404427196737,,,,,0.0,0.22557404427196737,-0.19350102191144147,0.22557404427196737,51.291303582885874,88.70020438228829,66.25486390264683,FAIR
1997-10-28,1997-10-29,DEFENSIVE,MODERATE,SQQQ,TQQQ,1,True,9.81392010973,79127094661.5,95407689519.7,9.81392010973,0.0,-0.17064237631326706,,,,,,0.0,0.0,-0.10894886399379622,0.0,100.0,,,EXCELLENT
1997-10-29,1998-01-06,MODERATE,DEFENSIVE,TQQQ,SQQQ,46,False,79127094661.5,8.1264343382,8.4067327097,70506287587.0,0.12227004668005681,-0.033342129597695225,0.08548502613973996,-0.06808623835674998,-0.056376059719913885,0.14535554332561884,-0.06246754391078391,-0.10894886399379622,0.14535554332561884,-0.14831228772310012,0.14535554332561884,93.33157408046095,79.66245754462003,87.86392746612458,EXCELLENT
1998-01-06,1998-03-31,DEFENSIVE,MODERATE,SQQQ,TQQQ,58,False,8.1264343382,43722722681.7,49816172444.7,6.92118427047,0.17413928319642236,-0.12231870623469165,-0.04552788336095126,-0.14831228772310012,-0.04344646721137513,0.04589105334635657,0.35908013009877404,-0.14831228772310012,0.35908013009877404,-0.154927676545065,0.35908013009877404,65.17214336071552,100.0,79.10328601642931,FAIR
1998-03-31,1998-04-07,MODERATE,AGGRESSIVE,TQQQ,TQQQ,5,True,13.5047962944,12.1960493866,13.9165789701,12.951937103,0.042685444424521046,-0.1236316473464194,0.018493897764571665,0.030491587338548287,,,,-0.04093798820417993,0.030491587338548287,0.0,0.030491587338548287,91.46291111509579,,,EXCELLENT
1998-04-07,1998-08-27,AGGRESSIVE,MODERATE,TQQQ,TQQQ,99,False,12.1960493866,14.6652748733,18.1110571826,12.1960493866,0.0,-0.19025848544117552,0.022147538980678227,0.0518662517548516,0.12600091942792657,0.2911684765151621,0.1389805908757913,0.0,0.2911684765151621,-0.37145493425137543,0.2911684765151621,100.0,100.0,100.0,EXCELLENT
1998-08-27,1998-09-01,MODERATE,DEFENSIVE,TQQQ,SQQQ,3,True,32897890364.6,11.0246495382,18.1110571826,32897890364.6,0.0,-0.39127520679511674,0.10716115922416436,,,,,0.0,0.43554794250024,-0.025622896031407216,0.43554794250024,21.74495864097665,55.124579206281446,35.09680686709857,VERY_POOR
1998-09-01,1998-09-02,DEFENSIVE,MODERATE,SQQQ,TQQQ,1,True,11.0246495382,37416499831.7,47226498825.5,11.0246495382,0.0,-0.2077223431287496,,,,,,0.0,0.0,-0.36672859460987584,0.0,100.0,,,EXCELLENT
1998-09-02,1998-11-10,MODERATE,DEFENSIVE,TQQQ,SQQQ,48,False,37416499831.7,17.4889854833,17.1518640935,23694799433.2,0.5791017745131792,0.019655087514817593,0.03147363208736831,-0.16782254046061318,-0.06320183494546172,-0.1934661530116487,-0.18857272594809205,-0.36672859460987584,0.04138897590543644,-0.026389227873777843,0.04138897590543644,100.0,55.27784557475557,82.11113822990222,EXCELLENT
1998-11-10,1998-12-04,DEFENSIVE,MODERATE,SQQQ,TQQQ,17,False,17.4889854833,12701408430.5,15749550195.6,17.0274646601,0.02710449455704733,-0.19353833774577056,0.006087789923644671,-0.026389227873777843,0.03968925977226134,0.21371862666185537,,-0.026389227873777843,0.3235048269610912,-0.39287143570451777,0.3235048269610912,94.57910108859053,92.74372533237107,93.84495078610274,EXCELLENT
1998-12-04,1999-01-06,MODERATE,DEFENSIVE,TQQQ,SQQQ,21,False,12701408430.5,38.3774820114,35.0275128119,7711387864.94,0.6470975981181342,0.09563822637049757,-0.08558982534484216,-0.09882087773714632,-0.08367907008232167,-0.1893146056327033,-0.39287143570451777,-0.39287143570451777,0.016990216540222258,-0.09304945543168353,0.016990216540222258,100.0,68.6098910863367,87.44395643453468,EXCELLENT
1999-01-06,1999-01-26,DEFENSIVE,MODERATE,SQQQ,TQQQ,13,False,38.3774820114,5845391354.56,7588697825.0,34.8064782094,0.10259595298657942,-0.22972405946866115,0.0032438962765464208,0.05439415610904086,-0.028940521401848995,-0.02318980962939765,,-0.09304945543168353,0.09381862630097704,-0.10061483697600448,0.09381862630097704,79.48080940268412,45.36203807412047,65.83330087125866,GOOD
1999-01-26,1999-07-08,MODERATE,DEFENSIVE,TQQQ,SQQQ,113,False,5845391354.56,52.3346211683,50.7025426759,5257258256.36,0.11187068801280642,0.03218928294844203,0.046995294281827915,-0.09649602264525514,-0.03386856060297139,0.16335294162727187,0.030824017158310957,-0.10061483697600448,0.2094599403947286,-0.22541935639816568,0.2094599403947286,100.0,95.08387127963314,98.03354851185327,EXCELLENT
1999-07-08,1999-10-15,DEFENSIVE,MODERATE,SQQQ,TQQQ,70,False,52.3346211683,2632930500.23,2624831789.33,40.5373845472,0.2910211586878233,0.0030854209145596556,0.02282072608033725,-0.0028822349819811466,0.06676579306580477,-0.1275267083989633,-0.1963788952450699,-0.22541935639816568,0.10603661385746976,-0.4405377285153088,0.10603661385746976,41.79576826243534,63.35315861316096,50.41872440272559,POOR
1999-10-15,1999-11-05,MODERATE,DEFENSIVE,TQQQ,SQQQ,15,False,2632930500.23,71.3888225489,67.4840994679,1806726942.1,0.4572929859393611,0.057861379373630895,0.03871643305476358,-0.07024469426893099,-0.1024479544623138,-0.2573116331710307,,-0.3137961894770207,0.03871643305476358,0.0,0.03871643305476358,100.0,50.0,80.0,EXCELLENT
1999-11-05,2000-01-04,DEFENSIVE,MODERATE,SQQQ,TQQQ,40,False,71.3888225489,736023469.581,876045539.092,71.3888225489,0.0,-0.15983423607878822,0.03278555887508561,0.04373294542099315,0.14641805601346292,0.31163846270136886,0.5045075746757077,0.0,0.5045075746757077,-0.3604768464584964,0.5045075746757077,100.0,100.0,100.0,EXCELLENT
2000-01-04,2000-08-24,MODERATE,DEFENSIVE,TQQQ,SQQQ,162,False,736023469.581,99.7619755775,95.9314790349,470704050.347,0.5636650439663908,0.039929505738220294,0.07726806928639829,-0.18125684515868312,-0.13855779215716546,-0.3554976965312716,-0.3225884248394477,-0.3604768464584964,0.3000811093316549,-0.27607457356038645,0.3000811093316549,100.0,100.0,100.0,EXCELLENT
2000-08-24,2000-09-19,DEFENSIVE,MODERATE,SQQQ,TQQQ,17,False,99.7619755775,198109008.475,222502479.247,72.2202307124,0.38135775243890446,-0.10963235490477763,-0.01452185167759179,-0.00018685464168166632,0.09461470114099102,-0.11976324510352487,,-0.27607457356038645,0.11142474606333952,-0.04532292113880865,0.11142474606333952,23.728449512219107,68.9229402281982,41.806245798610746,VERY_POOR
2000-09-19,2003-04-22,MODERATE,DEFENSIVE,TQQQ,SQQQ,647,False,198109008.475,0.252243469183,0.239864136992,189130129.507,0.04747460910329293,0.051609766871538953,-0.04532292113880865,-0.041592385285396105,0.07211096211610579,0.2778349887301863,0.4625323317922887,-0.04532292113880865,0.7456032559652133,-0.053846281356629055,0.7456032559652133,100.0,60.769256271325816,84.30770250853033,EXCELLENT
2003-04-22,2003-08-27,DEFENSIVE,MODERATE,SQQQ,TQQQ,89,False,0.252243469183,118668683.378,143213840.057,0.238661096371,0.05691071154255534,-0.1713881610131457,0.028358753692093952,-0.053846281356629055,0.03492386383494006,0.13463643684808946,0.010089448488966202,-0.053846281356629055,0.1586332537710624,-0.1740149433665018,0.1586332537710624,88.61785769148894,76.92728736961789,83.94162956274052,EXCELLENT
2003-08-27,2003-09-16,MODERATE,AGGRESSIVE,TQQQ,TQQQ,13,False,0.401982392428,0.458537718972,0.465519922868,0.401982392428,0.0,-0.014998721973022433,0.030314235398214873,0.09728910802729951,0.12630982760543263,0.0660706112140399,,0.0,0.1580604813465314,-0.17227157623607325,0.1580604813465314,100.0,75.26196552108652,90.1047862084346,EXCELLENT
2003-09-16,2004-01-07,AGGRESSIVE,MODERATE,TQQQ,TQQQ,78,False,0.458537718972,0.568702337534,0.554388498862,0.379544703361,0.20812572250775596,0.025819147946579246,-0.013222145765003579,0.01912376992815168,0.007941848971910526,-0.17227157623607325,0.06404006961266595,-0.17227157623607325,0.06404006961266595,-0.10788497602110159,0.06404006961266595,58.37485549844881,62.80801392253319,60.14811886808256,FAIR
2004-01-07,2004-02-11,MODERATE,AGGRESSIVE,TQQQ,TQQQ,24,False,0.568702337534,0.561358623081,0.546277212705,0.507347899486,0.12093168831517564,0.027607613909651274,0.0323101832017727,0.049897068923694166,0.03753594649806358,0.02826970398031614,-0.10360358941988257,-0.10788497602110159,0.07670852797469285,-0.21364623550050044,0.07670852797469285,75.81366233696487,57.50718929961272,68.491073122024,GOOD
2004-02-11,2004-03-01,AGGRESSIVE,MODERATE,TQQQ,TQQQ,12,False,0.561358623081,0.531588228002,0.552887385771,0.50343660627,0.11505324819374718,-0.038523501018744355,-0.02560617517213415,-0.016727024089278286,-0.059727381572906024,-0.07559242285635481,,-0.1031818421049574,0.0,-0.23032725235318674,0.0,76.98935036125056,38.05452368541879,61.41541969091786,GOOD
2004-03-01,2004-03-15,MODERATE,AGGRESSIVE,TQQQ,TQQQ,10,False,0.531588228002,0.437864755883,0.531588228002,0.441426466494,0.20425091912613147,-0.17630840410304838,-0.03293831375990164,-0.01752365015683721,-0.09717900075056907,,,-0.16960827339400897,0.0,-0.06558140027071058,0.0,59.149816174773704,30.564199849886187,47.71556964481869,FAIR
2004-03-15,2004-03-19,AGGRESSIVE,MODERATE,TQQQ,TQQQ,4,True,0.437864755883,0.435698371174,0.513333620743,0.437864755883,0.0,-0.15123741448423078,0.015260426538612482,0.03734759906177443,,,,0.0,0.0623261860159674,-0.060935272811468155,0.0623261860159674,100.0,,,EXCELLENT
2004-03-19,2004-03-25,MODERATE,DEFENSIVE,TQQQ,SQQQ,4,True,88202896.8259,0.459690791157,0.4689304451,88202896.8259,0.0,-0.019703676823605742,0.03806036860927953,0.027064605765862115,,,,0.0,0.06355277688061123,-0.02219725060690858,0.06355277688061123,96.05926463527885,54.43945012138172,79.41133882972,EXCELLENT
2004-03-25,2004-05-28,DEFENSIVE,MODERATE,SQQQ,TQQQ,45,False,0.459690791157,72877110.3584,87555553.6316,0.449486919464,0.022701153807029195,-0.16764719842856834,-0.02219725060690858,0.03958238142035264,0.05612497678507644,0.12407279583836717,0.14129323001342642,-0.02219725060690858,0.17795338738700406,-0.07476714636877702,0.17795338738700406,95.45976923859416,78.25864600268528,88.5793199442306,EXCELLENT
2004-05-28,2004-06-23,MODERATE,AGGRESSIVE,TQQQ,TQQQ,16,False,0.48649261403,0.509438284961,0.514922754252,0.465382083327,0.04536171773541775,-0.010651052503917735,0.004578417541736046,-0.04339332210642399,0.049072756441740806,0.020026132259839846,,-0.04339332210642399,0.05843899660981666,-0.20929483117501158,0.05843899660981666,90.92765645291645,59.81455128834816,78.48241438708914,EXCELLENT
2004-06-23,2004-07-21,AGGRESSIVE,MODERATE,TQQQ,TQQQ,19,False,0.509438284961,0.402815485116,0.466155019891,0.409084334233,0.24531359998459856,-0.13587654765534973,-0.010634450907855864,-0.001619341104414862,0.045674528147764626,-0.125501906398524,,-0.19698941695299277,0.045674528147764626,-0.17951597981437128,0.045674528147764626,50.93728000308029,59.134905629552925,54.21633025366934,FAIR
2004-07-21,2004-08-18,MODERATE,DEFENSIVE,TQQQ,SQQQ,20,False,85194886.6596,0.376609765685,0.393699029906,80795301.1197,0.05445348280071283,-0.04340692489153519,-0.04087049864051495,0.02715531120950554,-0.0022925134835893868,0.0071016097364784425,,-0.05164142723117582,0.17181843569540733,-0.02327149275871543,0.17181843569540733,91.31861502169296,54.65429855174308,76.652888433713,EXCELLENT
2004-08-18,2004-11-12,DEFENSIVE,MODERATE,SQQQ,TQQQ,61,False,0.376609765685,57464996.9552,66135391.9109,0.36784549425,0.023825958376544554,-0.13110068157426313,-0.02327149275871543,0.014736375008506775,0.054808699074640366,0.027473801945046228,0.11294388830473756,-0.02327149275871543,0.15313202562632577,-0.12003490769829095,0.15313202562632577,95.23480832469109,72.58877766094751,86.17639605919365,EXCELLENT
2004-11-12,2005-02-04,MODERATE,AGGRESSIVE,TQQQ,TQQQ,57,False,0.543127426328,0.51730821721,0.508780229685,0.532488939789,0.01997879344351361,0.01676163307343903,0.004663637854057212,0.02307837554023706,-0.015236088133031678,0.03752383222439626,0.1133773253623398,-0.01958745963341446,0.1133846844033426,-0.0828229307937074,0.1133846844033426,96.00424131129728,72.67546507246796,86.67273081576555,EXCELLENT
2005-02-04,2005-03-15,AGGRESSIVE,MODERATE,TQQQ,TQQQ,26,False,0.51730821721,0.47829596445,0.522254578095,0.474463234537,0.09030200773050368,-0.08417085361959953,-0.010922265400060804,-0.054869641327343066,-0.010823595755346416,-0.04209880218886841,0.009561728811649628,-0.0828229307937074,0.021334299952787683,-0.08833644615543645,0.021334299952787683,81.93959845389926,51.91234576232993,69.92869737727153,GOOD
2005-03-15,2005-04-21,MODERATE,AGGRESSIVE,TQQQ,TQQQ,26,False,0.47829596445,0.420462398299,0.472301045442,0.43604499874,0.09689588421398887,-0.1097576379372337,-0.03190854762604933,-0.036065074502219185,-0.07425730434677935,-0.025431371629880406,-0.08833644615543645,-0.08833644615543645,0.0,-0.08029283538451515,0.0,80.62082315720222,44.91372567402392,66.3379841639309,GOOD
2005-04-21,2005-05-19,AGGRESSIVE,MODERATE,TQQQ,TQQQ,20,False,0.420462398299,0.482842965666,0.471588442394,0.386702280167,0.0873026094323015,0.023865138031939237,-0.05452702413045851,-0.05741978874846132,-0.08029283538451515,-0.0006005512217537312,,-0.08029283538451515,0.12159480681704893,-0.008386075028378848,0.12159480681704893,82.5394781135397,49.87988975564925,69.47564277038352,GOOD
2005-05-19,2005-10-24,MODERATE,AGGRESSIVE,TQQQ,TQQQ,109,False,0.482842965666,0.522332843681,0.503013904044,0.478793808329,0.008456996031614539,0.03840637302803085,0.012746579899969745,0.03685061305482118,0.05266520564491395,0.04083359791066821,0.026399740434072116,-0.008386075028378848,0.09231720080775485,-0.08893931158265744,0.09231720080775485,98.30860079367709,60.53304112898279,83.19837692779936,EXCELLENT
2005-10-24,2005-11-17,AGGRESSIVE,MODERATE,TQQQ,TQQQ,18,False,0.522332843681,0.604253856086,0.581069775099,0.475876920147,0.09762172017010107,0.03989896219098643,-0.009493093296710775,-0.08893931158265744,-0.025595783307022946,0.0667399487371505,,-0.08893931158265744,0.11245115471596123,-0.010569731556816064,0.11245115471596123,80.47565596597978,63.3479897474301,73.62458947855991,GOOD
2005-11-17,2006-01-06,MODERATE,AGGRESSIVE,TQQQ,TQQQ,33,False,0.604253856086,0.661532138691,0.628936307686,0.597867055035,0.010682644238736438,0.05182691888933477,0.005787696859153035,0.03073938170343493,0.04253758532298346,0.05376749124688418,0.018864275291240684,-0.010569731556816064,0.05376749124688418,-0.14103993834618722,0.05376749124688418,97.86347115225271,60.75349824937683,83.01948199110237,EXCELLENT
2006-01-06,2006-01-20,AGGRESSIVE,MODERATE,TQQQ,TQQQ,9,False,0.661532138691,0.591945395648,0.687453189728,0.638270567539,0.03644468715154825,-0.13892988716481036,0.011525536451013396,0.03918335863211575,0.018004021920336788,,,-0.0351631761958362,0.03918335863211575,-0.06344537909596781,0.03918335863211575,92.71106256969036,53.60080438406736,77.06695929544117,EXCELLENT
2006-01-20,2006-02-10,MODERATE,DEFENSIVE,TQQQ,SQQQ,15,False,45258243.6208,0.573164852602,0.629961603316,42387188.261,0.06773403657070665,-0.09015906749718172,-0.00013102052854030433,0.0008530533204840207,-0.05866768831214031,0.026155853705201126,,-0.06343718028157219,0.049432286337594444,-0.04535088734244086,0.049432286337594444,81.96818650056366,59.07017746848817,72.80898288773346,GOOD
2006-02-10,2006-03-27,DEFENSIVE,MODERATE,SQQQ,TQQQ,30,False,0.573164852602,45414000.6425,47518176.1053,0.547171317943,0.047505294606300597,-0.04428148627037287,-0.032757865210617965,0.014923942862455464,0.01732432571697684,0.051292947206263095,-0.031023303353786114,-0.04535088734244086,0.051292947206263095,-0.09433166984612462,0.051292947206263095,90.49894107873988,60.25858944125262,78.40280042374498,EXCELLENT
2006-03-27,2006-05-30,MODERATE,AGGRESSIVE,TQQQ,TQQQ,44,False,0.580482427031,0.459314128371,0.521904252039,0.57233852629,0.014229167471548898,-0.11992644900567495,-0.014029538814212872,0.04837382094342102,0.04383322237873921,0.0629731797842139,0.024026342489529284,-0.014029538814212872,0.10251458813898262,-0.10899288183350553,0.10251458813898262,97.15416650569023,62.59463595684278,83.33035428615125,EXCELLENT
2006-05-30,2006-06-01,AGGRESSIVE,MODERATE,TQQQ,TQQQ,2,True,0.459314128371,0.498897965834,0.491769823715,0.459314128371,0.0,0.014494874990806705,0.015344508099492282,,,,,0.0,0.015344508099492282,-0.1796876598427104,0.015344508099492282,100.0,,,EXCELLENT
2006-06-01,2006-08-14,MODERATE,DEFENSIVE,TQQQ,SQQQ,51,False,51297120.519,0.376511187224,0.390765668963,51297120.519,0.0,-0.036478336945075185,0.008257452884574912,0.07786269507701915,0.10878594891175353,0.08282460933701596,0.050534130605632166,0.0,0.21403954845054596,0.0,0.21403954845054596,92.70433261098496,50.0,75.62259956659098,EXCELLENT
2006-08-14,2006-09-14,DEFENSIVE,MODERATE,SQQQ,TQQQ,22,False,0.376511187224,49987791.0254,56005869.0132,0.376511187224,0.0,-0.10745441672160472,0.07999980051078803,0.16190755034785376,0.1330085751693908,0.14969207236721216,0.2423556490785288,0.0,0.2423556490785288,-0.14691566705294778,0.2423556490785288,100.0,98.47112981570575,99.3884519262823,EXCELLENT
2006-09-14,2007-02-27,MODERATE,AGGRESSIVE,TQQQ,TQQQ,112,False,0.476189716144,0.554536405075,0.648992428503,0.471870075895,0.009154300028046736,-0.14554256610647553,0.01314636518128176,-0.00902253886075266,0.014713496214775912,0.06138019787298643,0.16462481575997323,-0.009071259001514731,0.16462481575997323,-0.07507827133435752,0.16462481575997323,98.16913999439065,82.92496315199465,92.07146925743224,EXCELLENT
2007-02-27,2007-02-28,AGGRESSIVE,MODERATE,TQQQ,TQQQ,1,True,0.554536405075,0.559304695697,0.648992428503,0.554536405075,0.0,-0.1381953453800353,,,,,,0.0,0.0,-0.08296358972844742,0.0,100.0,,,EXCELLENT
2007-02-28,2007-03-20,MODERATE,DEFENSIVE,TQQQ,SQQQ,14,False,40315612.3636,0.559483997036,0.5512775616,40315612.3636,0.0,0.014886213420662653,0.014610904594167362,0.08678103583163788,0.04652848216671601,0.023772616373931577,,0.0,0.08678103583163788,0.0,0.08678103583163788,100.0,50.0,80.0,EXCELLENT
2007-03-20,2007-04-03,DEFENSIVE,MODERATE,SQQQ,TQQQ,10,False,0.559483997036,38202131.2646,39865828.3515,0.559483997036,0.0,-0.04173240982806259,0.06586937087787459,0.04308952258459087,0.03464901371746043,,,0.0,0.06586937087787459,-0.1395292890959552,0.06586937087787459,100.0,56.92980274349209,82.77192109739684,EXCELLENT
2007-04-03,2007-07-31,MODERATE,AGGRESSIVE,TQQQ,TQQQ,82,False,0.583110900973,0.686171312215,0.830083844201,0.583048050401,0.00010779655631587559,-0.17337107930889006,0.008569001866818748,0.01828109105868614,-0.00010778493747087836,0.05506381327020793,0.14983913949337335,-0.00010778493747087836,0.1548488246323847,-0.14023763260427446,0.1548488246323847,99.97844068873682,79.96782789867467,91.97419557271196,EXCELLENT
2007-07-31,2007-08-01,AGGRESSIVE,MODERATE,TQQQ,TQQQ,1,True,0.686171312215,0.699696136,0.830083844201,0.686171312215,0.0,-0.15707775679757396,,,,,,0.0,0.0,-0.15685646743517245,0.0,100.0,,,EXCELLENT
2007-08-01,2007-09-26,MODERATE,DEFENSIVE,TQQQ,SQQQ,39,False,30787174.7416,0.832108364708,0.818830737084,29024166.8127,0.06074275758808567,0.01621535077113001,-0.02680427203620417,-0.005549892061681327,-0.05726436230986154,0.1307745359193282,-0.023423171919883745,-0.05726436230986154,0.16483601367107004,0.0,0.16483601367107004,100.0,50.0,80.0,EXCELLENT
2007-09-26,2007-09-28,DEFENSIVE,MODERATE,SQQQ,TQQQ,2,True,0.832108364708,24616413.3877,28783412.7772,0.832108364708,0.0,-0.14477085888858787,0.0110318241028875,,,,,0.0,0.0110318241028875,-0.14944479403478705,0.0110318241028875,100.0,,,EXCELLENT
2007-09-28,2007-10-19,MODERATE,AGGRESSIVE,TQQQ,TQQQ,15,False,0.834530504493,0.871389338268,0.944966083167,0.834530504493,0.0,-0.07786178383504705,0.03664939480861906,0.015194797185638764,0.08195296017795073,0.12056801711176268,,0.0,0.13233258470412967,-0.21402334181031912,0.13233258470412967,100.0,74.11360342235254,89.64544136894102,EXCELLENT
2007-10-19,2007-10-23,AGGRESSIVE,MODERATE,TQQQ,TQQQ,2,True,0.871389338268,0.962869046483,0.944966083167,0.871389338268,0.0,0.018945614699735325,0.0366563478989641,,,,,0.0,0.0366563478989641,-0.2886969598039808,0.0366563478989641,100.0,,,EXCELLENT
2007-10-23,2008-05-02,MODERATE,DEFENSIVE,TQQQ,SQQQ,132,False,20937618.5591,0.596634495378,0.595498389093,19975407.2013,0.04816979939900201,0.0019078242793071354,0.0233734270599415,0.01291039894231516,-0.004209331655900872,-0.028502559109838566,0.24536014838073483,-0.04595610313006682,0.34995780515427266,-0.047426544449248986,0.34995780515427266,100.0,59.4853088898498,83.79412355593992,EXCELLENT
2008-05-02,2008-06-06,DEFENSIVE,MODERATE,SQQQ,TQQQ,24,False,0.596634495378,23546185.0289,25017753.9721,0.568338182963,0.04978780814528183,-0.058820985482593846,-0.009393068716969433,-0.047426544449248986,-0.03506072578446373,0.07033801993700073,0.025656740060431504,-0.047426544449248986,0.07071432888450424,0.0,0.07071432888450424,90.04243837094363,64.06760398740015,79.65250461752623,EXCELLENT
2008-06-06,2009-06-04,MODERATE,DEFENSIVE,TQQQ,SQQQ,250,False,23546185.0289,0.131891489532,0.128706024068,23546185.0289,0.0,0.024749932934895247,0.01614658318251405,0.10552411666052719,0.03629936462110295,0.09104703357544919,0.2667009875906581,0.0,0.2898091908869531,-0.1341940441783076,0.2898091908869531,100.0,76.83880883566152,90.73552353426462,EXCELLENT
2009-06-04,2009-07-06,DEFENSIVE,MODERATE,SQQQ,TQQQ,21,False,0.131891489532,20147246.0739,21023583.5774,0.114192437159,0.15499320982488607,-0.04168354554178133,0.0008426768504501414,0.017237651694337552,0.007775924478820695,-0.07944420007067843,-0.09784798012209017,-0.1341940441783076,0.017237651694337552,-0.323909930943567,0.017237651694337552,69.00135803502279,51.55518489576414,62.02288877931933,FAIR
2009-07-06,2009-07-07,MODERATE,DEFENSIVE,TQQQ,SQQQ,1,True,20147246.0739,0.108786055395,0.128778307968,20147246.0739,0.0,-0.15524549816237576,,,,,,0.0,0.0,0.0,0.0,68.95090036752485,50.0,61.37054022051491,FAIR
2009-07-07,2009-07-08,DEFENSIVE,MODERATE,SQQQ,TQQQ,1,True,0.108786055395,21308382.4706,21648216.1834,0.108786055395,0.0,-0.01569800069996463,,,,,,0.0,0.0,-0.36078826925540575,0.0,100.0,,,EXCELLENT
2009-07-08,2009-07-09,MODERATE,DEFENSIVE,TQQQ,SQQQ,1,True,21308382.4706,0.111141351937,0.128778307968,21308382.4706,0.0,-0.13695595406784333,,,,,,0.0,0.0,0.0,0.0,72.60880918643133,50.0,63.5652855118588,GOOD
2009-07-09,2009-07-10,DEFENSIVE,MODERATE,SQQQ,TQQQ,1,True,0.111141351937,20920960.8838,21648216.1834,0.111141351937,0.0,-0.03359423674628981,,,,,,0.0,0.0,-0.3489511254262231,0.0,100.0,,,EXCELLENT
2009-07-10,2009-07-13,MODERATE,DEFENSIVE,TQQQ,SQQQ,1,True,20920960.8838,0.118873823511,0.128778307968,20920960.8838,0.0,-0.07691112434449099,,,,,,0.0,0.0,0.0,0.0,84.61777513110181,50.0,70.77066507866108,GOOD
2009-07-13,2009-08-05,DEFENSIVE,MODERATE,SQQQ,TQQQ,17,False,0.118873823511,13936168.2262,15420175.4412,0.118873823511,0.0,-0.09623802405224224,0.010553487638798043,0.1505246342509059,0.20781690409507192,0.33923922401022444,,0.0,0.4117172443054389,-0.06501342244826303,0.4117172443054389,100.0,100.0,100.0,EXCELLENT
2009-08-05,2009-08-17,MODERATE,AGGRESSIVE,TQQQ,TQQQ,8,False,0.163455991752,0.148015312769,0.167816226547,0.15730228822,0.03912024168010553,-0.11799165185289395,-0.026392779657446908,-0.008474918062971959,0.007336277876061947,,,-0.03764746379769657,0.02414193461924108,0.0,0.02414193461924108,92.17595166397889,51.46725557521239,75.89247322847228,EXCELLENT
2009-08-17,2009-08-31,AGGRESSIVE,MODERATE,TQQQ,TQQQ,10,False,0.148015312769,0.165286063535,0.170935742814,0.148015312769,0.0,-0.033051479965472086,0.041328634366005756,0.09613781694470913,0.13762339092436315,,,0.0,0.15485174889148623,-0.057142099563645465,0.15485174889148623,100.0,77.52467818487263,91.00987127394905,EXCELLENT
2009-08-31,2009-09-01,MODERATE,DEFENSIVE,TQQQ,SQQQ,1,True,13425662.6198,0.15631506512,0.170935742814,13425662.6198,0.0,-0.08553318020742551,,,,,,0.0,0.0,-0.003031021249527699,0.0,82.8933639585149,50.60620424990554,69.97850007507115,GOOD
2009-09-01,2009-09-02,DEFENSIVE,MODERATE,SQQQ,TQQQ,1,True,0.15631506512,14211128.3341,14232360.6925,0.15631506512,0.0,-0.00149183672749309,,,,,,0.0,0.0,-0.22828199801810145,0.0,100.0,,,EXCELLENT
2009-09-02,2009-09-03,MODERATE,DEFENSIVE,TQQQ,SQQQ,1,True,14211128.3341,0.159256828163,0.170935742814,14211128.3341,0.0,-0.06832342059500207,,,,,,0.0,0.0,0.0,0.0,86.33531588099959,50.0,71.80118952859975,EXCELLENT
2009-09-03,2009-09-04,DEFENSIVE,MODERATE,SQQQ,TQQQ,1,True,0.159256828163,13028080.7425,14211128.3341,0.159256828163,0.0,-0.08324797044871135,,,,,,0.0,0.0,-0.1582042066930336,0.0,100.0,,,EXCELLENT
2009-09-04,2009-09-08,MODERATE,DEFENSIVE,TQQQ,SQQQ,1,True,13028080.7425,0.173945899479,0.170935742814,13028080.7425,0.0,0.017609872665867332,,,,,,0.0,0.0,0.0,0.0,100.0,50.0,80.0,EXCELLENT
2009-09-08,2009-09-22,DEFENSIVE,MODERATE,SQQQ,TQQQ,10,False,0.173945899479,10966983.5639,12659311.2239,0.173945899479,0.0,-0.13368244370238647,0.026043424562284256,0.055740197176482154,0.08207640016097995,,,0.0,0.14656479112390852,-0.052528553922181476,0.14656479112390852,100.0,66.415280032196,86.56611201287839,EXCELLENT
2009-09-22,2009-10-06,MODERATE,AGGRESSIVE,TQQQ,TQQQ,10,False,0.200287937884,0.189194889685,0.200287937884,0.175538179803,0.14099358959273567,-0.05538550307220558,-0.01708811800729726,-0.06833281748063436,-0.030115613984170286,,,-0.12357088670678829,0.0,-0.07354139844456453,0.0,71.80128208145287,43.97687720316594,60.67152013013809,GOOD
2009-10-06,2009-10-22,AGGRESSIVE,MODERATE,TQQQ,TQQQ,12,False,0.189194889685,0.20861232916,0.206403021227,0.189194889685,0.0,0.010703854623185238,0.009052458530204088,0.03964093944337965,0.04397315801632673,0.08993629879395759,,0.0,0.09095452615369615,-0.15977529408358193,0.09095452615369615,100.0,67.98725975879151,87.1949039035166,EXCELLENT
2009-10-22,2009-10-30,MODERATE,AGGRESSIVE,TQQQ,TQQQ,6,False,0.20861232916,0.175281232919,0.20861232916,0.180609668767,0.15504518990688987,-0.15977529408358193,-0.016293426178052295,-0.06860891572243832,-0.08921307262106215,,,-0.1342330077314018,0.0,0.0,0.0,68.99096201862203,32.15738547578757,54.257531401488244,FAIR
2009-10-30,2009-12-08,AGGRESSIVE,MODERATE,TQQQ,TQQQ,26,False,0.175281232919,0.208710358109,0.216682832997,0.175281232919,0.0,-0.03679329265604714,0.010302601544539103,0.02418787602298078,0.11638470629326969,0.2293556001718553,0.1815855691562167,0.0,0.27797625305109563,0.0,0.27797625305109563,100.0,95.87112003437106,98.34844801374842,EXCELLENT
2009-12-08,2010-01-22,MODERATE,AGGRESSIVE,TQQQ,TQQQ,30,False,0.208710358109,0.214788918841,0.254053865032,0.208710358109,0.0,-0.15455362659432204,0.028621597313729152,0.03235680270584895,0.0424326534784385,0.11881293519725267,0.18518489378862002,0.0,0.20784916662039588,-0.10671025692422664,0.20784916662039588,100.0,87.036978757724,94.8147915030896,EXCELLENT
2010-01-22,2010-01-29,AGGRESSIVE,MODERATE,TQQQ,TQQQ,5,True,0.214788918841,0.195294631988,0.254053865032,0.205792624344,0.043715339777979256,-0.23128651491524765,0.012556459590899571,0.040226510299611995,,,,-0.04188435113665989,0.040226510299611995,-0.017542181401127843,0.040226510299611995,91.25693204440415,,,EXCELLENT
2010-01-29,2010-02-16,MODERATE,DEFENSIVE,TQQQ,SQQQ,11,False,10077180.9891,0.214419201016,0.210155945146,9311091.0,0.08227714551388221,0.0202861540130983,-0.03301460739663786,-0.07480616780083504,-0.020091234704327943,-0.07602225165238596,,-0.07602225165238596,0.005450450871072876,-0.011198012093240006,0.005450450871072876,100.0,52.239602418648005,80.89584096745921,EXCELLENT
2010-02-16,2010-02-26,DEFENSIVE,MODERATE,SQQQ,TQQQ,8,False,0.214419201016,8665878.0,9389154.0,0.21201813221,0.011324827650220914,-0.07703313844889537,0.016970374573536784,0.03625015280427246,-0.011198012093240006,,,-0.011198012093240006,0.03625015280427246,-0.20760037240311946,0.03625015280427246,97.73503446995582,47.760397581351995,77.74517971451428,EXCELLENT
2010-02-26,2010-05-04,MODERATE,AGGRESSIVE,TQQQ,TQQQ,46,False,0.221028447151,0.277195781469,0.316406100988,0.221028447151,0.0,-0.12392403116299922,0.04289411262760656,0.05499148922987396,0.11378498221008826,0.18087020750179095,0.2328384986745231,0.0,0.2519888130279886,-0.2559403695035457,0.2519888130279886,100.0,96.56769973490462,98.62707989396185,EXCELLENT
2010-05-04,2010-05-06,AGGRESSIVE,MODERATE,TQQQ,TQQQ,2,True,0.277195781469,0.245931014419,0.316406100988,0.272640645504,0.01670747205200973,-0.22273618096786574,-0.01643291950858705,,,,,-0.01643291950858705,0.0,-0.16134940840114864,0.0,96.65850558959805,,,EXCELLENT
2010-05-06,2010-05-10,MODERATE,DEFENSIVE,TQQQ,SQQQ,2,True,7430335.0,0.262045741081,0.314054399729,7430335.0,0.0,-0.16560398037053037,0.06549563377694279,,,,,0.0,0.06549563377694279,-0.22463599746810792,0.06549563377694279,66.87920392589393,94.92719949362159,78.09840215298499,FAIR
2010-05-10,2010-05-11,DEFENSIVE,MODERATE,SQQQ,TQQQ,1,True,0.262045741081,6759507.0,7916989.5,0.262045741081,0.0,-0.14620235381138247,,,,,,0.0,0.0,-0.05449295340621729,0.0,100.0,,,EXCELLENT
2010-05-11,2010-07-28,MODERATE,DEFENSIVE,TQQQ,SQQQ,54,False,6759507.0,0.226573050022,0.23135048151,6391161.5,0.05763357724570106,-0.020650190381356515,-0.05449295340621729,0.045831966739586116,0.07831103658891103,0.1993863605733377,0.23980506270649626,-0.05449295340621729,0.23980506270649626,-0.15819832345250084,0.23980506270649626,95.8699619237287,81.63966469050017,90.17784303043729,EXCELLENT
2010-07-28,2010-08-20,DEFENSIVE,MODERATE,SQQQ,TQQQ,17,False,0.226573050022,7302267.5,7412039.0,0.205804377794,0.1009146280104325,-0.014809892392633084,-0.02381693988528666,0.03572738286046806,0.05462760423094526,-0.04632096157500165,,-0.0916643538407741,0.06173023980408043,-0.24402885815946895,0.06173023980408043,79.8170743979135,60.92552084618905,72.26045297722372,GOOD
2010-08-20,2010-09-14,MODERATE,DEFENSIVE,TQQQ,SQQQ,16,False,7302267.5,0.243431016803,0.240386486053,6146003.5,0.18813266214378177,0.012665149360054917,0.027893801480156633,0.05578732907278461,0.047770367218127774,-0.08301318734215091,,-0.15834314478345257,0.09236658339344594,0.0,0.09236658339344594,100.0,50.0,80.0,EXCELLENT
2010-09-14,2010-09-24,DEFENSIVE,MODERATE,SQQQ,TQQQ,8,False,0.243431016803,5250753.5,6439948.5,0.243431016803,0.0,-0.18465908539485987,0.016982282304417673,0.04230123456425994,0.09314579442581761,,,0.0,0.09660163981088132,-0.12590021603566037,0.09660163981088132,100.0,68.62915888516352,87.4516635540654,EXCELLENT
2010-09-24,2010-12-01,MODERATE,AGGRESSIVE,TQQQ,TQQQ,47,False,0.27900275588,0.339105248451,0.338238298893,0.260362327099,0.0715941856438862,0.002563132444898697,-0.011447610543939168,-0.016946565388169854,-0.03327241542371251,0.006564884731059095,0.12261344772419958,-0.0668109127531964,0.12261344772419958,0.0,0.12261344772419958,85.68116287122277,74.52268954483992,81.21777354066963,EXCELLENT
2010-12-01,2010-12-16,AGGRESSIVE,MODERATE,TQQQ,TQQQ,11,False,0.339105248451,0.365790098906,0.364775002003,0.339105248451,0.0,0.002782802816602148,0.03036652334352774,0.03715556483585547,0.052485814455248025,0.05664550743388341,,0.0,0.07569848496670861,0.0,0.07569848496670861,100.0,61.32910148677668,84.53164059471067,EXCELLENT
2010-12-16,2011-03-03,MODERATE,AGGRESSIVE,TQQQ,TQQQ,52,False,0.365790098906,0.441413342953,0.45837032795,0.365790098906,0.0,-0.036994072179230786,0.0030458993431812242,0.02233026738949273,0.015630836835387685,0.0007433672748748954,0.14454916819546715,0.0,0.14454916819546715,-0.20042644254281194,0.14454916819546715,100.0,78.90983363909342,91.56393345563737,EXCELLENT
2011-03-03,2011-04-06,AGGRESSIVE,MODERATE,TQQQ,TQQQ,24,False,0.441413342953,0.416560173035,0.422005921602,0.352942436934,0.2506666718446895,-0.012904436379298057,-0.014804770982411841,-0.04419043094960762,-0.10632578719533015,-0.17956375958132165,-0.045424482562900104,-0.20042644254281194,0.0,-0.05086610996106844,0.0,49.866665631062105,40.915103487419984,46.28604077360525,POOR
2011-04-06,2011-06-15,MODERATE,AGGRESSIVE,TQQQ,TQQQ,48,False,0.416560173035,0.351209670305,0.41220381856,0.395371377468,0.0535921333069056,-0.14797084720873765,-0.00023738252574545537,-0.02412659256590899,-0.020559916550832558,0.030545936879402324,0.053602304856263716,-0.05086610996106844,0.10530118533754895,-0.0212838049120585,0.10530118533754895,89.28157333861888,60.72046097125274,77.85712839167243,EXCELLENT
2011-06-15,2011-06-16,AGGRESSIVE,MODERATE,TQQQ,TQQQ,1,True,0.351209670305,0.346308529377,0.41220381856,0.351209670305,0.0,-0.15986093824457936,,,,,,0.0,0.0,-0.007432497208863076,0.0,100.0,,,EXCELLENT
2011-06-16,2011-06-22,MODERATE,DEFENSIVE,TQQQ,SQQQ,4,True,3613932.5,0.363140940666,0.375172197819,3354139.75,0.07745436068965228,-0.03206862668113919,0.008100248136897914,-0.07188644226199581,,,,-0.07188644226199581,0.008100248136897914,-0.026448117963195017,0.008100248136897914,93.58627466377216,55.289623592639,78.26761423531889,EXCELLENT
2011-06-22,2011-08-02,DEFENSIVE,MODERATE,SQQQ,TQQQ,28,False,0.363140940666,3078490.25,2862606.0,0.35353654623,0.027166624040479315,0.07541528593176983,0.027675858195905567,0.0208596840640094,0.08002765370024534,0.25126245508055156,0.23463035006666066,-0.026448117963195017,0.25126245508055156,-0.039619664216899775,0.25126245508055156,94.56667519190414,100.0,96.74000511514248,EXCELLENT
2011-08-02,2011-12-21,MODERATE,DEFENSIVE,TQQQ,SQQQ,99,False,3078490.25,0.324772804976,0.359725624323,2956521.5,0.04125413936614364,-0.09716521977765935,-0.026941209250216036,0.1271795484815974,0.1406498688764728,0.058240967305321245,-0.039619664216899775,-0.039619664216899775,0.3312202304360068,0.0,0.3312202304360068,80.56695604446813,50.0,68.34017362668087,GOOD
2011-12-21,2012-01-12,DEFENSIVE,MODERATE,SQQQ,TQQQ,14,False,0.324772804976,2089324.625,2433276.0,0.324772804976,0.0,-0.1413532106509907,0.024389205406485148,0.05899307615801108,0.04496783547834071,0.14755871654506736,,0.0,0.1693581695796993,-0.20490389328561143,0.1693581695796993,100.0,79.51174330901347,91.80469732360538,EXCELLENT
2012-01-12,2012-04-25,MODERATE,AGGRESSIVE,TQQQ,TQQQ,71,False,0.384281337261,0.559093892574,0.581273019314,0.379874497652,0.011600777720638389,-0.03815612630046905,-0.011467742983331308,0.05539848407871273,0.07175852788882908,0.10551325534828404,0.22030243962771756,-0.011467742983331308,0.2469727419979808,-0.23775855302945537,0.2469727419979808,97.67984445587233,94.06048792554351,96.2321018437408,EXCELLENT
2012-04-25,2012-05-16,AGGRESSIVE,MODERATE,TQQQ,TQQQ,15,False,0.559093892574,0.473098188639,0.573797881603,0.483594179153,0.15612204752595527,-0.17549680156134195,0.017887452280971328,0.013813801840051099,0.026299677432183532,-0.09244705698901723,,-0.13503941721382162,0.03533098316645544,-0.12180843528017149,0.03533098316645544,68.77559049480895,55.2599354864367,63.36932849146005,FAIR
2012-05-16,2012-05-21,MODERATE,AGGRESSIVE,TQQQ,TQQQ,3,True,0.473098188639,0.462009042501,0.515922546387,0.426164537668,0.11013035300361684,-0.10449922040344162,-0.06153204681621194,,,,,-0.09920488409819928,0.0,-0.1007300716498406,0.0,77.97392939927663,,,GOOD
2012-05-21,2012-05-31,AGGRESSIVE,MODERATE,TQQQ,TQQQ,7,False,0.462009042501,0.450918912888,0.473098188639,0.452008277178,0.02212518183391965,-0.04688091454081633,-0.0036437463970120376,-0.016074748437383546,0.014786823065233046,,,-0.02164625451671398,0.014786823065233046,-0.07861296860219447,0.014786823065233046,95.57496363321607,52.95736461304661,78.52792402514828,EXCELLENT
2012-05-31,2012-06-01,MODERATE,DEFENSIVE,TQQQ,SQQQ,1,True,1640174.125,0.415470838547,0.468840688467,1640174.125,0.0,-0.11383365657640976,,,,,,0.0,0.0,0.0,0.0,77.23326868471804,50.0,66.33996121083082,GOOD
2012-06-01,2012-06-04,DEFENSIVE,MODERATE,SQQQ,TQQQ,1,True,0.415470838547,1731041.125,1772815.5,0.415470838547,0.0,-0.023563859296130918,,,,,,0.0,0.0,-0.1817862646099757,0.0,100.0,,,EXCELLENT
2012-06-04,2012-06-05,MODERATE,DEFENSIVE,TQQQ,SQQQ,1,True,1731041.125,0.430224299431,0.468840688467,1731041.125,0.0,-0.0823656947571394,,,,,,0.0,0.0,0.0,0.0,83.52686104857212,50.0,70.11611662914328,GOOD
2012-06-05,2012-08-14,DEFENSIVE,MODERATE,SQQQ,TQQQ,49,False,0.430224299431,1228835.0,1392882.75,0.430224299431,0.0,-0.11777570653380554,0.06835575285239459,0.08745864139418424,0.06812604825149049,0.1634076691413735,0.187572648582911,0.0,0.187572648582911,-0.1091813587666367,0.187572648582911,100.0,87.5145297165822,95.00581188663288,EXCELLENT
2012-08-14,2012-11-07,MODERATE,AGGRESSIVE,TQQQ,TQQQ,58,False,0.559638559818,0.486762285233,0.532112300396,0.559638559818,0.0,-0.08522639888093231,0.007077617134330527,0.057501738438940464,0.04936396448805125,0.06050956329923496,0.06917858721813319,0.0,0.11004990107191515,-0.09784325408901084,0.11004990107191515,100.0,63.835717443626635,85.53428697745065,EXCELLENT
2012-11-07,2012-11-30,AGGRESSIVE,MODERATE,TQQQ,TQQQ,16,False,0.486762285233,0.522705674171,0.524586737156,0.439135879278,0.10845482731519085,-0.0035857997386629092,-0.04678525089530927,-0.034986216889930644,-0.08970600192473532,-0.014848743333802594,,-0.09784325408901084,0.07770620910963633,-0.0793710985705266,0.07770620910963633,78.30903453696183,47.030251333239484,65.79752125547289,GOOD
2012-11-30,2013-01-02,MODERATE,AGGRESSIVE,TQQQ,TQQQ,21,False,0.522705674171,0.560430169106,0.538647294044,0.481217950583,0.08621399833014798,0.04043996006823081,-0.004924542273397892,-0.04186453893906106,-0.04091682739224145,-0.05209357474105403,-0.01932175280097692,-0.0793710985705266,0.030498272088366196,-0.028798001545393803,0.030498272088366196,82.7572003339704,46.13564943980462,68.10857997630409,GOOD
2013-01-02,2013-01-24,AGGRESSIVE,MODERATE,TQQQ,TQQQ,15,False,0.560430169106,0.546370565891,0.569045126438,0.54429090023,0.02965191751172025,-0.039846682615373386,-0.014486318364963835,-0.023143309973283732,-0.018903035782137256,-0.014486318364963835,,-0.028798001545393803,0.015372044202657031,-0.013229038493705936,0.015372044202657031,94.06961649765594,47.102736327007236,75.28286442939645,EXCELLENT
2013-01-24,2013-04-18,MODERATE,AGGRESSIVE,TQQQ,TQQQ,58,False,0.546370565891,0.553895235062,0.630237221718,0.539142608643,0.013406392171808612,-0.12113214520699833,0.014859636263092169,0.022108907174201553,0.009967297499123395,0.026458404267121427,0.015765863311016037,-0.013229038493705936,0.06868430822184268,0.0,0.06868430822184268,97.31872156563827,55.29168085342428,80.50790528075268,EXCELLENT
2013-04-18,2013-05-08,AGGRESSIVE,MODERATE,TQQQ,TQQQ,14,False,0.553895235062,0.701330780983,0.692220747471,0.553895235062,0.0,0.013160590093959312,0.04147363233126322,0.10511244164698952,0.12030868993401045,0.19217169814808988,,0.0,0.2497322664158983,-0.029225476182966448,0.2497322664158983,100.0,88.43433962961797,95.37373585184719,EXCELLENT
2013-05-08,2013-06-25,MODERATE,AGGRESSIVE,TQQQ,TQQQ,33,False,0.701330780983,0.63102889061,0.720836222172,0.680834054947,0.03010531845031683,-0.12458770633278604,-0.0035307381768260315,0.017365156890633004,0.03995477622802257,0.03854261693763483,-0.017366091757628377,-0.029225476182966448,0.06536760930233765,0.0,0.06536760930233765,93.97893630993663,57.99095524560451,79.58374388420378,EXCELLENT
2013-06-25,2013-07-12,AGGRESSIVE,MODERATE,TQQQ,TQQQ,12,False,0.63102889061,0.775889337063,0.767869710922,0.63102889061,0.0,0.010443993332372337,0.027302778109486114,0.041581451354208765,0.06433483695137276,0.14545814509739885,,0.0,0.2168534949005574,-0.04172973996209339,0.2168534949005574,100.0,79.09162901947977,91.6366516077919,EXCELLENT
2013-07-12,2013-10-16,MODERATE,AGGRESSIVE,TQQQ,TQQQ,67,False,0.775889337063,0.938275456429,0.917086720467,0.743511676788,0.04354694255088609,0.023104397315022007,0.007784508924769007,0.010974734089313154,-0.026926628124680163,0.0011492431245097023,0.046069208249858606,-0.04172973996209339,0.0685305351820844,0.0,0.0685305351820844,91.29061148982278,59.21384164997172,78.45990355388236,EXCELLENT
2013-10-16,2013-10-29,AGGRESSIVE,MODERATE,TQQQ,TQQQ,9,False,0.938275456429,1.03303420544,1.02808380127,0.938275456429,0.0,0.0048151757316714505,0.01614646495034533,0.07249951561122114,0.058885567903779856,,,0.0,0.09571639567638623,-0.058085024454192724,0.09571639567638623,100.0,61.77711358075597,84.71084543230239,EXCELLENT
2013-10-29,2014-01-24,MODERATE,AGGRESSIVE,TQQQ,TQQQ,59,False,1.03303420544,1.17116105556,1.26007759571,0.973030388355,0.061666950799390774,-0.07056433703187892,-0.003163268972887545,-0.010064946722235013,-0.0010543845249887385,-0.0207991973904178,0.05405910346038745,-0.058085024454192724,0.05405910346038745,-0.08251558286643279,0.05405910346038745,87.66660984012185,60.81182069207749,76.92469418090411,EXCELLENT
2014-01-24,2014-01-30,AGGRESSIVE,MODERATE,TQQQ,TQQQ,4,True,1.17116105556,1.15888357162,1.26007759571,1.10085988045,0.06386023903538285,-0.08030777186620919,-0.029083473804303872,-0.06002690644147568,,,,-0.06002690644147568,0.0,-0.07279553809885442,0.0,87.22795219292342,,,EXCELLENT
2014-01-30,2014-02-25,MODERATE,DEFENSIVE,TQQQ,SQQQ,17,False,455629.34375,1.31334888935,1.3181014061,393501.59375,0.157884366891462,-0.0036055774828901432,0.005521346538603034,0.04801744345510017,0.017902161289408802,-0.1112596388827295,,-0.13635590168241885,0.07478687274517748,-0.05352890565491231,0.07478687274517748,99.27888450342198,60.70578113098246,83.84964315444617,EXCELLENT
2014-02-25,2014-02-26,DEFENSIVE,MODERATE,SQQQ,TQQQ,1,True,1.31334888935,396550.8125,416751.90625,1.31334888935,0.0,-0.048472708695618594,,,,,,0.0,0.0,-0.04171486220318865,0.0,100.0,,,EXCELLENT
2014-02-26,2014-04-01,MODERATE,AGGRESSIVE,TQQQ,TQQQ,24,False,1.30899107456,1.28285109997,1.33533000946,1.20680654049,0.08467350038433663,-0.03930032959509555,0.01966793657371113,-0.007715416251707241,0.04069654399126166,0.02269299537430758,-0.07806358351553166,-0.07806358351553166,0.04069654399126166,-0.16810739560112886,0.04069654399126166,83.06529992313267,58.13930879825233,73.09490347318054,GOOD
2014-04-01,2014-04-04,AGGRESSIVE,MODERATE,TQQQ,TQQQ,3,True,1.28285109997,1.16224956512,1.29295086861,1.26245391369,0.016156776939588724,-0.10108760252468973,0.007872907962768405,,,,,-0.01589988602767467,0.007872907962768405,-0.08178555222792083,0.007872907962768405,96.76864461208226,,,EXCELLENT
2014-04-04,2014-05-02,MODERATE,DEFENSIVE,TQQQ,SQQQ,19,False,437105.46875,1.19690573215,1.20284664631,411187.0625,0.06303312680223261,-0.0049390453706007476,0.025985433292522675,-0.05284272424239711,0.0716776378698647,-0.02807832062842386,,-0.059295543302442355,0.0716776378698647,-0.03706187011095441,0.0716776378698647,99.01219092587985,57.41237402219088,82.37226416440426,EXCELLENT
2014-05-02,2014-05-16,DEFENSIVE,MODERATE,SQQQ,TQQQ,10,False,1.19690573215,408976.40625,428034.15625,1.15254616737,0.038488319197854226,-0.044523900071350875,0.014228555058725112,-0.03375223210555833,-0.02581069447675477,,,-0.03706187011095441,0.023825310075819672,-0.16178951337733805,0.023825310075819672,92.30233616042915,44.83786110464904,73.3165461381171,EXCELLENT
2014-05-16,2014-10-03,MODERATE,AGGRESSIVE,TQQQ,TQQQ,97,False,1.20126199722,1.67978954315,1.78001058102,1.20126199722,0.0,-0.056303619168696306,0.021430862384373972,0.03874052338931766,0.07517329707339582,0.1236403082039721,0.16617217013603902,0.0,0.1867793678142209,-0.18629885141632607,0.1867793678142209,100.0,83.23443402720781,93.29377361088314,EXCELLENT
2014-10-03,2014-10-08,AGGRESSIVE,MODERATE,TQQQ,TQQQ,3,True,1.67978954315,1.69008874893,1.77228629589,1.59779059887,0.051320207002088836,-0.04637938416079801,-0.0068386447735937494,,,,,-0.04881501055556803,0.0,-0.19125745230517954,0.0,89.73595859958223,,,EXCELLENT
2014-10-08,2014-11-10,MODERATE,DEFENSIVE,TQQQ,SQQQ,23,False,275191.90625,1.85507726669,1.84497570992,244623.546875,0.12496082149695953,0.005475170602889934,0.04792269394732607,0.17783941910537204,0.2016622263940584,0.051246737929815156,-0.10276998744398935,-0.11108015417877137,0.22410009106145368,0.0,0.22410009106145368,100.0,50.0,80.0,EXCELLENT
2014-11-10,2014-11-11,DEFENSIVE,MODERATE,SQQQ,TQQQ,1,True,1.85507726669,240430.921875,259335.953125,1.85507726669,0.0,-0.07289784166905611,,,,,,0.0,0.0,-0.10462945470499285,0.0,100.0,,,EXCELLENT
2014-11-11,2014-12-18,MODERATE,AGGRESSIVE,TQQQ,TQQQ,26,False,1.87270522118,1.96876585484,2.04541707039,1.87270522118,0.0,-0.037474614179975,0.005499577004175027,0.027815593090074087,0.04103647563473811,0.07614999691203028,0.02675807271922137,0.0,0.11454257612676488,-0.12168217106724921,0.11454257612676488,100.0,65.22999938240605,86.09199975296242,EXCELLENT
2014-12-18,2014-12-19,AGGRESSIVE,MODERATE,TQQQ,TQQQ,1,True,1.96876585484,1.99075090885,2.04541707039,1.96876585484,0.0,-0.02672616862905952,,,,,,0.0,0.0,-0.1313819606397112,0.0,100.0,,,EXCELLENT
2014-12-19,2015-02-18,MODERATE,DEFENSIVE,TQQQ,SQQQ,39,False,221068.3125,2.13173794746,2.12262558937,216342.046875,0.021846264714925123,0.004292965342373112,-0.007586102485854895,-0.0003447746496911819,-0.02068944752088786,0.1265518746609151,0.05241373353768197,-0.02137920885880018,0.1358622744722855,-0.05919479995669952,0.1358622744722855,100.0,61.838959991339905,84.73558399653596,EXCELLENT
2015-02-18,2015-02-19,DEFENSIVE,MODERATE,SQQQ,TQQQ,1,True,2.13173794746,196217.1875,226404.4375,2.13173794746,0.0,-0.1333332965260453,,,,,,0.0,0.0,-0.047396937386027904,0.0,100.0,,,EXCELLENT
2015-02-19,2015-05-05,MODERATE,AGGRESSIVE,TQQQ,TQQQ,52,False,2.16383004189,2.13413047791,2.32511639595,2.0055501461,0.078920936530952,-0.08214036870268882,0.019225385064745693,0.02535919577217416,0.0325918675010175,0.02444412099196125,0.00640838822899803,-0.07314802582727342,0.04641605260377735,-0.021351681432629555,0.04641605260377735,84.2158126938096,56.5183735002035,73.13683701636717,GOOD
2015-05-05,2015-06-02,AGGRESSIVE,MODERATE,TQQQ,TQQQ,19,False,2.13413047791,2.28093576431,2.33838939667,2.08856320381,0.021817522216648788,-0.02456974550167601,-0.021351681432629555,0.03193440605222175,0.007426385220608012,0.06730399705020185,,-0.021351681432629555,0.0957106047986509,-0.08651064739637349,0.0957106047986509,95.63649555667024,63.460799410040366,82.76621709801829,EXCELLENT
2015-06-02,2015-07-13,MODERATE,AGGRESSIVE,TQQQ,TQQQ,28,False,2.28093576431,2.2413122654,2.2421040535,2.08361053467,0.09470350929630533,-0.0003531451177584133,0.008772817386224485,-0.02067234050945055,-0.05532888370408673,-0.03639346256868892,-0.0760875632297785,-0.08651064739637349,0.023886012430727632,0.0,0.023886012430727632,81.05929814073893,42.72130748626222,65.72410187894825,GOOD
2015-07-13,2015-08-21,AGGRESSIVE,MODERATE,TQQQ,TQQQ,29,False,2.2413122654,1.82110321522,2.35899400711,2.2413122654,0.0,-0.22801702347220854,0.020065111860695595,0.06496953167032804,0.1261381943624642,0.015911079384396176,0.052505732256365345,0.0,0.1261381943624642,-0.1301133288161127,0.1261381943624642,100.0,75.22763887249283,90.09105554899713,EXCELLENT
2015-08-21,2015-08-26,MODERATE,DEFENSIVE,TQQQ,SQQQ,3,True,209023.890625,1.81278252602,2.34730505943,209023.890625,0.0,-0.22771753984963472,0.11998546218812156,,,,,0.0,0.13420894097856184,-0.056830393823458114,0.13420894097856184,54.45649203007306,61.36607876469162,57.22032672392048,FAIR
2015-08-26,2015-08-27,DEFENSIVE,MODERATE,SQQQ,TQQQ,1,True,1.81278252602,185697.40625,237076.765625,1.81278252602,0.0,-0.21672034895342773,,,,,,0.0,0.0,-0.06157640193210834,0.0,100.0,,,EXCELLENT
2015-08-27,2015-10-19,MODERATE,DEFENSIVE,TQQQ,SQQQ,36,False,185697.40625,2.1036195755,2.06657195091,174262.828125,0.06561685155710828,0.017927091565181907,0.0016420362629594454,0.13505716709492277,0.05623967889966153,-0.017241506974468024,0.048440027686170284,-0.06157640193210834,0.13505716709492277,-0.03239735606843319,0.13505716709492277,100.0,56.47947121368664,82.59178848547465,EXCELLENT
2015-10-19,2015-12-08,DEFENSIVE,MODERATE,SQQQ,TQQQ,35,False,2.1036195755,135309.078125,143846.875,2.03546786308,0.03348208716834011,-0.059353370554626195,-0.01657535457746062,0.02495789519239544,0.11348657292907016,0.16528568935158217,0.06592627181511035,-0.03239735606843319,0.1768694422239181,-0.009577493934315395,0.1768694422239181,93.30358256633198,83.05713787031644,89.20500468792576,EXCELLENT
2015-12-08,2015-12-09,MODERATE,DEFENSIVE,TQQQ,SQQQ,1,True,135309.078125,2.31917262077,2.47291278839,135309.078125,0.0,-0.062169668231645714,,,,,,0.0,0.0,-0.21928929000168484,0.0,87.56606635367086,93.85785800033696,90.0827830123373,EXCELLENT
2015-12-09,2015-12-11,DEFENSIVE,MODERATE,SQQQ,TQQQ,2,True,2.31917262077,149182.96875,143846.875,2.31917262077,0.0,0.03709565292954742,0.014180686036678436,,,,,0.0,0.014180686036678436,-0.10168595401410385,0.014180686036678436,100.0,,,EXCELLENT
2015-12-11,2015-12-14,MODERATE,DEFENSIVE,TQQQ,SQQQ,1,True,149182.96875,2.23992562294,2.47291278839,149182.96875,0.0,-0.09421568222860266,,,,,,0.0,0.0,-0.24526821863348813,0.0,81.15686355427947,99.05364372669763,88.31557562324673,GOOD
2015-12-14,2016-01-04,DEFENSIVE,MODERATE,SQQQ,TQQQ,13,False,2.23992562294,151088.765625,150936.3125,2.15433835983,0.03972786480799306,0.0010100493544256128,0.016982246486413333,0.017689436503696587,-0.009641052104067294,0.07677333165388145,,-0.03820986832485218,0.07677333165388145,0.0,0.07677333165388145,92.05442703840139,65.3546663307763,81.37452275535135,EXCELLENT
2016-01-04,2016-01-29,MODERATE,DEFENSIVE,TQQQ,SQQQ,18,False,151088.765625,1.78484749794,1.79990434647,151088.765625,0.0,-0.008365360392361798,0.010090715505506331,0.1352168701325307,0.15338044760732017,0.24924338248593725,,0.0,0.2593339945754156,-0.21567324005792476,0.2593339945754156,98.32692792152764,93.13464801158494,96.25001595755056,EXCELLENT
2016-01-29,2016-02-01,DEFENSIVE,MODERATE,SQQQ,TQQQ,1,True,1.78484749794,168697.984375,190271.21875,1.78484749794,0.0,-0.113381490467801,,,,,,0.0,0.0,-0.06868515304393363,0.0,100.0,,,EXCELLENT
2016-02-01,2016-03-09,MODERATE,DEFENSIVE,TQQQ,SQQQ,26,False,168697.984375,1.78425347805,1.83952856064,157110.9375,0.07375073345864291,-0.030048504694468625,0.061906859994159236,0.07907807878928597,0.24627202218165212,0.11522820321189742,-0.06868515304393363,-0.06868515304393363,0.25892481117559285,-0.0037751372116485715,0.25892481117559285,93.99029906110627,50.75502744232971,76.69619041359564,EXCELLENT
2016-03-09,2016-03-30,DEFENSIVE,MODERATE,SQQQ,TQQQ,14,False,1.78425347805,140187.765625,152918.328125,1.77751767635,0.0037894428784703837,-0.08325073034799113,-0.0037751372116485715,0.053963937497955694,0.08016901796729559,0.07961347736603352,,-0.0037751372116485715,0.12680456322117917,-0.05492109522306965,0.12680456322117917,99.24211142430592,66.03380359345911,85.9587882919672,EXCELLENT
2016-03-30,2016-06-24,MODERATE,AGGRESSIVE,TQQQ,TQQQ,61,False,2.04061818123,1.7489887476,1.99306976795,1.93303966522,0.05565251347170719,-0.12246486514170207,-0.005825231603511005,0.014563429515308313,0.03456302525810462,0.03883550047183837,-0.052718591356054834,-0.052718591356054834,0.04679615182710983,-0.05822426363219202,0.04679615182710983,88.86949730565857,57.76710009436768,76.4285384211422,EXCELLENT
2016-06-24,2016-06-27,AGGRESSIVE,MODERATE,TQQQ,TQQQ,1,True,1.7489887476,1.64715516567,1.99306976795,1.7489887476,0.0,-0.17355870218020275,,,,,,0.0,0.0,0.0,0.0,100.0,,,EXCELLENT
2016-06-27,2016-07-01,MODERATE,DEFENSIVE,TQQQ,SQQQ,4,True,164200.421875,1.93442761898,1.99306976795,140721.390625,0.16684763521537294,-0.02942302869322888,-0.06360281694617298,-0.14299007872144054,,,,-0.14299007872144054,0.0,-0.01771838624702471,0.0,94.11539426135423,53.54367724940494,77.88670745657451,EXCELLENT
2016-07-01,2016-07-19,DEFENSIVE,MODERATE,SQQQ,TQQQ,11,False,1.93442761898,123569.59375,141026.34375,1.90015268326,0.01803799032675424,-0.12378361046462283,-0.01771838624702471,0.01495252864785468,0.0799873422049191,0.12720190322744962,,-0.01771838624702471,0.12720190322744962,-0.13756949209036307,0.12720190322744962,96.39240193464916,75.44038064548992,88.01159341898546,EXCELLENT
2016-07-19,2017-06-02,MODERATE,AGGRESSIVE,TQQQ,TQQQ,220,False,2.15790486336,4.40496206284,4.25954437256,2.15790486336,0.0,0.03413925940454621,0.034244958155818184,0.040029128566632766,0.044436089235507126,0.07565151743335452,0.1351448788182037,0.0,0.15332305296575233,-0.12152556729963471,0.15332305296575233,100.0,77.02897576364074,90.81159030545629,EXCELLENT
2017-06-02,2017-06-08,AGGRESSIVE,MODERATE,TQQQ,TQQQ,4,True,4.40496206284,4.41090488434,4.40496206284,4.35147047043,0.012292762360102794,0.0013491197915489472,-0.0008098182751884453,-0.0013495527941431718,,,,-0.012143485380101793,0.0,-0.14660431867525048,0.0,97.54144752797944,,,EXCELLENT
2017-06-08,2017-06-09,MODERATE,AGGRESSIVE,TQQQ,TQQQ,1,True,4.41090488434,4.09193563461,4.41090488434,4.41090488434,0.0,-0.07231379004848493,,,,,,0.0,0.0,-0.08008152738483443,0.0,100.0,,,EXCELLENT
2017-06-09,2017-06-19,AGGRESSIVE,MODERATE,TQQQ,TQQQ,6,False,4.09193563461,4.14542722702,4.41090488434,3.95404458046,0.03487341918991671,-0.060186665611975276,-0.01810797781208562,-0.008618629267212796,-0.03369824612677286,,,-0.03369824612677286,0.0048418610895104575,-0.0919519333267893,0.0048418610895104575,93.02531616201665,43.26035077464543,73.11933000706816,EXCELLENT
2017-06-19,2017-07-21,MODERATE,DEFENSIVE,TQQQ,SQQQ,23,False,58030.4375,4.44022846222,4.44696331024,54428.546875,0.06617649802909598,-0.0015144824794239842,0.022660319960537967,-0.0062397211808027375,-0.003940954477553271,0.08965506517506427,-0.06206898965736729,-0.06206898965736729,0.08965506517506427,-0.06683978687700587,0.08965506517506427,99.6971035041152,63.367957375401176,85.1654450526296,EXCELLENT
2017-07-21,2017-07-25,DEFENSIVE,MODERATE,SQQQ,TQQQ,2,True,4.44022846222,52961.1132812,59421.6328125,4.44022846222,0.0,-0.10872335924671794,0.013028260597896413,,,,,0.0,0.013028260597896413,-0.008996208523228466,0.013028260597896413,100.0,,,EXCELLENT
2017-07-25,2017-08-17,MODERATE,AGGRESSIVE,TQQQ,TQQQ,17,False,4.46796369553,4.16127729416,4.46518945694,4.14344453812,0.07832110564637706,-0.06806254599290218,0.00895688462733868,-0.012238315075098982,-0.01871206176398499,-0.004345251265005401,,-0.07263245172172439,0.00895688462733868,-0.0053327490819088386,0.00895688462733868,84.33577887072458,49.13094974699892,70.25384722123432,GOOD
2017-08-17,2017-08-18,AGGRESSIVE,MODERATE,TQQQ,TQQQ,1,True,4.16127729416,4.14661645889,4.46518945694,4.16127729416,0.0,-0.07134590841489596,,,,,,0.0,0.0,-0.0018159896085532257,0.0,100.0,,,EXCELLENT
2017-08-18,2017-09-08,MODERATE,DEFENSIVE,TQQQ,SQQQ,14,False,56391.4765625,4.40456628799,4.57534408569,50902.8828125,0.10782481161660629,-0.0373256731081999,0.003041586100514637,-0.03176746153320764,-0.016897638979959995,-0.09733020102633527,,-0.09733020102633527,0.003041586100514637,-0.025098827601127582,0.003041586100514637,92.53486537836002,55.01976552022552,77.52882543510623,EXCELLENT
2017-09-08,2017-09-22,DEFENSIVE,MODERATE,SQQQ,TQQQ,10,False,4.40456628799,52332.2070312,52770.53125,4.40456628799,0.0,-0.008306230928838754,0.031846007029675105,0.04488989714813196,0.03553409126041873,,,0.0,0.04488989714813196,-0.09140560474256598,0.04488989714813196,100.0,57.10681825208375,82.8427273008335,EXCELLENT
2017-09-22,2017-10-27,MODERATE,AGGRESSIVE,TQQQ,TQQQ,25,False,4.43309545517,5.05914831161,4.86221885681,4.29401683807,0.03238893147016886,0.04050197257661092,-0.031372800000911916,0.0016979899161029266,0.021183247058324195,0.06676802689073824,0.08839819831828377,-0.031372800000911916,0.09679994621806398,0.0,0.09679994621806398,93.52221370596622,67.67963966365676,83.18518408904244,EXCELLENT
2017-10-27,2017-11-17,AGGRESSIVE,MODERATE,TQQQ,TQQQ,15,False,5.05914831161,5.31868362427,5.38762903214,5.05914831161,0.0,-0.012796984992601623,0.007127370792283649,0.01644733648725949,0.03947368297183762,0.04754075075799857,,0.0,0.06492806699819131,-0.027042999839972826,0.06492806699819131,100.0,59.508150151599715,83.80326006063989,EXCELLENT
2017-11-17,2017-12-04,MODERATE,AGGRESSIVE,TQQQ,TQQQ,10,False,5.31868362427,5.17485046387,5.58812379837,5.30085277557,0.003363769841369102,-0.0739556512009536,-0.0024584708310779746,0.03307764830139659,0.042985674847576316,,,-0.0033524928271039256,0.05065918432720862,0.0,0.05065918432720862,99.32724603172618,58.59713496951527,83.03520160684181,EXCELLENT
2017-12-04,2017-12-26,AGGRESSIVE,MODERATE,TQQQ,TQQQ,15,False,5.17485046387,5.58733224869,5.81952571869,5.17485046387,0.0,-0.03989903666106098,0.0014545105394931923,0.02473193144875685,0.06209769445582802,0.12457852827265659,,0.0,0.12457852827265659,-0.0162399183780908,0.12457852827265659,100.0,74.91570565453131,89.96628226181252,EXCELLENT
2017-12-26,2018-02-02,MODERATE,AGGRESSIVE,TQQQ,TQQQ,26,False,5.58733224869,6.4257683754,7.21110963821,5.49659442902,0.016508007065418218,-0.10890713110901251,0.0,-0.0162399183780908,0.06453449694969193,0.10829021756704371,0.2354440393979491,-0.0162399183780908,0.26260541404603477,-0.19831048412489283,0.26260541404603477,96.69839858691635,97.08880787958982,96.85456230398574,EXCELLENT
2018-02-02,2018-02-05,AGGRESSIVE,MODERATE,TQQQ,TQQQ,1,True,6.4257683754,5.6840133667,7.21110963821,6.4257683754,0.0,-0.211769942231674,,,,,,0.0,0.0,-0.09369123440488702,0.0,100.0,,,EXCELLENT
2018-02-05,2018-05-15,MODERATE,DEFENSIVE,TQQQ,SQQQ,69,False,38551.7539062,6.41229772568,6.62666082382,30192.5039062,0.27686507968898333,-0.03234858457965084,-0.07722806466714827,0.07772273250110473,-0.030693318204900177,-0.13960413806580285,-0.19356467751263318,-0.21683189875975117,0.07772273250110473,-0.009207467554657067,0.07772273250110473,93.53028308406984,51.841493510931414,76.85476725481448,EXCELLENT
2018-05-15,2018-05-17,DEFENSIVE,MODERATE,SQQQ,TQQQ,2,True,6.41229772568,29472.9160156,33259.84375,6.41229772568,0.0,-0.113858855226883,0.018414117115480355,,,,,0.0,0.018414117115480355,-0.1486049195193907,0.018414117115480355,100.0,,,EXCELLENT
2018-05-17,2018-07-12,MODERATE,AGGRESSIVE,TQQQ,TQQQ,38,False,6.45667457581,7.73493480682,7.48055028915,6.35325670242,0.016277930868212387,0.03400612359213295,-0.016017203929938773,-0.004050402981122692,0.020129051621545546,0.07683351170873665,0.1550782578173202,-0.016017203929938773,0.16667690745200536,-0.07438167539081486,0.16667690745200536,96.74441382635752,81.01565156346405,90.45290892120013,EXCELLENT
2018-07-12,2018-07-19,AGGRESSIVE,MODERATE,TQQQ,TQQQ,5,True,7.73493480682,7.68263101578,7.84786081314,7.70521640778,0.0038569194513464744,-0.021054119242704727,0.0029197968559588894,0.01459947745395751,,,,-0.0038421007781211935,0.01459947745395751,-0.06808001293511268,0.01459947745395751,99.22861610973071,,,EXCELLENT
2018-07-19,2018-10-10,MODERATE,AGGRESSIVE,TQQQ,TQQQ,58,False,7.68263101578,6.6294336319,8.50521755219,7.15959739685,0.07305349587954746,-0.22054508409452822,-0.001392409031232722,0.02011458171980296,0.016246137498161284,0.0018567936414881636,0.004332518498107341,-0.06808001293511268,0.06266455101268731,-0.15563906313280118,0.06266455101268731,85.38930082409051,53.249227499632255,72.53327149430721,EXCELLENT
2018-10-10,2018-10-11,AGGRESSIVE,MODERATE,TQQQ,TQQQ,1,True,6.6294336319,6.36078548431,8.50521755219,6.6294336319,0.0,-0.252131359923631,,,,,,0.0,0.0,-0.11997742949553103,0.0,100.0,,,EXCELLENT
2018-10-11,2018-10-25,MODERATE,DEFENSIVE,TQQQ,SQQQ,10,False,27864.8164062,6.41190004349,7.23329877853,24179.0996094,0.15243399697841187,-0.11355797129217027,-0.08310245909550529,-0.12811631155070802,-0.0734072831804079,,,-0.13227134688674702,0.0547093087417867,-0.21412657308717165,0.0547093087417867,77.28840574156595,92.82531461743433,83.50316929191331,GOOD
2018-10-25,2018-10-26,DEFENSIVE,MODERATE,SQQQ,TQQQ,1,True,6.41190004349,28347.2402344,29389.28125,6.41190004349,0.0,-0.03545649880770729,,,,,,0.0,0.0,-0.15316533169712632,0.0,100.0,,,EXCELLENT
2018-10-26,2019-01-30,MODERATE,DEFENSIVE,TQQQ,SQQQ,63,False,28347.2402344,5.35999059677,5.34570789337,24005.4257812,0.18086804594819217,0.0026718076791503176,0.058543163132547704,-0.05513957177401696,-0.054458701924239517,-0.09462216856457861,0.042205318292259486,-0.15316533169712632,0.1198094611685887,0.0,0.1198094611685887,100.0,50.0,80.0,EXCELLENT
2019-01-30,2019-03-15,DEFENSIVE,MODERATE,SQQQ,TQQQ,31,False,5.35999059677,20437.5957031,23074.7089844,5.35999059677,0.0,-0.11428587390128564,0.04397077943980454,0.06839911873929938,0.08794173680342876,0.09393761873638695,0.13346686576485745,0.0,0.1441262410806332,-0.12467955759656668,0.1441262410806332,100.0,76.69337315297149,90.6773492611886,EXCELLENT
2019-03-15,2019-05-13,MODERATE,AGGRESSIVE,TQQQ,TQQQ,40,False,6.58482599258,6.52762556076,8.05415153503,6.55620336533,0.004365732063980721,-0.18953281020734036,0.009038493470756137,0.030915216257709988,0.008130632358444911,0.02458618529061063,0.12964875109258678,-0.004346755295015048,0.12964875109258678,-0.14246626757061198,0.12964875109258678,99.12685358720385,75.92975021851736,89.84801223972926,EXCELLENT
2019-05-13,2019-05-24,AGGRESSIVE,MODERATE,TQQQ,TQQQ,9,False,6.52762556076,6.43713092804,7.28017282486,6.44665527344,0.012560046083679222,-0.11579970930651795,0.03137539105967879,0.10780753871060988,0.019518426744006723,,,-0.012404248155216235,0.10780753871060988,-0.13041086571088367,0.10780753871060988,97.48799078326415,53.903685348801346,80.05426860947904,EXCELLENT
2019-05-24,2019-06-05,MODERATE,DEFENSIVE,TQQQ,SQQQ,7,False,20183.9550781,6.18469333649,6.85507822037,20183.9550781,0.0,-0.09779390727999848,0.009634141442921962,0.021435555877224344,0.13896935268863286,,,0.0,0.13896935268863286,0.0,0.13896935268863286,80.44121854400031,50.0,68.26473112640019,GOOD
2019-06-05,2019-06-28,DEFENSIVE,MODERATE,SQQQ,TQQQ,17,False,6.18469333649,17208.6191406,18531.1308594,6.18469333649,0.0,-0.07136702713041121,0.023103578175323713,0.12090876947415308,0.10608398825516474,0.19252971532712726,,0.0,0.2252597908339724,-0.12574662519520152,0.2252597908339724,100.0,88.50594306542546,95.40237722617019,EXCELLENT
2019-06-28,2019-08-05,MODERATE,AGGRESSIVE,TQQQ,TQQQ,25,False,7.35518932343,6.57763671875,8.343501091,7.35518932343,0.0,-0.21164548946422623,0.039825153403855396,0.07576471884752611,0.04630070113561513,0.11818009134462915,0.12384610646911365,0.0,0.13436931724132872,0.0,0.13436931724132872,100.0,74.76922129382274,89.9076885175291,EXCELLENT
2019-08-05,2019-08-16,AGGRESSIVE,MODERATE,TQQQ,TQQQ,9,False,6.57763671875,7.02178239822,7.40758132935,6.57763671875,0.0,-0.052081632853817506,0.041093555717283126,0.12617671757915527,0.05629990465639079,,,0.0,0.12617671757915527,-0.05409532760461078,0.12617671757915527,100.0,61.25998093127816,84.50399237251126,EXCELLENT
2019-08-16,2019-09-05,MODERATE,DEFENSIVE,TQQQ,SQQQ,13,False,17189.0390625,7.68978738785,7.38257646561,16263.7382812,0.05689348692788543,0.04161296854439245,-0.04500153849714361,-0.051267454689921,0.0461406410455063,-0.04044456019165554,,-0.053830861512128236,0.0461406410455063,-0.11644493125841249,0.0461406410455063,100.0,73.2889862516825,89.315594500673,EXCELLENT
2019-09-05,2019-09-16,DEFENSIVE,MODERATE,SQQQ,TQQQ,7,False,7.68978738785,15406.9824219,16973.625,7.55642414093,0.017648989049943165,-0.09229864440271307,-0.002787497194508659,-0.017342904321479224,0.021678397867461507,,,-0.017342904321479224,0.021678397867461507,-0.016841808356395926,0.021678397867461507,96.47020219001136,54.3356795734923,79.61639314340374,EXCELLENT
2019-09-16,2019-10-11,MODERATE,AGGRESSIVE,TQQQ,TQQQ,19,False,7.66597032547,7.55404233932,7.33851957321,6.79435062408,0.12828594660700543,0.029368698135900262,0.013202954212296003,0.01708621262918464,-0.013979357088553468,-0.04271484735233744,,-0.11369985329763999,0.01708621262918464,0.0,0.01708621262918464,74.34281067859891,47.20412858228931,63.48733784007507,GOOD
2019-10-11,2019-10-25,AGGRESSIVE,MODERATE,TQQQ,TQQQ,10,False,7.55404233932,8.0755853653,7.89578390121,7.55404233932,0.0,0.022771831947230314,0.0011032715314049923,0.031368121714993036,0.008669626104570671,,,0.0,0.045239561355273405,0.0,0.045239561355273405,100.0,51.73392522091413,80.69357008836565,EXCELLENT
2019-10-25,2020-02-04,MODERATE,AGGRESSIVE,TQQQ,TQQQ,68,False,8.0755853653,12.4631958008,12.0855979919,8.0755853653,0.0,0.031243618160480935,0.030521861176665777,0.020937627134317127,0.04939544973842036,0.08611048947956546,0.09407247281222664,0.0,0.11928650255983198,-0.27535120802561075,0.11928650255983198,100.0,68.81449456244533,87.52579782497813,EXCELLENT
2020-02-04,2020-02-24,AGGRESSIVE,MODERATE,TQQQ,TQQQ,13,False,12.4631958008,11.3971004486,14.0629377365,12.4631958008,0.0,-0.1895647508259165,0.011564506335586033,0.022842448096797696,0.06049917481450473,0.12835728181349082,,0.0,0.12835728181349082,-0.6288671081573571,0.12835728181349082,100.0,75.67145636269817,90.26858254507927,EXCELLENT
2020-02-24,2020-05-20,MODERATE,DEFENSIVE,TQQQ,SQQQ,61,False,9601.61425781,9.6484670639,9.18510150909,9562.04101562,0.004138576913166991,0.05044751594214092,0.0803710069546173,0.22411138345197412,0.03400317309190326,0.37351893851315854,0.5188049738967728,-0.00412151968694352,0.6625451469804176,-0.03074086766070272,0.6625451469804176,100.0,56.14817353214055,82.45926941285622,EXCELLENT
2020-05-20,2020-06-10,DEFENSIVE,MODERATE,SQQQ,TQQQ,14,False,9.6484670639,3933.95800781,4876.51953125,9.35186481476,0.031715840104090676,-0.19328570661920286,-0.03074086766070272,-0.026049527183482746,-0.018642105864980274,0.047654028298475426,,-0.03074086766070272,0.15975307673144123,-0.2030266934075965,0.15975307673144123,93.65683197918186,59.53080565969508,80.00642145138715,EXCELLENT
2020-06-10,2020-06-11,MODERATE,AGGRESSIVE,TQQQ,TQQQ,1,True,11.5936450958,9.88670158386,11.5936450958,11.5936450958,0.0,-0.1472309612581093,,,,,,0.0,0.0,0.0,0.0,100.0,,,EXCELLENT
2020-06-11,2020-06-29,AGGRESSIVE,MODERATE,TQQQ,TQQQ,12,False,9.88670158386,10.9992523193,11.8878631592,9.88670158386,0.0,-0.07474941694734305,0.021686593119187636,0.11361423476902877,0.13313240007049032,0.16156619906963487,,0.0,0.2024094242519554,0.0,0.2024094242519554,100.0,82.31323981392697,92.9252959255708,EXCELLENT
2020-06-29,2020-07-02,MODERATE,DEFENSIVE,TQQQ,SQQQ,3,True,3993.48657227,12.3035831451,12.0474796295,3616.46313477,0.10425197864597568,0.021257850062920358,-0.060869380750622315,,,,,-0.094409591888446,0.0,0.0,0.0,100.0,50.0,80.0,EXCELLENT
2020-07-02,2020-07-06,DEFENSIVE,MODERATE,SQQQ,TQQQ,1,True,12.3035831451,3284.08569336,4117.50927734,12.3035831451,0.0,-0.20240964326822597,,,,,,0.0,0.0,-0.13897282965629654,0.0,100.0,,,EXCELLENT
2020-07-06,2020-07-07,MODERATE,DEFENSIVE,TQQQ,SQQQ,1,True,3284.08569336,12.9480028152,13.2076768875,3284.08569336,0.0,-0.019660843804087946,,,,,,0.0,0.0,-0.022171228983901448,0.0,96.06783123918241,54.43424579678029,79.41439706222157,EXCELLENT
2020-07-07,2020-09-01,DEFENSIVE,MODERATE,SQQQ,TQQQ,40,False,12.9480028152,2008.15356445,2595.51855469,12.6609296799,0.022673938056519294,-0.2262996691657837,0.03845439684454588,0.08693658708341978,0.041398427413897654,0.08077283840811744,0.15400194374063392,-0.022171228983901448,0.15400194374063392,-0.028656063649077024,0.15400194374063392,95.46521238869614,80.80038874812678,89.5992829324684,EXCELLENT
2020-09-01,2020-09-03,MODERATE,AGGRESSIVE,TQQQ,TQQQ,2,True,20.2188949585,17.5971317291,20.7894668579,20.2188949585,0.0,-0.15355541104638348,0.0282197370613535,,,,,0.0,0.0282197370613535,-0.23651233231478808,0.0282197370613535,100.0,,,EXCELLENT
2020-09-03,2020-09-09,AGGRESSIVE,MODERATE,TQQQ,TQQQ,3,True,17.5971317291,15.7317657471,20.7894668579,14.4869947433,0.21468475973861922,-0.24328190546541462,-0.041223655193783126,,,,,-0.1767411322299095,0.0,-0.1459831478690402,0.0,57.06304805227616,,,FAIR
2020-09-09,2020-10-23,MODERATE,DEFENSIVE,TQQQ,SQQQ,32,False,2440.73974609,16.5929794312,18.3773498535,2255.20410156,0.08227000137223017,-0.09709617744259047,0.05731724761073376,0.024390358568694648,0.027642446388674635,0.13821153174991596,-0.06422743408883691,-0.07601615240921267,0.13821153174991596,-0.15685573883772197,0.13821153174991596,80.5807645114819,81.37114776754439,80.8969178139069,GOOD
2020-10-23,2020-12-02,DEFENSIVE,MODERATE,SQQQ,TQQQ,27,False,16.5929794312,1678.75280762,1939.69372559,13.990275383,0.18603665595908314,-0.13452686603429054,-0.04558532099893631,-0.13768848784951293,-0.15685573883772197,0.08686280820609471,0.03567848726352496,-0.15685573883772197,0.08686280820609471,-0.10283673116517467,0.08686280820609471,62.79266880818337,67.37256164121894,64.6246259413976,FAIR
2020-12-02,2021-01-19,MODERATE,AGGRESSIVE,TQQQ,TQQQ,31,False,19.6411819458,22.0437679291,22.665555954,19.1146812439,0.02754430979946476,-0.027433168908890915,0.004063262675343404,0.03359800249399525,-0.026805958182805956,0.04742554504970564,0.10255305198324494,-0.026805958182805956,0.10255305198324494,-0.022263191096842383,0.10255305198324494,94.49113804010705,70.51061039664899,84.89892698272382,EXCELLENT
2021-01-19,2021-03-04,AGGRESSIVE,MODERATE,TQQQ,TQQQ,31,False,22.0437679291,19.0991954803,25.3051872253,21.5530033112,0.022770126780659483,-0.24524583397649313,0.06970704100325453,0.08635031261090376,0.11769141587973175,0.10039972197667568,0.1636226265265015,-0.022263191096842383,0.18999249218057757,-0.04453027763798978,0.18999249218057757,95.4459746438681,82.7245253053003,90.35739490844098,EXCELLENT
2021-03-04,2021-03-09,MODERATE,DEFENSIVE,TQQQ,SQQQ,3,True,1563.66113281,20.3975696564,23.3826408386,1492.22497559,0.04787224338726492,-0.1276618497801263,-0.045685190813449905,,,,,-0.045685190813449905,0.03553296956364993,-0.008525929148889277,0.03553296956364993,74.46763004397474,51.705185829777854,65.36265235829599,GOOD
2021-03-09,2021-03-11,DEFENSIVE,MODERATE,SQQQ,TQQQ,2,True,20.3975696564,1338.43847656,1619.22265625,20.2236614227,0.008599245708534209,-0.1734067755328198,-0.008525929148889277,,,,,-0.008525929148889277,0.0,-0.17939214307190954,0.0,98.28015085829315,,,EXCELLENT
2021-03-11,2021-03-30,MODERATE,DEFENSIVE,TQQQ,SQQQ,13,False,1338.43847656,20.8073348999,22.3987312317,1289.82189941,0.03769247302456136,-0.0710485033878957,0.024462519363722235,-0.024462519363722346,0.051890339067734104,0.05040764329594172,,-0.03632335591169822,0.051890339067734104,0.0,0.051890339067734104,85.79029932242086,50.0,71.47417959345252,EXCELLENT
2021-03-30,2021-05-06,DEFENSIVE,MODERATE,SQQQ,TQQQ,26,False,20.8073348999,1142.98083496,1168.77722168,20.8073348999,0.0,-0.02207126066584375,0.04488205923981603,0.16395701691793296,0.16979602964034468,0.22086085333408478,0.2437601269264127,0.0,0.2801692101869335,-0.05642370280185571,0.2801692101869335,100.0,98.75202538528254,99.50081015411303,EXCELLENT
2021-05-06,2021-05-12,MODERATE,AGGRESSIVE,TQQQ,TQQQ,4,True,24.137840271,21.0241279602,26.1390037537,22.7560825348,0.060720369338040925,-0.1956798293345814,0.024477091594223177,-0.05724446432185937,,,,-0.05724446432185937,0.024477091594223177,0.0,0.024477091594223177,87.85592613239182,,,EXCELLENT
2021-05-12,2021-06-08,AGGRESSIVE,MODERATE,TQQQ,TQQQ,18,False,21.0241279602,25.0193080902,24.9907188416,21.0241279602,0.0,0.0011439946478213336,0.02107641885736422,0.06912173407862832,0.050538262048795746,0.1648725203234076,,0.0,0.18866850929127743,0.0,0.18866850929127743,100.0,82.97450406468153,93.1898016258726,EXCELLENT
2021-06-08,2021-10-04,MODERATE,AGGRESSIVE,TQQQ,TQQQ,82,False,25.0193080902,28.3593425751,33.7791595459,25.0193080902,0.0,-0.16044854412186937,0.0011425349532825368,0.03999238259078486,0.04932378351755351,0.10026649492287976,0.23062266592256808,0.0,0.23062266592256808,0.0,0.23062266592256808,100.0,96.12453318451361,98.44981327380545,EXCELLENT
2021-10-04,2021-10-25,AGGRESSIVE,MODERATE,TQQQ,TQQQ,15,False,28.3593425751,34.6677742004,34.5319747925,28.3593425751,0.0,0.003932569993926105,0.038474454286469006,0.08761759705535899,0.04712692898859583,0.17422708722233393,,0.0,0.21765780363398401,0.0,0.21765780363398401,100.0,84.84541744446679,93.93816697778672,EXCELLENT
2021-10-25,2021-12-01,MODERATE,AGGRESSIVE,TQQQ,TQQQ,26,False,34.6677742004,36.950050354,42.2007217407,34.6677742004,0.0,-0.12442136461462572,0.009345563009818703,0.05071452315735092,0.07675934361166181,0.16726205219812185,0.17509638313410858,0.0,0.2172896216744451,-0.05680184889309059,0.2172896216744451,100.0,85.01927662682172,94.00771065072868,EXCELLENT
2021-12-01,2021-12-07,AGGRESSIVE,MODERATE,TQQQ,TQQQ,4,True,36.950050354,39.8898620605,40.7379760742,35.7541160583,0.03344885645473461,-0.020818756733403943,0.01882651193531304,-0.009735672294180042,,,,-0.03236624265034416,0.01882651193531304,-0.12631387081905698,0.01882651193531304,93.31022870905308,,,EXCELLENT
2021-12-07,2022-08-16,MODERATE,DEFENSIVE,TQQQ,SQQQ,173,False,600.263244629,18.4107036591,18.5298194885,564.545166016,0.06326877061947545,-0.006428331882775473,-0.011570037681205236,-0.0033056378976300538,0.07272759255813166,0.04793388480213112,0.07933897003378032,-0.05950402416372502,0.12396701357750417,-0.3312630257554282,0.12396701357750417,98.7143336234449,100.0,99.22860017406694,EXCELLENT
2022-08-16,2022-08-22,DEFENSIVE,MODERATE,SQQQ,TQQQ,4,True,18.4107036591,784.608764648,774.290161133,16.8431224823,0.09306951121725393,0.013326533169297994,-0.03467905916156677,-0.08514509851583973,,,,-0.08514509851583973,0.0,-0.05665152084420233,0.0,81.38609775654922,,,GOOD
2022-08-22,2022-12-02,MODERATE,DEFENSIVE,TQQQ,SQQQ,72,False,784.608764648,11.1541023254,11.2875146866,740.159484863,0.06005365153596243,-0.01181946291138658,0.003540559610299754,-0.05665152084420233,0.09054129006431699,0.22129477722046054,0.24127434941913828,-0.05665152084420233,0.24228609345994845,-0.30611382221451466,0.24228609345994845,97.63610741772268,100.0,98.58166445063361,EXCELLENT
2022-12-02,2022-12-05,DEFENSIVE,MODERATE,SQQQ,TQQQ,1,True,11.1541023254,870.133850098,950.89654541,11.1541023254,0.0,-0.08493320929794457,,,,,,0.0,0.0,-0.011630669530739768,0.0,100.0,,,EXCELLENT
2022-12-05,2023-01-10,MODERATE,DEFENSIVE,TQQQ,SQQQ,24,False,870.133850098,8.85560798645,8.62571716309,860.01361084,0.011767533827883758,0.026651792426456655,0.0622576461597244,0.039908607249435235,0.02098051854084737,0.19293057869555663,0.24455725559697905,-0.011630669530739768,0.32827450765170085,0.0,0.32827450765170085,100.0,50.0,80.0,EXCELLENT
2023-01-10,2023-04-20,DEFENSIVE,MODERATE,SQQQ,TQQQ,69,False,8.85560798645,617.061462402,634.686035156,8.85560798645,0.0,-0.02776896257008099,0.04975652013212417,0.08707391023178213,0.05246065542431899,0.159545812959635,0.3515410340445715,0.0,0.45538112153568844,-0.17624168701391174,0.45538112153568844,100.0,100.0,100.0,EXCELLENT
2023-04-20,2023-05-09,MODERATE,AGGRESSIVE,TQQQ,TQQQ,13,False,12.9200639725,13.4355182648,13.7004709244,12.1396598816,0.06428549881227341,-0.019338945432023635,0.0018643797701984877,-0.06040249433447609,0.03243856932071387,-0.008948402859775273,,-0.06040249433447609,0.06040271577300804,0.0,0.06040271577300804,87.14290023754532,56.487713864142776,74.8808256881843,EXCELLENT
2023-05-09,2023-06-20,AGGRESSIVE,MODERATE,TQQQ,TQQQ,28,False,13.4355182648,19.5583362579,20.0400676727,13.4355182648,0.0,-0.02403841257763073,0.032269716943922555,0.030118194268706322,0.049838651766364706,0.10541403484304546,0.25421286325428105,0.0,0.323055058566035,-0.07565708922211156,0.323055058566035,100.0,100.0,100.0,EXCELLENT
2023-06-20,2023-06-27,MODERATE,AGGRESSIVE,TQQQ,TQQQ,5,True,19.5583362579,18.9726295471,20.0400676727,18.0786094666,0.0818495910337449,-0.05326519565870236,-0.04007703769196569,-0.037606147956624425,,,,-0.07565708922211156,0.0,-0.0007640400907008571,0.0,83.63008179325102,,,GOOD
2023-06-27,2023-07-18,AGGRESSIVE,MODERATE,TQQQ,TQQQ,14,False,18.9726295471,22.3844184875,21.8625049591,18.9581336975,0.0007646242943160075,0.02387254019502283,0.006113225513209253,0.04432005558915941,0.0506879276229264,0.06902740310449906,,-0.0007640400907008571,0.1523181277969834,-0.15608805541457782,0.1523181277969834,99.8470751411368,63.805480620899814,85.43043733304201,EXCELLENT
2023-07-18,2023-08-02,MODERATE,AGGRESSIVE,TQQQ,TQQQ,11,False,22.3844184875,20.3064174652,22.3844184875,20.6301994324,0.08503160916345642,-0.09283247735295896,0.0,-0.07836786361368275,-0.05613118809414863,-0.029360809862762682,,-0.07836786361368275,0.0,-0.13374572895757453,0.0,82.99367816730872,44.12783802744747,67.44734211136422,GOOD
2023-08-02,2023-08-18,AGGRESSIVE,MODERATE,TQQQ,TQQQ,12,False,20.3064174652,17.5905208588,20.3740768433,17.6726703644,0.14902937962932006,-0.1366224347688847,-0.00713930732235013,0.0033319209661650806,-0.05497383108630993,-0.09923851333468836,,-0.12970023419017995,0.0033319209661650806,0.0,0.0033319209661650806,70.19412407413598,39.00523378273802,57.718567957576795,GOOD
2023-08-18,2023-08-29,MODERATE,AGGRESSIVE,TQQQ,TQQQ,7,False,17.5905208588,19.9923038483,19.2239227295,17.5905208588,0.0,0.039970048236871225,0.04835164525412572,0.09285693606297385,0.045055033347890516,,,0.0,0.09285693606297385,-0.16336748006547153,0.09285693606297385,100.0,59.0110066695781,83.60440266783124,EXCELLENT
2023-08-29,2023-09-20,AGGRESSIVE,MODERATE,TQQQ,TQQQ,15,False,19.9923038483,18.30717659,20.2484283447,19.1369361877,0.044697210264502685,-0.0958717250372727,0.016678838643618965,0.022238419722587777,-0.0021756915025928913,-0.010394186071640332,,-0.042784846963634604,0.025863968001065052,-0.08635766604029904,0.025863968001065052,91.06055794709947,49.56486169948142,74.46227944805224,EXCELLENT
2023-09-20,2023-10-25,MODERATE,AGGRESSIVE,TQQQ,TQQQ,25,False,18.30717659,15.8920841217,19.0782566071,16.7262115479,0.09452021084227491,-0.16700543194362216,-0.0569535038390101,-0.043708774314062726,-0.08079476711924816,-0.04794705442342595,-0.028344383807574425,-0.08635766604029904,0.042119002529378946,-0.05828502277024916,0.042119002529378946,81.09595783154502,44.33112323848511,66.39002399432106,GOOD
2023-10-25,2023-12-01,AGGRESSIVE,MODERATE,TQQQ,TQQQ,26,False,15.8920841217,21.4545574188,21.6776351929,14.9658136368,0.061892424119351475,-0.010290687711778768,-0.05828502277024916,-0.01403733712278743,0.051876679741096776,0.19469051295639805,0.35489770858931724,-0.05828502277024916,0.36405238148092,-0.03887888793124572,0.36405238148092,87.6215151761297,100.0,92.57290910567782,EXCELLENT
2023-12-01,2024-02-22,MODERATE,AGGRESSIVE,TQQQ,TQQQ,55,False,21.4545574188,29.3080425262,29.3567485809,20.6204280853,0.040451601200977905,-0.0016591093038037519,-0.028481200868984313,-0.03887888793124572,0.013336246943471242,0.11301987213100118,0.09270536780950511,-0.03887888793124572,0.17012318321708575,-0.04005322189807137,0.17012318321708575,91.90967975980442,72.60397442620024,84.18739762636275,EXCELLENT
2024-02-22,2024-03-28,AGGRESSIVE,MODERATE,TQQQ,TQQQ,25,False,29.3080425262,30.0932884216,30.6163539886,28.1341609955,0.04172441932381643,-0.017084515262488886,-0.009140916660009268,-0.0043212043822710156,0.003157650519213906,0.043875658077486834,0.04247144073805842,-0.04005322189807137,0.049193878247280276,-0.1962313540437609,0.049193878247280276,91.65511613523671,58.775131615497365,78.50312232734098,EXCELLENT
2024-03-28,2024-04-22,MODERATE,AGGRESSIVE,TQQQ,TQQQ,16,False,30.0932884216,24.8919754028,30.1617240906,24.188041687,0.2441391002634914,-0.17471642774699125,0.006172631365426673,-0.014295058485241041,-0.02761537754390142,-0.04613384207302218,,-0.1962313540437609,0.006172631365426673,0.0,0.006172631365426673,51.17217994730172,44.47692449121972,48.49407776486892,FAIR
2024-04-22,2024-05-21,AGGRESSIVE,MODERATE,TQQQ,TQQQ,21,False,24.8919754028,31.5647087097,31.4033927917,24.8919754028,0.0,0.005136894572825845,0.04457983578415314,0.03790272972445052,0.0985860840969639,0.15003926267257572,0.2615870088063623,0.0,0.2615870088063623,-0.03159363485250666,0.2615870088063623,100.0,100.0,100.0,EXCELLENT
2024-05-21,2024-07-17,MODERATE,AGGRESSIVE,TQQQ,TQQQ,38,False,31.5647087097,36.3864746094,41.6763725281,30.5674648285,0.032624356870780025,-0.12692798335875632,-0.0006194937003803913,0.012080006294587609,0.0017037285277867742,0.04460282127258641,0.1629239425871729,-0.03159363485250666,0.19095585122405168,-0.28267029728796245,0.19095585122405168,93.475128625844,82.58478851743459,89.11899258248023,EXCELLENT
2024-07-17,2024-07-24,AGGRESSIVE,MODERATE,TQQQ,TQQQ,5,True,36.3864746094,32.1172599792,41.6763725281,34.8701591492,0.043484615418934336,-0.2293652726722999,-0.014969655594479603,0.00013471725559099923,,,,-0.04167250266691891,0.00013471725559099923,-0.18731862458990045,0.00013471725559099923,91.30307691621313,,,EXCELLENT
2024-07-24,2024-09-27,MODERATE,DEFENSIVE,TQQQ,SQQQ,46,False,197.771743774,35.4107589722,36.031047821,171.576812744,0.15267174282508655,-0.01721539856075116,0.03421635810994772,-0.0011036813087385022,-0.05187633923946211,0.1953642453097464,-0.1324503214166619,-0.1324503214166619,0.1953642453097464,-0.03489516755825772,0.1953642453097464,96.55692028784976,56.979033511651544,80.72576557737048,EXCELLENT
2024-09-27,2024-10-02,DEFENSIVE,MODERATE,SQQQ,TQQQ,3,True,35.4107589722,170.755111694,183.364532471,34.1750946045,0.036156867508343016,-0.06876695622145046,0.0077853275304387015,,,,,-0.03489516755825772,0.0077853275304387015,-0.09778343569545223,0.0077853275304387015,92.7686264983314,,,EXCELLENT
2024-10-02,2024-11-06,MODERATE,AGGRESSIVE,TQQQ,TQQQ,25,False,34.3030967712,38.8223609924,37.847618103,34.2243270874,0.0023015699797062084,0.025754405118633805,-0.002296284919271141,-0.0011483092667329275,0.06730775967254532,0.049368513306408346,0.07878862824621446,-0.002296284919271141,0.10332948524857044,-0.058204396972207695,0.10332948524857044,99.53968600405875,65.7577256492429,86.0269018621324,EXCELLENT
2024-11-06,2024-11-27,AGGRESSIVE,MODERATE,TQQQ,TQQQ,15,False,38.8223609924,38.3497619629,40.2647857666,36.5627288818,0.06180151700123204,-0.04756075978649643,0.0467916583681145,0.04742573215628054,0.03715448358440576,-0.02105001164818332,,-0.058204396972207695,0.04932795351562702,0.0,0.04932795351562702,87.63969659975359,57.43089671688115,75.55617664660461,EXCELLENT
2024-11-27,2024-12-18,MODERATE,AGGRESSIVE,TQQQ,TQQQ,14,False,38.3497619629,40.4124755859,45.9261741638,38.3497619629,0.0,-0.12005569108009906,0.025545500121949782,0.06816413943400468,0.09807443629607304,0.12349132014121844,,0.0,0.19756086643326531,-0.07404373163033873,0.19756086643326531,100.0,74.69826402824368,89.87930561129747,EXCELLENT
2024-12-18,2025-02-18,AGGRESSIVE,MODERATE,TQQQ,TQQQ,39,False,40.4124755859,44.6463890076,44.3697929382,37.4201850891,0.07996460973336039,0.006233882357423948,-0.014130883768457836,0.03962303547320145,0.0786118373161091,0.0071119309553082655,0.033022909058449956,-0.07404373163033873,0.08093421414502955,-0.3606593269896696,0.08093421414502955,84.00707805332792,65.72236746322181,76.69319381728548,GOOD
2025-02-18,2025-02-27,MODERATE,AGGRESSIVE,TQQQ,TQQQ,7,False,44.6463890076,35.3851890564,44.6513252258,38.3388977051,0.16451937014508755,-0.20752208635558989,0.0001105625406605526,-0.07390200245619749,-0.14127662824929232,,,-0.14127662824929232,0.0001105625406605526,-0.19332768435676062,0.0001105625406605526,67.09612597098248,21.744674350141537,48.95554532264611,FAIR
2025-02-27,2025-03-03,AGGRESSIVE,MODERATE,TQQQ,TQQQ,2,True,35.3851890564,34.6146583557,44.6513252258,35.3851890564,0.0,-0.224778700729373,0.04578442359083512,,,,,0.0,0.04578442359083512,-0.1799507385077017,0.04578442359083512,100.0,,,EXCELLENT
2025-03-03,2025-03-17,MODERATE,DEFENSIVE,TQQQ,SQQQ,10,False,152.911315918,31.1620845795,35.567943573,148.703170776,0.028298960405753304,-0.12387162570862076,0.011366906703831337,0.052049076775116054,0.14777138377461374,,,-0.02752016825397452,0.1827698011309189,-0.3816014499306901,0.1827698011309189,75.22567485827585,100.0,85.1354049149655,GOOD
2025-03-17,2025-03-18,DEFENSIVE,MODERATE,SQQQ,TQQQ,1,True,31.1620845795,173.082992554,180.858886719,31.1620845795,0.0,-0.042994260918355676,,,,,,0.0,0.0,-0.11416502992825861,0.0,100.0,,,EXCELLENT
2025-03-18,2025-05-08,MODERATE,DEFENSIVE,TQQQ,SQQQ,36,False,173.082992554,29.282377243,29.4409008026,153.322967529,0.12887844100240553,-0.005384467026430251,-0.03805506874943243,-0.03805506874943243,-0.11416502992825861,0.0038640883955791683,-0.05244240872001393,-0.11416502992825861,0.4202639351021491,-0.002368489768588722,0.4202639351021491,98.92310659471394,50.473697953717746,79.54334313831546,EXCELLENT
2025-05-08,2025-06-04,DEFENSIVE,MODERATE,SQQQ,TQQQ,18,False,29.282377243,104.325332642,116.762702942,29.2130222321,0.002374112830537234,-0.10651834863893195,-0.002368489768588722,0.16968351330791576,0.19404491767342136,0.1553037411293896,,-0.002368489768588722,0.23972259970723742,-0.13853356667258399,0.23972259970723742,99.52517743389255,88.80898353468427,95.23869987420923,EXCELLENT
2025-06-04,2025-10-13,MODERATE,AGGRESSIVE,TQQQ,TQQQ,90,False,36.5942993164,51.3310546875,54.1405143738,35.7422332764,0.023839194193906232,-0.051892002113293034,-0.023284119546405302,0.009070073771060061,0.018004631721551423,-0.005550206734221352,0.15131164718922463,-0.023284119546405302,0.15131164718922463,-0.020342924799756523,0.15131164718922463,95.23216116121876,80.26232943784493,89.24422847186922,EXCELLENT
2025-10-13,2025-11-20,AGGRESSIVE,MODERATE,TQQQ,TQQQ,28,False,51.3310546875,46.1944732666,56.0449790955,50.2868309021,0.020765352810419246,-0.17576071912017044,-0.020342924799756523,-0.01143077711479179,0.04514196059883946,0.12786984487576425,0.0918337726878602,-0.020342924799756523,0.16836195375125462,0.0,0.16836195375125462,95.84692943791615,75.57396897515285,87.73774525281084,EXCELLENT
2025-11-20,2025-11-25,MODERATE,DEFENSIVE,TQQQ,SQQQ,3,True,77.2355499268,51.7238807678,55.58253479,69.8288879395,0.10606873753620638,-0.06942205922739275,-0.021131993166966123,,,,,-0.09589705769324697,0.0,-0.05018266323542908,0.0,86.11558815452145,60.03653264708582,75.6839659515472,EXCELLENT
2025-11-25,2025-12-16,DEFENSIVE,MODERATE,SQQQ,TQQQ,14,False,51.7238807678,67.9294891357,68.330368042,51.7238807678,0.0,-0.005866775165818017,0.026148849794773943,0.03922316406627768,0.07075570253379615,0.0892136317268113,,0.0,0.0892136317268113,-0.07281218474968043,0.0892136317268113,100.0,67.84272634536225,87.1370905381449,EXCELLENT
2025-12-16,2026-02-06,MODERATE,AGGRESSIVE,TQQQ,TQQQ,35,False,52.0421257019,50.3904762268,56.8349571228,49.128238678,0.05931185612002943,-0.11338938607934168,-0.05599093012823675,0.02274028184357557,0.05121329759215998,0.009030142573189348,0.040801593195154195,-0.05599093012823675,0.06970202230166711,-0.060288680297969854,0.06970202230166711,88.13762877599412,60.24265951843199,76.97964107296926,EXCELLENT
2026-02-06,2026-03-27,AGGRESSIVE,MODERATE,TQQQ,TQQQ,34,False,50.3904762268,38.6909141541,47.9700584412,47.3525009155,0.06415659685475172,-0.19343616807292507,0.02273171682173536,0.016011054417677917,-0.041905556135167665,-0.046451960062149245,-0.02372016753563233,-0.060288680297969854,0.025301370726516836,-0.022949954308740694,0.025301370726516836,87.16868062904966,45.25596649287353,70.4035949745792,EXCELLENT
2026-03-27,2026-04-20,MODERATE,DEFENSIVE,TQQQ,SQQQ,15,False,86.0448989868,57.9465827942,58.4554100037,55.5029983521,0.5502747876961214,-0.0087045358071699,0.022878102357956065,-0.11404710217865943,-0.1315488447181098,-0.24994278723250352,,-0.3549530651362074,0.022878102357956065,-0.011708025931563726,0.022878102357956065,98.25909283856602,52.34160518631275,79.8920977776647,EXCELLENT
2026-04-20,2026-06-03,DEFENSIVE,MODERATE,SQQQ,TQQQ,31,False,57.9465827942,36.6050071716,43.6720695496,57.2681427002,0.011846727726995576,-0.161821101012254,-0.011708025931563726,0.019628054628164193,0.07851235017702152,0.1175964423200131,0.2796143130086657,-0.011708025931563726,0.359331902116653,-0.02366216493114115,0.359331902116653,97.63065445460089,100.0,98.57839267276053,EXCELLENT
2026-06-03,2026-06-05,MODERATE,AGGRESSIVE,TQQQ,TQQQ,2,True,86.3611526489,72.882194519,87.0196456909,85.0242385864,0.015723916905665103,-0.1624627526307938,-0.015480502766506699,,,,,-0.015480502766506699,0.0,-0.05174548025878711,0.0,96.85521661886698,,,EXCELLENT
2026-06-05,2026-06-08,AGGRESSIVE,MODERATE,TQQQ,TQQQ,1,True,72.882194519,76.0947952271,87.0196456909,72.882194519,0.0,-0.1255446442818885,,,,,,0.0,0.0,-0.09177927143317643,0.0,100.0,,,EXCELLENT
2026-06-08,2026-07-28,MODERATE,DEFENSIVE,TQQQ,SQQQ,34,False,40.6109886169,61.5600013733,75.0199966431,35.7388534546,0.13632600633059488,-0.17941876662344525,0.03417353885894969,-0.010421638246547849,-0.11997085833740317,-0.016965549359054033,-0.013074953451860494,-0.11997085833740317,0.096703838004222,-0.06189085913426384,0.096703838004222,64.11624667531095,62.378171826852764,63.42101673592767,FAIR
2026-07-28,2026-07-29,DEFENSIVE,MODERATE,SQQQ,TQQQ,1,True,61.5600013733,49.4399986267,46.5099983215,61.5600013733,0.0,0.06299721373770861,,,,,,0.0,0.0,-0.27103555993958606,0.0,100.0,,,EXCELLENT
2026-07-29,2026-08-04,MODERATE,DEFENSIVE,TQQQ,SQQQ,4,True,49.4399986267,74.8199996948,71.3700027466,41.4300003052,0.19333811881470475,0.0483395938830109,-0.09749190592001689,-0.16201453365684804,,,,-0.16201453365684804,0.0,-0.03728950717563162,0.0,100.0,57.457901435126324,82.98316057405053,EXCELLENT
2026-08-04,2026-08-05,DEFENSIVE,MODERATE,SQQQ,TQQQ,1,True,74.8199996948,38.2900009155,49.4399986267,74.8199996948,0.0,-0.22552584993759406,,,,,,0.0,0.0,-0.05876207746678819,0.0,100.0,,,EXCELLENT
2026-08-05,,MODERATE,DEFENSIVE,TQQQ,SQQQ,8,False,38.2900009155,,,36.0400009155,0.06243063104452706,,0.010707752353017685,-0.014625264035272312,-0.025333016388289997,,,-0.05876207746678819,0.010707752353017685,,0.010707752353017685,,,,N/A
